"INDICATOR","EPW_30"

"EPW_30","Medical doctors  per 10 000 population"

"UNIT_TYPE","Unit"
"PROFESS_10K","Persons per 10 000 population"

"EXTERNID","ID in the originating data source"

"DATA_SOURCE","Data source"
"EPW","Indicators for European Programme of Work"

"DATA_TYPE_REPRESENTATION","Data type representation"
"RATIO","Ratio"

"DATA_SET","Data set"
"EPW","European Programme of Work, 2020 – 2025"

"DATA_MASK","Mask for controlling the output format of values"

"SEX","Sex"
"FEMALE","Female"
"MALE","Male"
"ALL","All"

"COUNTRY","COUNTRY_GRP","SEX","YEAR","VALUE"
"ALB","","ALL","1989","13.71"
"ALB","","ALL","1990","13.74"
"ALB","","ALL","1991","14.61"
"ALB","","ALL","1992","16.22"
"ALB","","ALL","1993","14.13"
"ALB","","ALL","1994","13.45"
"ALB","","ALL","1995","13.63"
"ALB","","ALL","1996","13.81"
"ALB","","ALL","1997","13.89"
"ALB","","ALL","1998","13.9"
"ALB","","ALL","2000","13.82"
"ALB","","ALL","2001","13.1"
"ALB","","ALL","2002","11.69"
"ALB","","ALL","2003","11.86"
"ALB","","ALL","2004","11.91"
"ALB","","ALL","2006","11.84"
"ALB","","ALL","2007","11.95"
"ALB","","ALL","2009","12.3"
"ALB","","ALL","2010","12.35"
"ALB","","ALL","2011","12.22"
"ALB","","ALL","2012","12.68"
"ALB","","ALL","2013","12.77"
"ALB","","ALL","2016","12.16"
"ALB","","ALL","2018","21.58"
"ALB","","ALL","2019","16.47"
"ALB","","ALL","2020","18.75"
"AND","","ALL","1995","22.39"
"AND","","ALL","1997","24.57"
"AND","","ALL","1998","25.26"
"AND","","ALL","2000","25.69"
"AND","","ALL","2001","25.99"
"AND","","ALL","2002","28.98"
"AND","","ALL","2003","33.34"
"AND","","ALL","2004","31.34"
"AND","","ALL","2005","32.33"
"AND","","ALL","2006","30.13"
"AND","","ALL","2007","30.12"
"AND","","ALL","2009","31.49"
"AND","","ALL","2015","33.34"
"ARM","","ALL","2000","27.01"
"ARM","","ALL","2001","26.19"
"ARM","","ALL","2002","25.63"
"ARM","","ALL","2003","24.56"
"ARM","","ALL","2004","24.6"
"ARM","","ALL","2005","25.64"
"ARM","","ALL","2006","25.9"
"ARM","","ALL","2007","26.72"
"ARM","","ALL","2008","27.43"
"ARM","","ALL","2009","27.68"
"ARM","","ALL","2010","28.42"
"ARM","","ALL","2011","28.68"
"ARM","","ALL","2012","28.97"
"ARM","","ALL","2013","29.03"
"ARM","","ALL","2014","28.93"
"ARM","","ALL","2015","29.14"
"ARM","","ALL","2017","44.02"
"AUT","","ALL","1970","16.55"
"AUT","","ALL","1971","16.88"
"AUT","","ALL","1972","17.07"
"AUT","","ALL","1973","17.58"
"AUT","","ALL","1974","18.02"
"AUT","","ALL","1975","18.57"
"AUT","","ALL","1976","19.32"
"AUT","","ALL","1977","19.95"
"AUT","","ALL","1978","20.55"
"AUT","","ALL","1979","21.17"
"AUT","","ALL","1980","21.9"
"AUT","","ALL","1981","22.56"
"AUT","","ALL","1982","23.24"
"AUT","","ALL","1983","24.13"
"AUT","","ALL","1984","24.95"
"AUT","","ALL","1985","25.5"
"AUT","","ALL","1986","26.53"
"AUT","","ALL","1987","26.82"
"AUT","","ALL","1988","27.76"
"AUT","","ALL","1989","28.77"
"AUT","","ALL","1990","29.91"
"AUT","","ALL","1991","30.81"
"AUT","","ALL","1992","32.17"
"AUT","","ALL","1993","33.02"
"AUT","","ALL","1994","34.03"
"AUT","","ALL","1995","34.93"
"AUT","","ALL","1996","35.62"
"AUT","","ALL","1997","36.38"
"AUT","","ALL","1998","37.64"
"AUT","","ALL","1999","37.61"
"AUT","","ALL","2000","38.49"
"AUT","","ALL","2001","39.62"
"AUT","","ALL","2002","40.34"
"AUT","","ALL","2003","41.17"
"AUT","","ALL","2004","42.1"
"AUT","","ALL","2005","43.36"
"AUT","","ALL","2006","44.68"
"AUT","","ALL","2007","45.53"
"AUT","","ALL","2008","46.17"
"AUT","","ALL","2009","47.06"
"AUT","","ALL","2010","48.02"
"AUT","","ALL","2011","48.4"
"AUT","","ALL","2012","48.86"
"AUT","","ALL","2013","49.74"
"AUT","","ALL","2014","50.36"
"AUT","","ALL","2015","51.04"
"AUT","","ALL","2016","51.23"
"AUT","","ALL","2017","51.7"
"AUT","","ALL","2018","52.11"
"AUT","","ALL","2019","52.73"
"AUT","","ALL","2020","52.93"
"AZE","","ALL","1990","37.96"
"AZE","","ALL","1991","38.23"
"AZE","","ALL","1992","37.71"
"AZE","","ALL","1993","38.02"
"AZE","","ALL","1994","37.51"
"AZE","","ALL","1995","37.58"
"AZE","","ALL","1996","37.17"
"AZE","","ALL","1997","36.43"
"AZE","","ALL","1998","35.64"
"AZE","","ALL","1999","35.37"
"AZE","","ALL","2000","35.74"
"AZE","","ALL","2001","35.48"
"AZE","","ALL","2002","35.62"
"AZE","","ALL","2003","35.5"
"AZE","","ALL","2004","35.57"
"AZE","","ALL","2005","35.82"
"AZE","","ALL","2006","35.65"
"AZE","","ALL","2007","37.12"
"AZE","","ALL","2008","36.84"
"AZE","","ALL","2009","36.75"
"AZE","","ALL","2010","36.63"
"AZE","","ALL","2011","34.38"
"AZE","","ALL","2012","34.9"
"AZE","","ALL","2013","34.56"
"AZE","","ALL","2014","34.46"
"AZE","","ALL","2015","33.73"
"AZE","","ALL","2016","33.06"
"AZE","","ALL","2017","32.37"
"AZE","","ALL","2018","32.65"
"AZE","","ALL","2019","31.68"
"BEL","","ALL","1971","15.41"
"BEL","","ALL","1972","16.39"
"BEL","","ALL","1973","16.95"
"BEL","","ALL","1974","17.72"
"BEL","","ALL","1975","18.94"
"BEL","","ALL","1976","19.15"
"BEL","","ALL","1977","20.07"
"BEL","","ALL","1978","21.49"
"BEL","","ALL","1979","22.36"
"BEL","","ALL","1980","23.06"
"BEL","","ALL","1981","24.22"
"BEL","","ALL","1982","25.11"
"BEL","","ALL","1983","28.01"
"BEL","","ALL","1984","27.35"
"BEL","","ALL","1985","28.22"
"BEL","","ALL","1986","29.03"
"BEL","","ALL","1987","29.99"
"BEL","","ALL","1988","30.81"
"BEL","","ALL","1989","32.2"
"BEL","","ALL","1990","32.53"
"BEL","","ALL","1991","33.14"
"BEL","","ALL","1992","33.8"
"BEL","","ALL","1993","34.33"
"BEL","","ALL","1994","34.94"
"BEL","","ALL","1995","35.26"
"BEL","","ALL","1996","35.9"
"BEL","","ALL","1997","36.63"
"BEL","","ALL","1998","37.23"
"BEL","","ALL","1999","27.93"
"BEL","","ALL","2000","28.2"
"BEL","","ALL","2001","28.4"
"BEL","","ALL","2002","28.5"
"BEL","","ALL","2003","28.45"
"BEL","","ALL","2004","28.52"
"BEL","","ALL","2005","28.52"
"BEL","","ALL","2006","28.66"
"BEL","","ALL","2007","28.86"
"BEL","","ALL","2008","29.02"
"BEL","","ALL","2009","29.08"
"BEL","","ALL","2010","29.08"
"BEL","","ALL","2011","29.22"
"BEL","","ALL","2012","29.39"
"BEL","","ALL","2013","29.58"
"BEL","","ALL","2014","29.72"
"BEL","","ALL","2015","30.14"
"BEL","","ALL","2016","30.68"
"BEL","","ALL","2017","30.71"
"BEL","","ALL","2018","31.15"
"BEL","","ALL","2019","31.49"
"BEL","","ALL","2020","60.79"
"BGR","","ALL","1988","31.05"
"BGR","","ALL","1989","31.71"
"BGR","","ALL","1990","32.23"
"BGR","","ALL","1991","30.52"
"BGR","","ALL","1992","31.16"
"BGR","","ALL","1993","33.18"
"BGR","","ALL","1994","33.15"
"BGR","","ALL","1995","34.69"
"BGR","","ALL","1996","35.69"
"BGR","","ALL","1997","34.89"
"BGR","","ALL","1998","34.99"
"BGR","","ALL","2000","34.42"
"BGR","","ALL","2001","34.28"
"BGR","","ALL","2002","35.2"
"BGR","","ALL","2003","36.04"
"BGR","","ALL","2004","35.39"
"BGR","","ALL","2005","36.65"
"BGR","","ALL","2006","36.81"
"BGR","","ALL","2007","36.8"
"BGR","","ALL","2008","36.49"
"BGR","","ALL","2009","37.4"
"BGR","","ALL","2010","37.66"
"BGR","","ALL","2011","38.47"
"BGR","","ALL","2012","39"
"BGR","","ALL","2013","39.63"
"BGR","","ALL","2014","39.75"
"BGR","","ALL","2015","40.33"
"BGR","","ALL","2018","42.07"
"BIH","","ALL","1988","14.82"
"BIH","","ALL","1989","15.32"
"BIH","","ALL","1990","15.75"
"BIH","","ALL","1991","16.08"
"BIH","","ALL","2000","14.55"
"BIH","","ALL","2001","14.5"
"BIH","","ALL","2002","14.48"
"BIH","","ALL","2003","14.78"
"BIH","","ALL","2004","15.09"
"BIH","","ALL","2005","15.33"
"BIH","","ALL","2006","15.75"
"BIH","","ALL","2007","16.43"
"BIH","","ALL","2008","16.71"
"BIH","","ALL","2009","17.38"
"BIH","","ALL","2010","17.99"
"BIH","","ALL","2011","18.79"
"BIH","","ALL","2012","19.49"
"BIH","","ALL","2013","20.36"
"BIH","","ALL","2014","21.33"
"BIH","","ALL","2015","21.62"
"BLR","","ALL","1980","23.8"
"BLR","","ALL","1981","24.27"
"BLR","","ALL","1982","24.99"
"BLR","","ALL","1983","25.62"
"BLR","","ALL","1984","26.01"
"BLR","","ALL","1985","26.56"
"BLR","","ALL","1986","27.09"
"BLR","","ALL","1987","27.56"
"BLR","","ALL","1988","27.97"
"BLR","","ALL","1989","28.96"
"BLR","","ALL","1990","29.11"
"BLR","","ALL","1991","28.96"
"BLR","","ALL","1992","29.41"
"BLR","","ALL","1993","29.57"
"BLR","","ALL","1994","30.19"
"BLR","","ALL","1995","30.5"
"BLR","","ALL","1996","31.18"
"BLR","","ALL","1997","31.61"
"BLR","","ALL","1998","32.26"
"BLR","","ALL","1999","32.9"
"BLR","","ALL","2000","33"
"BLR","","ALL","2001","32.8"
"BLR","","ALL","2002","32.99"
"BLR","","ALL","2003","33.18"
"BLR","","ALL","2004","33.02"
"BLR","","ALL","2005","33.15"
"BLR","","ALL","2006","33.79"
"BLR","","ALL","2007","35.31"
"BLR","","ALL","2008","31.48"
"BLR","","ALL","2009","32.84"
"BLR","","ALL","2010","32.5"
"BLR","","ALL","2011","47.61"
"BLR","","ALL","2012","48.35"
"BLR","","ALL","2013","48.53"
"BLR","","ALL","2014","50.12"
"BLR","","ALL","2015","51.9"
"BLR","","ALL","2016","43.95"
"BLR","","ALL","2017","44.48"
"BLR","","ALL","2018","44.99"
"BLR","","ALL","2019","45.38"
"CHE","","ALL","1970","15"
"CHE","","ALL","1971","15.57"
"CHE","","ALL","1972","16.33"
"CHE","","ALL","1973","17.09"
"CHE","","ALL","1974","17.92"
"CHE","","ALL","1975","18.79"
"CHE","","ALL","1976","19.83"
"CHE","","ALL","1977","20.8"
"CHE","","ALL","1978","22.07"
"CHE","","ALL","1979","23.61"
"CHE","","ALL","1980","24.81"
"CHE","","ALL","1981","25.91"
"CHE","","ALL","1982","26.1"
"CHE","","ALL","1983","26.27"
"CHE","","ALL","1984","26.47"
"CHE","","ALL","1985","27.45"
"CHE","","ALL","1986","28.37"
"CHE","","ALL","1987","29.22"
"CHE","","ALL","1988","29.98"
"CHE","","ALL","1989","29.46"
"CHE","","ALL","1990","30.11"
"CHE","","ALL","1991","30.65"
"CHE","","ALL","1992","30.48"
"CHE","","ALL","1993","30.92"
"CHE","","ALL","1994","31.4"
"CHE","","ALL","1995","31.84"
"CHE","","ALL","1996","32.28"
"CHE","","ALL","1997","32.74"
"CHE","","ALL","1998","33.39"
"CHE","","ALL","1999","33.77"
"CHE","","ALL","2000","35.3"
"CHE","","ALL","2001","35.37"
"CHE","","ALL","2002","35.9"
"CHE","","ALL","2003","36.91"
"CHE","","ALL","2004","37.26"
"CHE","","ALL","2005","37.62"
"CHE","","ALL","2006","38"
"CHE","","ALL","2007","37.92"
"CHE","","ALL","2008","38.3"
"CHE","","ALL","2009","38.48"
"CHE","","ALL","2010","38.17"
"CHE","","ALL","2011","38.35"
"CHE","","ALL","2012","39.1"
"CHE","","ALL","2013","40.3"
"CHE","","ALL","2014","41.17"
"CHE","","ALL","2015","41.9"
"CHE","","ALL","2016","42.47"
"CHE","","ALL","2017","42.96"
"CHE","","ALL","2018","43.33"
"CHE","","ALL","2019","43.42"
"CHE","","ALL","2020","43.8"
"CYP","","ALL","1970","8.34"
"CYP","","ALL","1976","7.27"
"CYP","","ALL","1980","8.17"
"CYP","","ALL","1985","24.04"
"CYP","","ALL","1986","12.79"
"CYP","","ALL","1987","13.78"
"CYP","","ALL","1988","14.69"
"CYP","","ALL","1989","15.59"
"CYP","","ALL","1990","15.63"
"CYP","","ALL","1991","16.15"
"CYP","","ALL","1992","17.09"
"CYP","","ALL","1993","17.6"
"CYP","","ALL","1994","18.25"
"CYP","","ALL","1995","18.79"
"CYP","","ALL","1996","18.83"
"CYP","","ALL","1997","18.91"
"CYP","","ALL","1998","18.94"
"CYP","","ALL","2000","19.08"
"CYP","","ALL","2001","19.15"
"CYP","","ALL","2002","18.78"
"CYP","","ALL","2003","18.62"
"CYP","","ALL","2004","19.12"
"CYP","","ALL","2005","18.97"
"CYP","","ALL","2006","18.37"
"CYP","","ALL","2007","20.15"
"CYP","","ALL","2008","20.51"
"CYP","","ALL","2009","21.06"
"CYP","","ALL","2010","21.56"
"CYP","","ALL","2011","22.48"
"CYP","","ALL","2012","22.96"
"CYP","","ALL","2013","24.08"
"CYP","","ALL","2014","24.99"
"CYP","","ALL","2015","26.24"
"CYP","","ALL","2016","19.51"
"CYP","","ALL","2017","28.19"
"CYP","","ALL","2018","29.8"
"CYP","","ALL","2019","31.44"
"CZE","","ALL","1970","17.86"
"CZE","","ALL","1971","18.63"
"CZE","","ALL","1972","19.04"
"CZE","","ALL","1973","19.4"
"CZE","","ALL","1974","19.75"
"CZE","","ALL","1975","20.1"
"CZE","","ALL","1976","20.51"
"CZE","","ALL","1977","20.97"
"CZE","","ALL","1978","21.37"
"CZE","","ALL","1979","21.88"
"CZE","","ALL","1980","22.52"
"CZE","","ALL","1981","23.09"
"CZE","","ALL","1982","23.72"
"CZE","","ALL","1983","24.47"
"CZE","","ALL","1984","25.01"
"CZE","","ALL","1985","25.79"
"CZE","","ALL","1986","26.1"
"CZE","","ALL","1987","26.28"
"CZE","","ALL","1988","27.02"
"CZE","","ALL","1989","27.28"
"CZE","","ALL","1990","27.11"
"CZE","","ALL","1991","26.65"
"CZE","","ALL","1992","26.7"
"CZE","","ALL","1993","28.56"
"CZE","","ALL","1994","29.25"
"CZE","","ALL","1995","29.87"
"CZE","","ALL","1996","29.74"
"CZE","","ALL","1997","31.02"
"CZE","","ALL","1998","30.22"
"CZE","","ALL","1999","30.71"
"CZE","","ALL","2000","33.63"
"CZE","","ALL","2001","34.29"
"CZE","","ALL","2002","34.87"
"CZE","","ALL","2003","35.12"
"CZE","","ALL","2004","35.07"
"CZE","","ALL","2005","35.47"
"CZE","","ALL","2006","35.53"
"CZE","","ALL","2007","35.54"
"CZE","","ALL","2008","35.41"
"CZE","","ALL","2009","35.61"
"CZE","","ALL","2010","35.74"
"CZE","","ALL","2011","36.12"
"CZE","","ALL","2012","36.5"
"CZE","","ALL","2013","36.63"
"CZE","","ALL","2014","39.35"
"CZE","","ALL","2015","39.52"
"CZE","","ALL","2016","40.19"
"CZE","","ALL","2017","40.68"
"CZE","","ALL","2018","40.24"
"CZE","","ALL","2019","40.6"
"CZE","","ALL","2020","41.53"
"DEU","","ALL","1991","27.73"
"DEU","","ALL","1992","28.5"
"DEU","","ALL","1993","29.42"
"DEU","","ALL","1994","30.11"
"DEU","","ALL","1995","30.74"
"DEU","","ALL","1996","31.23"
"DEU","","ALL","1997","31.41"
"DEU","","ALL","1998","31.87"
"DEU","","ALL","1999","32.24"
"DEU","","ALL","2000","32.78"
"DEU","","ALL","2001","33.29"
"DEU","","ALL","2002","33.6"
"DEU","","ALL","2003","33.9"
"DEU","","ALL","2004","34.1"
"DEU","","ALL","2005","34.31"
"DEU","","ALL","2006","34.75"
"DEU","","ALL","2007","35.29"
"DEU","","ALL","2008","35.86"
"DEU","","ALL","2009","36.64"
"DEU","","ALL","2010","37.57"
"DEU","","ALL","2011","38.49"
"DEU","","ALL","2012","39.2"
"DEU","","ALL","2013","40.09"
"DEU","","ALL","2014","40.85"
"DEU","","ALL","2015","41.34"
"DEU","","ALL","2016","41.94"
"DEU","","ALL","2017","42.49"
"DEU","","ALL","2018","43"
"DEU","","ALL","2019","43.72"
"DEU","","ALL","2020","44.35"
"DNK","","ALL","1980","17.73"
"DNK","","ALL","1981","18.33"
"DNK","","ALL","1982","20.45"
"DNK","","ALL","1983","21.13"
"DNK","","ALL","1984","22.59"
"DNK","","ALL","1985","23"
"DNK","","ALL","1986","23.48"
"DNK","","ALL","1987","23.55"
"DNK","","ALL","1988","24.23"
"DNK","","ALL","1989","24.6"
"DNK","","ALL","1990","24.95"
"DNK","","ALL","1991","24.31"
"DNK","","ALL","1992","25.97"
"DNK","","ALL","1993","26.14"
"DNK","","ALL","1994","26.41"
"DNK","","ALL","1995","26.83"
"DNK","","ALL","1996","27.04"
"DNK","","ALL","1997","27.8"
"DNK","","ALL","1998","28.57"
"DNK","","ALL","1999","28.83"
"DNK","","ALL","2000","29.12"
"DNK","","ALL","2001","29.33"
"DNK","","ALL","2002","30.38"
"DNK","","ALL","2003","30.83"
"DNK","","ALL","2004","32.28"
"DNK","","ALL","2005","33.33"
"DNK","","ALL","2006","34.19"
"DNK","","ALL","2007","34.53"
"DNK","","ALL","2008","35.77"
"DNK","","ALL","2009","36.49"
"DNK","","ALL","2010","37.21"
"DNK","","ALL","2011","37.81"
"DNK","","ALL","2012","38.24"
"DNK","","ALL","2013","38.34"
"DNK","","ALL","2014","38.63"
"DNK","","ALL","2015","39.26"
"DNK","","ALL","2016","40.1"
"DNK","","ALL","2017","41.32"
"DNK","","ALL","2018","42.25"
"ESP","","ALL","1970","13.38"
"ESP","","ALL","1971","13.84"
"ESP","","ALL","1972","14.21"
"ESP","","ALL","1973","14.71"
"ESP","","ALL","1974","15.37"
"ESP","","ALL","1975","15.2"
"ESP","","ALL","1976","17.81"
"ESP","","ALL","1977","18.84"
"ESP","","ALL","1978","20.27"
"ESP","","ALL","1979","21.84"
"ESP","","ALL","1980","18.28"
"ESP","","ALL","1981","25.43"
"ESP","","ALL","1982","27.42"
"ESP","","ALL","1983","30"
"ESP","","ALL","1984","31.45"
"ESP","","ALL","1985","20.32"
"ESP","","ALL","1986","33.74"
"ESP","","ALL","1987","34.76"
"ESP","","ALL","1988","35.6"
"ESP","","ALL","1989","36.76"
"ESP","","ALL","1990","20.3"
"ESP","","ALL","1991","39.01"
"ESP","","ALL","1992","39.61"
"ESP","","ALL","1993","40.29"
"ESP","","ALL","1994","40.87"
"ESP","","ALL","1995","40.88"
"ESP","","ALL","1996","27.46"
"ESP","","ALL","1997","28.69"
"ESP","","ALL","1998","29.24"
"ESP","","ALL","1999","30.45"
"ESP","","ALL","2000","31.16"
"ESP","","ALL","2001","31"
"ESP","","ALL","2002","30.93"
"ESP","","ALL","2003","31.93"
"ESP","","ALL","2004","34.13"
"ESP","","ALL","2005","35.16"
"ESP","","ALL","2006","35.98"
"ESP","","ALL","2007","35.45"
"ESP","","ALL","2008","35.36"
"ESP","","ALL","2009","35.81"
"ESP","","ALL","2010","37.3"
"ESP","","ALL","2011","38.07"
"ESP","","ALL","2012","38"
"ESP","","ALL","2013","37.86"
"ESP","","ALL","2014","37.77"
"ESP","","ALL","2015","38.27"
"ESP","","ALL","2016","38.11"
"ESP","","ALL","2017","38.72"
"ESP","","ALL","2018","40.3"
"ESP","","ALL","2019","44.41"
"EST","","ALL","1970","28.38"
"EST","","ALL","1971","29.02"
"EST","","ALL","1972","29.72"
"EST","","ALL","1973","30.83"
"EST","","ALL","1974","31.28"
"EST","","ALL","1975","31.95"
"EST","","ALL","1976","32.95"
"EST","","ALL","1977","33.89"
"EST","","ALL","1978","34.84"
"EST","","ALL","1979","35.38"
"EST","","ALL","1980","36.25"
"EST","","ALL","1981","37.07"
"EST","","ALL","1982","38.2"
"EST","","ALL","1983","39.4"
"EST","","ALL","1984","40.14"
"EST","","ALL","1985","33.43"
"EST","","ALL","1986","33.99"
"EST","","ALL","1987","34.73"
"EST","","ALL","1988","34.75"
"EST","","ALL","1989","34.86"
"EST","","ALL","1990","35.13"
"EST","","ALL","1991","35.65"
"EST","","ALL","1992","32.9"
"EST","","ALL","1993","32.2"
"EST","","ALL","1994","32.12"
"EST","","ALL","1995","32"
"EST","","ALL","1996","31.44"
"EST","","ALL","1997","32.16"
"EST","","ALL","1998","29.57"
"EST","","ALL","1999","29.92"
"EST","","ALL","2000","29.38"
"EST","","ALL","2001","27.76"
"EST","","ALL","2002","29.57"
"EST","","ALL","2003","29.91"
"EST","","ALL","2004","30.21"
"EST","","ALL","2005","31.4"
"EST","","ALL","2006","31.76"
"EST","","ALL","2007","32.51"
"EST","","ALL","2008","33.35"
"EST","","ALL","2009","32.77"
"EST","","ALL","2010","32.42"
"EST","","ALL","2011","32.93"
"EST","","ALL","2012","32.82"
"EST","","ALL","2013","33.32"
"EST","","ALL","2014","33.56"
"EST","","ALL","2015","34.15"
"EST","","ALL","2016","34.55"
"EST","","ALL","2017","34.63"
"EST","","ALL","2018","34.81"
"EST","","ALL","2019","34.72"
"FIN","","ALL","1970","11.55"
"FIN","","ALL","1980","19.58"
"FIN","","ALL","1985","24.88"
"FIN","","ALL","1986","25.66"
"FIN","","ALL","1987","26.44"
"FIN","","ALL","1988","27.29"
"FIN","","ALL","1989","28"
"FIN","","ALL","1990","28.92"
"FIN","","ALL","1991","29.82"
"FIN","","ALL","1992","30.55"
"FIN","","ALL","1993","31.3"
"FIN","","ALL","1994","32.07"
"FIN","","ALL","1995","21.87"
"FIN","","ALL","1996","22.55"
"FIN","","ALL","1997","22.9"
"FIN","","ALL","1998","23.16"
"FIN","","ALL","1999","23.96"
"FIN","","ALL","2000","24.93"
"FIN","","ALL","2001","24.94"
"FIN","","ALL","2002","25.21"
"FIN","","ALL","2003","25.57"
"FIN","","ALL","2004","25.83"
"FIN","","ALL","2005","29.91"
"FIN","","ALL","2006","30.26"
"FIN","","ALL","2007","30.35"
"FIN","","ALL","2008","30.62"
"FIN","","ALL","2009","30.86"
"FIN","","ALL","2010","32.65"
"FIN","","ALL","2011","32.63"
"FIN","","ALL","2012","32.85"
"FIN","","ALL","2013","32.97"
"FIN","","ALL","2014","33.92"
"FIN","","ALL","2015","33.31"
"FIN","","ALL","2016","45.34"
"FIN","","ALL","2017","45.89"
"FIN","","ALL","2018","46.4"
"FRA","","ALL","1990","31.04"
"FRA","","ALL","1991","31.56"
"FRA","","ALL","1992","32.07"
"FRA","","ALL","1993","32.33"
"FRA","","ALL","1994","32.66"
"FRA","","ALL","1995","32.85"
"FRA","","ALL","1996","33.04"
"FRA","","ALL","1997","33.22"
"FRA","","ALL","1998","33.34"
"FRA","","ALL","1999","33.35"
"FRA","","ALL","2000","33.55"
"FRA","","ALL","2001","33.87"
"FRA","","ALL","2002","34.11"
"FRA","","ALL","2003","34.24"
"FRA","","ALL","2004","34.39"
"FRA","","ALL","2005","34.41"
"FRA","","ALL","2006","34.36"
"FRA","","ALL","2007","34.19"
"FRA","","ALL","2008","34.16"
"FRA","","ALL","2009","33.69"
"FRA","","ALL","2010","33.74"
"FRA","","ALL","2011","31.49"
"FRA","","ALL","2012","31.64"
"FRA","","ALL","2013","31.81"
"FRA","","ALL","2014","31.94"
"FRA","","ALL","2015","32.07"
"FRA","","ALL","2016","32.21"
"FRA","","ALL","2017","32.39"
"FRA","","ALL","2018","32.4"
"FRA","","ALL","2019","32.73"
"GBR","","ALL","1970","9.45"
"GBR","","ALL","1971","10.17"
"GBR","","ALL","1972","10.51"
"GBR","","ALL","1973","10.82"
"GBR","","ALL","1974","11.03"
"GBR","","ALL","1975","11.42"
"GBR","","ALL","1976","11.65"
"GBR","","ALL","1977","11.89"
"GBR","","ALL","1978","12.16"
"GBR","","ALL","1979","12.86"
"GBR","","ALL","1980","13.2"
"GBR","","ALL","1981","13.53"
"GBR","","ALL","1982","13.37"
"GBR","","ALL","1983","13.99"
"GBR","","ALL","1984","14.13"
"GBR","","ALL","1985","14.32"
"GBR","","ALL","1986","14.42"
"GBR","","ALL","1987","15.05"
"GBR","","ALL","1988","15.3"
"GBR","","ALL","1989","15.55"
"GBR","","ALL","1990","16.2"
"GBR","","ALL","1991","16.35"
"GBR","","ALL","1992","16.48"
"GBR","","ALL","1993","16.85"
"GBR","","ALL","1994","16.98"
"GBR","","ALL","1995","17.57"
"GBR","","ALL","1996","17.97"
"GBR","","ALL","1997","18.53"
"GBR","","ALL","1998","18.96"
"GBR","","ALL","1999","19.11"
"GBR","","ALL","2000","19.91"
"GBR","","ALL","2001","20.42"
"GBR","","ALL","2002","21.15"
"GBR","","ALL","2003","22.04"
"GBR","","ALL","2004","23.36"
"GBR","","ALL","2005","24.12"
"GBR","","ALL","2006","24.59"
"GBR","","ALL","2007","24.84"
"GBR","","ALL","2008","25.54"
"GBR","","ALL","2009","26.28"
"GBR","","ALL","2010","26.26"
"GBR","","ALL","2011","26.6"
"GBR","","ALL","2012","26.67"
"GBR","","ALL","2013","26.77"
"GBR","","ALL","2014","27.15"
"GBR","","ALL","2015","27.47"
"GBR","","ALL","2016","27.56"
"GBR","","ALL","2017","27.83"
"GBR","","ALL","2018","28.04"
"GBR","","ALL","2019","29.09"
"GBR","","ALL","2020","30.04"
"GEO","","ALL","1996","30.64"
"GEO","","ALL","1997","36.52"
"GEO","","ALL","1998","38.04"
"GEO","","ALL","1999","38.72"
"GEO","","ALL","2000","38.37"
"GEO","","ALL","2001","37.16"
"GEO","","ALL","2002","38.07"
"GEO","","ALL","2003","38.27"
"GEO","","ALL","2004","38.01"
"GEO","","ALL","2005","38.16"
"GEO","","ALL","2006","38.68"
"GEO","","ALL","2007","39.03"
"GEO","","ALL","2008","40"
"GEO","","ALL","2009","42.22"
"GEO","","ALL","2010","44.47"
"GEO","","ALL","2011","45"
"GEO","","ALL","2012","44.87"
"GEO","","ALL","2013","45.15"
"GEO","","ALL","2014","47.75"
"GEO","","ALL","2015","50.05"
"GEO","","ALL","2016","59.97"
"GEO","","ALL","2017","61.3"
"GEO","","ALL","2018","71.2"
"GEO","","ALL","2019","70.78"
"GEO","","ALL","2020","51.09"
"GRC","","ALL","1970","16.46"
"GRC","","ALL","1971","17.07"
"GRC","","ALL","1972","17.49"
"GRC","","ALL","1973","19.21"
"GRC","","ALL","1974","20.12"
"GRC","","ALL","1975","20.44"
"GRC","","ALL","1976","21.19"
"GRC","","ALL","1977","22.13"
"GRC","","ALL","1978","22.71"
"GRC","","ALL","1979","23.47"
"GRC","","ALL","1988","31.82"
"GRC","","ALL","1989","32.64"
"GRC","","ALL","1990","33.58"
"GRC","","ALL","1991","36.1"
"GRC","","ALL","1992","37.18"
"GRC","","ALL","1993","38.08"
"GRC","","ALL","1994","38.03"
"GRC","","ALL","1995","38.34"
"GRC","","ALL","1996","38.32"
"GRC","","ALL","1997","39.45"
"GRC","","ALL","1998","40.8"
"GRC","","ALL","1999","41.82"
"GRC","","ALL","2005","49.49"
"GRC","","ALL","2006","53.28"
"GRC","","ALL","2007","55.94"
"GRC","","ALL","2008","57.28"
"GRC","","ALL","2009","58.7"
"GRC","","ALL","2010","58.81"
"GRC","","ALL","2011","59.23"
"GRC","","ALL","2012","59.21"
"GRC","","ALL","2013","59.34"
"GRC","","ALL","2014","59.72"
"GRC","","ALL","2015","59.91"
"GRC","","ALL","2016","62.15"
"GRC","","ALL","2017","61.73"
"GRC","","ALL","2018","62.26"
"GRC","","ALL","2019","63.07"
"HRV","","ALL","1985","7.4"
"HRV","","ALL","1986","27.64"
"HRV","","ALL","1987","28.3"
"HRV","","ALL","1988","28.81"
"HRV","","ALL","1989","29.38"
"HRV","","ALL","1990","29.69"
"HRV","","ALL","1991","26.75"
"HRV","","ALL","1992","27.17"
"HRV","","ALL","1993","27.46"
"HRV","","ALL","1994","27.41"
"HRV","","ALL","1995","27.19"
"HRV","","ALL","1996","27.25"
"HRV","","ALL","1997","27.46"
"HRV","","ALL","1998","25.97"
"HRV","","ALL","1999","25.01"
"HRV","","ALL","2000","23.57"
"HRV","","ALL","2001","23.94"
"HRV","","ALL","2002","24.09"
"HRV","","ALL","2003","24.65"
"HRV","","ALL","2004","25.3"
"HRV","","ALL","2005","25.35"
"HRV","","ALL","2006","25.74"
"HRV","","ALL","2007","27.05"
"HRV","","ALL","2008","27.11"
"HRV","","ALL","2009","27.21"
"HRV","","ALL","2010","28.43"
"HRV","","ALL","2011","28.96"
"HRV","","ALL","2012","29.73"
"HRV","","ALL","2013","30.18"
"HRV","","ALL","2014","31.26"
"HRV","","ALL","2015","31.73"
"HRV","","ALL","2016","32.09"
"HRV","","ALL","2017","33.2"
"HRV","","ALL","2018","33.86"
"HRV","","ALL","2019","34.65"
"HUN","","ALL","1970","20.14"
"HUN","","ALL","1971","20.63"
"HUN","","ALL","1972","21.08"
"HUN","","ALL","1973","21.53"
"HUN","","ALL","1974","22.02"
"HUN","","ALL","1975","22.41"
"HUN","","ALL","1976","22.84"
"HUN","","ALL","1977","23.31"
"HUN","","ALL","1978","23.79"
"HUN","","ALL","1979","24.51"
"HUN","","ALL","1980","22.79"
"HUN","","ALL","1981","23.22"
"HUN","","ALL","1982","23.83"
"HUN","","ALL","1983","24.11"
"HUN","","ALL","1984","24.74"
"HUN","","ALL","1985","26.48"
"HUN","","ALL","1986","26.91"
"HUN","","ALL","1987","28.12"
"HUN","","ALL","1988","28.44"
"HUN","","ALL","1989","29.3"
"HUN","","ALL","1990","29.41"
"HUN","","ALL","1991","30.33"
"HUN","","ALL","1992","30.1"
"HUN","","ALL","1993","29.55"
"HUN","","ALL","1994","29.92"
"HUN","","ALL","1995","29.98"
"HUN","","ALL","1996","30.34"
"HUN","","ALL","1997","30.7"
"HUN","","ALL","1998","30.78"
"HUN","","ALL","1999","31"
"HUN","","ALL","2000","26.8"
"HUN","","ALL","2001","28.89"
"HUN","","ALL","2002","31.92"
"HUN","","ALL","2003","32.43"
"HUN","","ALL","2004","33.35"
"HUN","","ALL","2005","27.82"
"HUN","","ALL","2006","30.41"
"HUN","","ALL","2007","28.12"
"HUN","","ALL","2008","31.05"
"HUN","","ALL","2009","30.4"
"HUN","","ALL","2010","28.9"
"HUN","","ALL","2011","29.81"
"HUN","","ALL","2012","31.06"
"HUN","","ALL","2013","32.28"
"HUN","","ALL","2014","33.44"
"HUN","","ALL","2015","31.18"
"HUN","","ALL","2016","32.31"
"HUN","","ALL","2017","33.45"
"HUN","","ALL","2018","34.07"
"HUN","","ALL","2019","35.25"
"HUN","","ALL","2020","60.64"
"IRL","","ALL","1985","16.38"
"IRL","","ALL","1986","16.15"
"IRL","","ALL","1987","15.64"
"IRL","","ALL","1988","15.92"
"IRL","","ALL","1989","14.87"
"IRL","","ALL","1990","15.52"
"IRL","","ALL","1991","17.04"
"IRL","","ALL","1992","20.1"
"IRL","","ALL","1993","20.33"
"IRL","","ALL","1994","19.98"
"IRL","","ALL","1995","21.05"
"IRL","","ALL","1996","21.06"
"IRL","","ALL","1997","21.37"
"IRL","","ALL","1998","21.97"
"IRL","","ALL","1999","22.7"
"IRL","","ALL","2000","22.3"
"IRL","","ALL","2001","23.86"
"IRL","","ALL","2002","24.17"
"IRL","","ALL","2003","25.8"
"IRL","","ALL","2004","27.45"
"IRL","","ALL","2005","35.43"
"IRL","","ALL","2006","36.64"
"IRL","","ALL","2007","38.99"
"IRL","","ALL","2008","40.14"
"IRL","","ALL","2009","40.39"
"IRL","","ALL","2010","41.33"
"IRL","","ALL","2011","40.94"
"IRL","","ALL","2012","39.42"
"IRL","","ALL","2013","39.35"
"IRL","","ALL","2014","30.32"
"IRL","","ALL","2015","31.52"
"IRL","","ALL","2016","32.32"
"IRL","","ALL","2017","32.95"
"IRL","","ALL","2018","33.13"
"IRL","","ALL","2019","33.52"
"IRL","","ALL","2020","34.9"
"ISL","","ALL","1970","14.24"
"ISL","","ALL","1971","14.73"
"ISL","","ALL","1972","15.86"
"ISL","","ALL","1973","16.12"
"ISL","","ALL","1974","17.26"
"ISL","","ALL","1975","18.34"
"ISL","","ALL","1976","18.52"
"ISL","","ALL","1977","19.08"
"ISL","","ALL","1978","19.59"
"ISL","","ALL","1979","20.3"
"ISL","","ALL","1980","21.38"
"ISL","","ALL","1981","22.07"
"ISL","","ALL","1982","22.81"
"ISL","","ALL","1983","23.09"
"ISL","","ALL","1984","24.04"
"ISL","","ALL","1985","25.91"
"ISL","","ALL","1986","25.87"
"ISL","","ALL","1987","26.92"
"ISL","","ALL","1988","27.03"
"ISL","","ALL","1989","28.33"
"ISL","","ALL","1990","28.47"
"ISL","","ALL","1991","28.49"
"ISL","","ALL","1992","29.64"
"ISL","","ALL","1993","29.66"
"ISL","","ALL","1994","30.06"
"ISL","","ALL","1995","30.23"
"ISL","","ALL","1996","31.06"
"ISL","","ALL","1997","32.42"
"ISL","","ALL","1998","33.02"
"ISL","","ALL","1999","33.76"
"ISL","","ALL","2000","34.52"
"ISL","","ALL","2001","34.99"
"ISL","","ALL","2002","36.06"
"ISL","","ALL","2003","36.36"
"ISL","","ALL","2004","36.28"
"ISL","","ALL","2005","36.34"
"ISL","","ALL","2006","36.53"
"ISL","","ALL","2007","36.9"
"ISL","","ALL","2008","37.19"
"ISL","","ALL","2009","36.77"
"ISL","","ALL","2010","35.65"
"ISL","","ALL","2011","34.56"
"ISL","","ALL","2012","35.07"
"ISL","","ALL","2013","35.7"
"ISL","","ALL","2014","36.31"
"ISL","","ALL","2015","37.82"
"ISL","","ALL","2016","38.89"
"ISL","","ALL","2017","39.77"
"ISL","","ALL","2018","40.78"
"ISL","","ALL","2019","41.41"
"ISR","","ALL","1970","19.03"
"ISR","","ALL","1971","19.61"
"ISR","","ALL","1972","21.15"
"ISR","","ALL","1973","22.55"
"ISR","","ALL","1974","24.08"
"ISR","","ALL","1975","24.46"
"ISR","","ALL","1976","25.08"
"ISR","","ALL","1977","25.91"
"ISR","","ALL","1978","26.71"
"ISR","","ALL","1979","27.95"
"ISR","","ALL","1980","29.18"
"ISR","","ALL","1981","29.59"
"ISR","","ALL","1982","30.01"
"ISR","","ALL","1983","30.6"
"ISR","","ALL","1984","31.36"
"ISR","","ALL","1985","31.54"
"ISR","","ALL","1986","31.72"
"ISR","","ALL","1987","31.97"
"ISR","","ALL","1988","32.07"
"ISR","","ALL","1989","31.93"
"ISR","","ALL","1990","32.31"
"ISR","","ALL","1991","34.35"
"ISR","","ALL","1992","38.12"
"ISR","","ALL","1993","37.88"
"ISR","","ALL","1994","37.86"
"ISR","","ALL","1995","37.63"
"ISR","","ALL","1996","37.36"
"ISR","","ALL","1997","37.96"
"ISR","","ALL","1998","38.72"
"ISR","","ALL","1999","38.06"
"ISR","","ALL","2000","37.99"
"ISR","","ALL","2001","38.15"
"ISR","","ALL","2002","38.29"
"ISR","","ALL","2003","38.31"
"ISR","","ALL","2004","37.95"
"ISR","","ALL","2005","37.37"
"ISR","","ALL","2006","36.8"
"ISR","","ALL","2007","36.18"
"ISR","","ALL","2008","35.51"
"ISR","","ALL","2009","35.33"
"ISR","","ALL","2010","35.11"
"ISR","","ALL","2011","35.12"
"ISR","","ALL","2012","35"
"ISR","","ALL","2013","34.79"
"ISR","","ALL","2014","34.61"
"ISR","","ALL","2015","34.63"
"ISR","","ALL","2016","34.64"
"ISR","","ALL","2017","34.79"
"ISR","","ALL","2018","35.3"
"ISR","","ALL","2019","35.78"
"ISR","","ALL","2020","36.26"
"ITA","","ALL","1970","10.89"
"ITA","","ALL","1980","26.28"
"ITA","","ALL","1985","37.8"
"ITA","","ALL","1986","39.48"
"ITA","","ALL","1987","41.3"
"ITA","","ALL","1988","43.13"
"ITA","","ALL","1989","44.75"
"ITA","","ALL","1990","46.71"
"ITA","","ALL","1991","48.49"
"ITA","","ALL","1992","49.89"
"ITA","","ALL","1993","54.78"
"ITA","","ALL","1994","55.84"
"ITA","","ALL","1995","37.78"
"ITA","","ALL","1996","38.84"
"ITA","","ALL","1997","39.95"
"ITA","","ALL","1998","40.83"
"ITA","","ALL","1999","41.36"
"ITA","","ALL","2000","34.59"
"ITA","","ALL","2001","35.13"
"ITA","","ALL","2002","35.58"
"ITA","","ALL","2003","36.15"
"ITA","","ALL","2004","36.81"
"ITA","","ALL","2005","37.02"
"ITA","","ALL","2006","36.98"
"ITA","","ALL","2007","37.75"
"ITA","","ALL","2008","37.81"
"ITA","","ALL","2009","37.9"
"ITA","","ALL","2010","38.16"
"ITA","","ALL","2011","38.85"
"ITA","","ALL","2012","38.51"
"ITA","","ALL","2013","39.04"
"ITA","","ALL","2014","39.05"
"ITA","","ALL","2015","38.48"
"ITA","","ALL","2016","39.5"
"ITA","","ALL","2017","39.81"
"ITA","","ALL","2018","39.64"
"ITA","","ALL","2019","39.96"
"ITA","","ALL","2020","39.48"
"KAZ","","ALL","1980","30.68"
"KAZ","","ALL","1981","31.79"
"KAZ","","ALL","1982","32.8"
"KAZ","","ALL","1983","34.44"
"KAZ","","ALL","1984","35.59"
"KAZ","","ALL","1985","36.56"
"KAZ","","ALL","1986","37.51"
"KAZ","","ALL","1987","38.21"
"KAZ","","ALL","1988","39.09"
"KAZ","","ALL","1989","40.13"
"KAZ","","ALL","1990","40.45"
"KAZ","","ALL","1991","39.4"
"KAZ","","ALL","1992","40.67"
"KAZ","","ALL","1993","39.84"
"KAZ","","ALL","1994","38.01"
"KAZ","","ALL","1995","37.96"
"KAZ","","ALL","1996","37.07"
"KAZ","","ALL","1997","33.75"
"KAZ","","ALL","1998","35.01"
"KAZ","","ALL","1999","33.66"
"KAZ","","ALL","2000","32.8"
"KAZ","","ALL","2001","34.4"
"KAZ","","ALL","2002","35.83"
"KAZ","","ALL","2003","36.17"
"KAZ","","ALL","2004","35.91"
"KAZ","","ALL","2005","36.04"
"KAZ","","ALL","2006","36.98"
"KAZ","","ALL","2007","36.55"
"KAZ","","ALL","2008","37.16"
"KAZ","","ALL","2009","37.81"
"KAZ","","ALL","2010","39.28"
"KAZ","","ALL","2011","39.48"
"KAZ","","ALL","2012","39.11"
"KAZ","","ALL","2013","39.51"
"KAZ","","ALL","2014","39.8"
"KAZ","","ALL","2015","39.68"
"KAZ","","ALL","2016","41.84"
"KAZ","","ALL","2017","39.9"
"KAZ","","ALL","2018","39.78"
"KAZ","","ALL","2019","39.91"
"KAZ","","ALL","2020","40.71"
"KGZ","","ALL","1980","29.38"
"KGZ","","ALL","1982","28.78"
"KGZ","","ALL","1983","29.65"
"KGZ","","ALL","1984","32.8"
"KGZ","","ALL","1985","33.78"
"KGZ","","ALL","1986","32.3"
"KGZ","","ALL","1987","33.26"
"KGZ","","ALL","1988","33.9"
"KGZ","","ALL","1989","34.34"
"KGZ","","ALL","1990","34.4"
"KGZ","","ALL","1991","34.74"
"KGZ","","ALL","1992","34.12"
"KGZ","","ALL","1993","31.33"
"KGZ","","ALL","1994","30.93"
"KGZ","","ALL","1995","31.49"
"KGZ","","ALL","1996","32.32"
"KGZ","","ALL","1997","30.5"
"KGZ","","ALL","1998","29.84"
"KGZ","","ALL","1999","29.03"
"KGZ","","ALL","2000","28.04"
"KGZ","","ALL","2001","26.96"
"KGZ","","ALL","2002","25.86"
"KGZ","","ALL","2003","25.73"
"KGZ","","ALL","2004","25.61"
"KGZ","","ALL","2005","25.17"
"KGZ","","ALL","2006","24.49"
"KGZ","","ALL","2007","23.58"
"KGZ","","ALL","2008","23.53"
"KGZ","","ALL","2009","23.41"
"KGZ","","ALL","2010","23.39"
"KGZ","","ALL","2011","22.86"
"KGZ","","ALL","2012","22.62"
"KGZ","","ALL","2013","22.61"
"KGZ","","ALL","2014","22.13"
"LTU","","ALL","1970","23.16"
"LTU","","ALL","1980","33.07"
"LTU","","ALL","1981","33.9"
"LTU","","ALL","1982","34.78"
"LTU","","ALL","1983","35.76"
"LTU","","ALL","1984","36.45"
"LTU","","ALL","1985","36.74"
"LTU","","ALL","1986","37.71"
"LTU","","ALL","1987","38.45"
"LTU","","ALL","1988","39.07"
"LTU","","ALL","1989","39.59"
"LTU","","ALL","1990","40.03"
"LTU","","ALL","1991","39.12"
"LTU","","ALL","1992","35.95"
"LTU","","ALL","1993","36.19"
"LTU","","ALL","1994","37.01"
"LTU","","ALL","1995","36.87"
"LTU","","ALL","1996","37.15"
"LTU","","ALL","1997","37.53"
"LTU","","ALL","1998","37.15"
"LTU","","ALL","1999","37.1"
"LTU","","ALL","2000","36.24"
"LTU","","ALL","2001","36.28"
"LTU","","ALL","2002","37.01"
"LTU","","ALL","2003","36.7"
"LTU","","ALL","2004","36.22"
"LTU","","ALL","2005","36.96"
"LTU","","ALL","2006","37.53"
"LTU","","ALL","2007","38.51"
"LTU","","ALL","2008","38.64"
"LTU","","ALL","2009","38.49"
"LTU","","ALL","2010","39.14"
"LTU","","ALL","2011","40.24"
"LTU","","ALL","2012","41.38"
"LTU","","ALL","2013","42.04"
"LTU","","ALL","2014","42.51"
"LTU","","ALL","2015","42.99"
"LTU","","ALL","2016","44.34"
"LTU","","ALL","2017","45.29"
"LTU","","ALL","2018","45.98"
"LTU","","ALL","2019","46.27"
"LTU","","ALL","2020","50.76"
"LUX","","ALL","1970","11.31"
"LUX","","ALL","1971","11.6"
"LUX","","ALL","1972","11.68"
"LUX","","ALL","1973","11.78"
"LUX","","ALL","1974","12.1"
"LUX","","ALL","1975","12.77"
"LUX","","ALL","1976","12.79"
"LUX","","ALL","1977","12.68"
"LUX","","ALL","1978","14.68"
"LUX","","ALL","1979","15.85"
"LUX","","ALL","1980","17.06"
"LUX","","ALL","1981","15.43"
"LUX","","ALL","1982","16.57"
"LUX","","ALL","1983","17.16"
"LUX","","ALL","1984","17.41"
"LUX","","ALL","1985","18.07"
"LUX","","ALL","1986","18.61"
"LUX","","ALL","1987","17.95"
"LUX","","ALL","1988","18.95"
"LUX","","ALL","1989","19.7"
"LUX","","ALL","1990","20.06"
"LUX","","ALL","1991","20.19"
"LUX","","ALL","1992","20.8"
"LUX","","ALL","1993","21.37"
"LUX","","ALL","1994","21.62"
"LUX","","ALL","1995","22.39"
"LUX","","ALL","1996","23.14"
"LUX","","ALL","1997","24"
"LUX","","ALL","1998","24.35"
"LUX","","ALL","1999","24.88"
"LUX","","ALL","2000","21.51"
"LUX","","ALL","2001","22.17"
"LUX","","ALL","2002","22.69"
"LUX","","ALL","2003","24.01"
"LUX","","ALL","2004","24.57"
"LUX","","ALL","2005","25.99"
"LUX","","ALL","2006","26.16"
"LUX","","ALL","2007","27.23"
"LUX","","ALL","2008","27.36"
"LUX","","ALL","2009","27.17"
"LUX","","ALL","2010","27.68"
"LUX","","ALL","2011","27.61"
"LUX","","ALL","2012","28.05"
"LUX","","ALL","2013","28.33"
"LUX","","ALL","2014","28.89"
"LUX","","ALL","2015","29.22"
"LUX","","ALL","2016","29.05"
"LUX","","ALL","2017","30.07"
"LVA","","ALL","1989","35.64"
"LVA","","ALL","1990","35.43"
"LVA","","ALL","1991","36.13"
"LVA","","ALL","1992","31.26"
"LVA","","ALL","1993","28.83"
"LVA","","ALL","1994","28.66"
"LVA","","ALL","1995","28.02"
"LVA","","ALL","1996","28.1"
"LVA","","ALL","1997","28.43"
"LVA","","ALL","1998","27.16"
"LVA","","ALL","1999","26.97"
"LVA","","ALL","2000","28.6"
"LVA","","ALL","2001","26.63"
"LVA","","ALL","2002","27.62"
"LVA","","ALL","2003","28.09"
"LVA","","ALL","2004","28.97"
"LVA","","ALL","2005","29.43"
"LVA","","ALL","2006","30.2"
"LVA","","ALL","2007","31.46"
"LVA","","ALL","2008","32.42"
"LVA","","ALL","2009","31.49"
"LVA","","ALL","2010","30.76"
"LVA","","ALL","2011","30.84"
"LVA","","ALL","2012","30.91"
"LVA","","ALL","2013","31.41"
"LVA","","ALL","2014","31.72"
"LVA","","ALL","2015","31.66"
"LVA","","ALL","2016","31.89"
"LVA","","ALL","2017","31.91"
"LVA","","ALL","2018","33.02"
"LVA","","ALL","2019","32.79"
"LVA","","ALL","2020","34.05"
"MCO","","ALL","1989","27.3"
"MCO","","ALL","1992","28.13"
"MCO","","ALL","2011","64.12"
"MCO","","ALL","2012","64.46"
"MCO","","ALL","2013","77.78"
"MCO","","ALL","2014","75.03"
"MDA","","ALL","1988","35.17"
"MDA","","ALL","1989","35.72"
"MDA","","ALL","1990","35.47"
"MDA","","ALL","1991","34.72"
"MDA","","ALL","1992","34.89"
"MDA","","ALL","1993","35.37"
"MDA","","ALL","1994","35.56"
"MDA","","ALL","1995","35.11"
"MDA","","ALL","1996","35.69"
"MDA","","ALL","1997","36.02"
"MDA","","ALL","1998","36.66"
"MDA","","ALL","2000","24.55"
"MDA","","ALL","2001","22.93"
"MDA","","ALL","2002","23.1"
"MDA","","ALL","2003","22.82"
"MDA","","ALL","2004","21.81"
"MDA","","ALL","2005","23.78"
"MDA","","ALL","2006","23.77"
"MDA","","ALL","2007","23.87"
"MDA","","ALL","2008","23.55"
"MDA","","ALL","2009","23.91"
"MDA","","ALL","2010","23.81"
"MDA","","ALL","2011","24.14"
"MDA","","ALL","2012","24.14"
"MDA","","ALL","2013","25.03"
"MDA","","ALL","2014","24.75"
"MDA","","ALL","2015","24.84"
"MDA","","ALL","2017","32.07"
"MDA","","ALL","2019","25.59"
"MDA","","ALL","2020","31.03"
"MKD","","ALL","1980","6.15"
"MKD","","ALL","1981","6.37"
"MKD","","ALL","1982","7.01"
"MKD","","ALL","1983","7.37"
"MKD","","ALL","1984","7.57"
"MKD","","ALL","1985","8.6"
"MKD","","ALL","1986","9.05"
"MKD","","ALL","1987","9.14"
"MKD","","ALL","1988","9.73"
"MKD","","ALL","1989","10.03"
"MKD","","ALL","1990","22.02"
"MKD","","ALL","1991","22.51"
"MKD","","ALL","1992","22.95"
"MKD","","ALL","1993","21.99"
"MKD","","ALL","1994","21.94"
"MKD","","ALL","1995","22.71"
"MKD","","ALL","1996","22.32"
"MKD","","ALL","1997","22.46"
"MKD","","ALL","1998","22.4"
"MKD","","ALL","1999","21.78"
"MKD","","ALL","2000","21.89"
"MKD","","ALL","2001","21.83"
"MKD","","ALL","2002","22.32"
"MKD","","ALL","2003","21.66"
"MKD","","ALL","2004","21.83"
"MKD","","ALL","2005","21.32"
"MKD","","ALL","2006","25.14"
"MKD","","ALL","2007","24.46"
"MKD","","ALL","2008","25.95"
"MKD","","ALL","2009","25.93"
"MKD","","ALL","2010","26.76"
"MKD","","ALL","2011","27.26"
"MKD","","ALL","2012","27.74"
"MKD","","ALL","2013","27.96"
"MKD","","ALL","2015","28.74"
"MLT","","ALL","1988","19.67"
"MLT","","ALL","1989","19.28"
"MLT","","ALL","1990","22.1"
"MLT","","ALL","1991","23.97"
"MLT","","ALL","1992","23.78"
"MLT","","ALL","1993","24.54"
"MLT","","ALL","1997","24.1"
"MLT","","ALL","1998","25.41"
"MLT","","ALL","2000","26.01"
"MLT","","ALL","2001","30.81"
"MLT","","ALL","2002","32.65"
"MLT","","ALL","2003","31.28"
"MLT","","ALL","2008","33.55"
"MLT","","ALL","2009","19.17"
"MLT","","ALL","2010","21.53"
"MLT","","ALL","2011","22.38"
"MLT","","ALL","2012","23.57"
"MLT","","ALL","2013","24.59"
"MLT","","ALL","2014","26.59"
"MLT","","ALL","2015","28.6"
"MNE","","ALL","1999","18.58"
"MNE","","ALL","2000","18.84"
"MNE","","ALL","2001","19.13"
"MNE","","ALL","2002","19.01"
"MNE","","ALL","2003","18.55"
"MNE","","ALL","2004","19.36"
"MNE","","ALL","2005","19.52"
"MNE","","ALL","2006","19.92"
"MNE","","ALL","2007","19.9"
"MNE","","ALL","2008","21.12"
"MNE","","ALL","2009","21.03"
"MNE","","ALL","2010","20.44"
"MNE","","ALL","2011","20.14"
"MNE","","ALL","2012","20.39"
"MNE","","ALL","2013","21.52"
"MNE","","ALL","2014","21.86"
"MNE","","ALL","2015","23.77"
"MNE","","ALL","2016","25.76"
"MNE","","ALL","2017","26.44"
"MNE","","ALL","2018","27.56"
"MNE","","ALL","2019","27.2"
"MNE","","ALL","2020","27.4"
"NLD","","ALL","1970","12.53"
"NLD","","ALL","1971","13.22"
"NLD","","ALL","1972","13.65"
"NLD","","ALL","1973","14.39"
"NLD","","ALL","1974","14.89"
"NLD","","ALL","1975","16"
"NLD","","ALL","1976","16.61"
"NLD","","ALL","1977","17.11"
"NLD","","ALL","1978","17.79"
"NLD","","ALL","1979","18.44"
"NLD","","ALL","1980","19.07"
"NLD","","ALL","1981","19.71"
"NLD","","ALL","1982","20.15"
"NLD","","ALL","1983","20.85"
"NLD","","ALL","1984","21.6"
"NLD","","ALL","1985","22.18"
"NLD","","ALL","1986","22.84"
"NLD","","ALL","1987","23.55"
"NLD","","ALL","1988","24.27"
"NLD","","ALL","1989","24.24"
"NLD","","ALL","1990","25.03"
"NLD","","ALL","1991","25.93"
"NLD","","ALL","1999","23.77"
"NLD","","ALL","2000","24.43"
"NLD","","ALL","2001","25.19"
"NLD","","ALL","2002","25.82"
"NLD","","ALL","2003","26.2"
"NLD","","ALL","2004","26.47"
"NLD","","ALL","2005","27"
"NLD","","ALL","2006","27.79"
"NLD","","ALL","2007","27.72"
"NLD","","ALL","2008","28.49"
"NLD","","ALL","2009","29.06"
"NLD","","ALL","2010","29.52"
"NLD","","ALL","2011","31.24"
"NLD","","ALL","2012","32.46"
"NLD","","ALL","2013","33.06"
"NLD","","ALL","2014","34.19"
"NLD","","ALL","2015","34.92"
"NLD","","ALL","2016","35.47"
"NLD","","ALL","2017","36.27"
"NLD","","ALL","2018","37.09"
"NLD","","ALL","2019","37.69"
"NLD","","ALL","2020","40.79"
"NOR","","ALL","1970","13.83"
"NOR","","ALL","1980","19.7"
"NOR","","ALL","1985","22.09"
"NOR","","ALL","1986","22.65"
"NOR","","ALL","1987","25.03"
"NOR","","ALL","1991","25.97"
"NOR","","ALL","1992","26.52"
"NOR","","ALL","1993","26.99"
"NOR","","ALL","1994","27.81"
"NOR","","ALL","1995","29.47"
"NOR","","ALL","1996","30.39"
"NOR","","ALL","1997","30.65"
"NOR","","ALL","1998","31.54"
"NOR","","ALL","1999","32.78"
"NOR","","ALL","2000","33.74"
"NOR","","ALL","2001","35.33"
"NOR","","ALL","2002","32.12"
"NOR","","ALL","2003","32.27"
"NOR","","ALL","2004","33.96"
"NOR","","ALL","2005","35.56"
"NOR","","ALL","2006","37.22"
"NOR","","ALL","2007","38.36"
"NOR","","ALL","2008","39.53"
"NOR","","ALL","2009","40.49"
"NOR","","ALL","2010","41.17"
"NOR","","ALL","2011","41.92"
"NOR","","ALL","2012","42.36"
"NOR","","ALL","2013","43.06"
"NOR","","ALL","2014","44.25"
"NOR","","ALL","2015","44.43"
"NOR","","ALL","2016","45.68"
"NOR","","ALL","2017","47.18"
"NOR","","ALL","2018","48.34"
"NOR","","ALL","2019","49.4"
"NOR","","ALL","2020","50.47"
"POL","","ALL","1970","14.24"
"POL","","ALL","1971","14.66"
"POL","","ALL","1972","15.07"
"POL","","ALL","1973","15.47"
"POL","","ALL","1974","15.86"
"POL","","ALL","1975","16.03"
"POL","","ALL","1976","16.28"
"POL","","ALL","1977","16.58"
"POL","","ALL","1978","16.96"
"POL","","ALL","1979","17.46"
"POL","","ALL","1980","17.89"
"POL","","ALL","1981","18.09"
"POL","","ALL","1982","18.5"
"POL","","ALL","1983","18.94"
"POL","","ALL","1984","19.26"
"POL","","ALL","1985","19.71"
"POL","","ALL","1986","20.2"
"POL","","ALL","1987","20.64"
"POL","","ALL","1988","20.87"
"POL","","ALL","1989","20.95"
"POL","","ALL","1990","21.51"
"POL","","ALL","1991","21.77"
"POL","","ALL","1992","21.92"
"POL","","ALL","1993","22.29"
"POL","","ALL","1994","22.85"
"POL","","ALL","1995","23.25"
"POL","","ALL","1996","23.59"
"POL","","ALL","1997","23.64"
"POL","","ALL","1998","23.36"
"POL","","ALL","1999","22.69"
"POL","","ALL","2000","22.05"
"POL","","ALL","2001","22.5"
"POL","","ALL","2002","22.88"
"POL","","ALL","2003","24.19"
"POL","","ALL","2004","22.77"
"POL","","ALL","2005","21.27"
"POL","","ALL","2006","21.67"
"POL","","ALL","2007","21.78"
"POL","","ALL","2008","21.48"
"POL","","ALL","2009","21.59"
"POL","","ALL","2010","21.71"
"POL","","ALL","2011","22"
"POL","","ALL","2012","22.24"
"POL","","ALL","2013","22.34"
"POL","","ALL","2014","23.02"
"POL","","ALL","2015","23.25"
"POL","","ALL","2016","24.15"
"POL","","ALL","2017","23.79"
"POL","","ALL","2020","37.71"
"PRT","","ALL","1970","8.96"
"PRT","","ALL","1971","9.2"
"PRT","","ALL","1972","9.72"
"PRT","","ALL","1973","9.86"
"PRT","","ALL","1974","10.92"
"PRT","","ALL","1975","11.42"
"PRT","","ALL","1976","12.15"
"PRT","","ALL","1977","14.04"
"PRT","","ALL","1978","16.1"
"PRT","","ALL","1979","18.1"
"PRT","","ALL","1980","19.86"
"PRT","","ALL","1981","21.43"
"PRT","","ALL","1982","22.44"
"PRT","","ALL","1983","23.29"
"PRT","","ALL","1984","24.34"
"PRT","","ALL","1985","24.76"
"PRT","","ALL","1986","25.8"
"PRT","","ALL","1987","26.7"
"PRT","","ALL","1988","27.16"
"PRT","","ALL","1989","27.93"
"PRT","","ALL","1990","28.31"
"PRT","","ALL","1991","28.58"
"PRT","","ALL","1992","28.67"
"PRT","","ALL","1993","28.7"
"PRT","","ALL","1994","28.82"
"PRT","","ALL","1995","29.12"
"PRT","","ALL","1996","29.88"
"PRT","","ALL","1997","30.3"
"PRT","","ALL","1998","30.89"
"PRT","","ALL","1999","31.15"
"PRT","","ALL","2000","32.03"
"PRT","","ALL","2001","32.62"
"PRT","","ALL","2002","33"
"PRT","","ALL","2003","33.5"
"PRT","","ALL","2004","34.21"
"PRT","","ALL","2005","35"
"PRT","","ALL","2006","35.65"
"PRT","","ALL","2007","36.48"
"PRT","","ALL","2008","37.41"
"PRT","","ALL","2009","38.48"
"PRT","","ALL","2010","39.76"
"PRT","","ALL","2011","41.18"
"PRT","","ALL","2012","42.36"
"PRT","","ALL","2013","43.93"
"PRT","","ALL","2014","45.57"
"PRT","","ALL","2015","47.49"
"PRT","","ALL","2016","49.4"
"PRT","","ALL","2017","51.24"
"PRT","","ALL","2018","53.12"
"PRT","","ALL","2019","54.84"
"ROU","","ALL","1994","17.35"
"ROU","","ALL","1998","18.39"
"ROU","","ALL","2000","19.53"
"ROU","","ALL","2001","19.82"
"ROU","","ALL","2002","20.96"
"ROU","","ALL","2004","22.31"
"ROU","","ALL","2005","22.13"
"ROU","","ALL","2006","22.1"
"ROU","","ALL","2007","22.91"
"ROU","","ALL","2008","24.13"
"ROU","","ALL","2009","24.41"
"ROU","","ALL","2010","24.8"
"ROU","","ALL","2011","25.15"
"ROU","","ALL","2012","25.89"
"ROU","","ALL","2013","26.24"
"ROU","","ALL","2016","22.56"
"ROU","","ALL","2017","29.81"
"RUS","","ALL","1985","38.73"
"RUS","","ALL","1986","39.43"
"RUS","","ALL","1987","40.14"
"RUS","","ALL","1988","40.53"
"RUS","","ALL","1989","40.98"
"RUS","","ALL","1990","45.23"
"RUS","","ALL","1991","42.72"
"RUS","","ALL","1992","42.98"
"RUS","","ALL","1993","43.24"
"RUS","","ALL","1994","42.93"
"RUS","","ALL","1995","44.1"
"RUS","","ALL","1996","45.21"
"RUS","","ALL","1997","45.58"
"RUS","","ALL","1998","46.13"
"RUS","","ALL","1999","46.46"
"RUS","","ALL","2000","46.46"
"RUS","","ALL","2001","46.48"
"RUS","","ALL","2002","46.99"
"RUS","","ALL","2003","47.44"
"RUS","","ALL","2004","47.76"
"RUS","","ALL","2005","48.05"
"RUS","","ALL","2006","48.97"
"RUS","","ALL","2007","49.37"
"RUS","","ALL","2008","49.13"
"RUS","","ALL","2009","49.63"
"RUS","","ALL","2010","49.89"
"RUS","","ALL","2011","42.3"
"RUS","","ALL","2012","40.12"
"RUS","","ALL","2013","39.95"
"RUS","","ALL","2014","41.27"
"RUS","","ALL","2015","39.33"
"RUS","","ALL","2016","39.78"
"RUS","","ALL","2017","40.76"
"RUS","","ALL","2018","41.17"
"RUS","","ALL","2019","41.83"
"RUS","","ALL","2020","38.19"
"SMR","","ALL","2011","48.97"
"SMR","","ALL","2012","51.09"
"SMR","","ALL","2013","50.38"
"SMR","","ALL","2014","61.02"
"SRB","","ALL","2003","22.11"
"SRB","","ALL","2004","22.69"
"SRB","","ALL","2005","22.61"
"SRB","","ALL","2006","22.86"
"SRB","","ALL","2007","23.45"
"SRB","","ALL","2008","24.21"
"SRB","","ALL","2009","24.47"
"SRB","","ALL","2010","24.82"
"SRB","","ALL","2011","25"
"SRB","","ALL","2012","24.96"
"SRB","","ALL","2013","24.94"
"SRB","","ALL","2014","24.61"
"SRB","","ALL","2015","24.6"
"SRB","","ALL","2016","31.13"
"SVK","","ALL","1999","33.19"
"SVK","","ALL","2000","32.26"
"SVK","","ALL","2001","32.11"
"SVK","","ALL","2002","31.88"
"SVK","","ALL","2003","31.34"
"SVK","","ALL","2004","31.37"
"SVK","","ALL","2005","30.22"
"SVK","","ALL","2006","31.56"
"SVK","","ALL","2007","33.75"
"SVK","","ALL","2008","33.56"
"SVK","","ALL","2009","32.95"
"SVK","","ALL","2010","33.51"
"SVK","","ALL","2011","33"
"SVK","","ALL","2012","33.6"
"SVK","","ALL","2013","33.85"
"SVK","","ALL","2014","34.21"
"SVK","","ALL","2015","34.44"
"SVK","","ALL","2016","34.66"
"SVK","","ALL","2017","34.16"
"SVK","","ALL","2018","35.17"
"SVK","","ALL","2019","35.65"
"SVN","","ALL","1980","18.29"
"SVN","","ALL","1985","19.08"
"SVN","","ALL","1986","19.55"
"SVN","","ALL","1987","20.2"
"SVN","","ALL","1988","20.29"
"SVN","","ALL","1989","20.59"
"SVN","","ALL","1990","20.48"
"SVN","","ALL","1991","20.69"
"SVN","","ALL","1992","20.79"
"SVN","","ALL","1993","20.19"
"SVN","","ALL","1994","21.83"
"SVN","","ALL","1995","21.17"
"SVN","","ALL","1996","21.38"
"SVN","","ALL","1997","22.32"
"SVN","","ALL","1998","21.81"
"SVN","","ALL","1999","21.21"
"SVN","","ALL","2000","21.53"
"SVN","","ALL","2001","21.76"
"SVN","","ALL","2002","22.34"
"SVN","","ALL","2003","22.56"
"SVN","","ALL","2004","23.06"
"SVN","","ALL","2005","23.52"
"SVN","","ALL","2006","23.67"
"SVN","","ALL","2007","23.92"
"SVN","","ALL","2008","23.99"
"SVN","","ALL","2009","24.17"
"SVN","","ALL","2010","24.37"
"SVN","","ALL","2011","24.96"
"SVN","","ALL","2012","25.41"
"SVN","","ALL","2013","26.25"
"SVN","","ALL","2014","27.63"
"SVN","","ALL","2015","28.15"
"SVN","","ALL","2016","30.01"
"SVN","","ALL","2017","30.86"
"SVN","","ALL","2018","31.72"
"SVN","","ALL","2019","32.77"
"SWE","","ALL","1984","25.73"
"SWE","","ALL","1985","26.9"
"SWE","","ALL","1986","28.16"
"SWE","","ALL","1987","29.27"
"SWE","","ALL","1988","30.39"
"SWE","","ALL","1989","31.46"
"SWE","","ALL","1990","32.46"
"SWE","","ALL","1991","33.57"
"SWE","","ALL","1992","34.61"
"SWE","","ALL","1993","35.54"
"SWE","","ALL","1994","36.48"
"SWE","","ALL","1995","28.14"
"SWE","","ALL","1996","28.33"
"SWE","","ALL","1997","28.48"
"SWE","","ALL","1998","29.14"
"SWE","","ALL","1999","29.61"
"SWE","","ALL","2000","30.23"
"SWE","","ALL","2001","31.22"
"SWE","","ALL","2002","32.15"
"SWE","","ALL","2003","32.87"
"SWE","","ALL","2004","33.75"
"SWE","","ALL","2005","34.52"
"SWE","","ALL","2006","35.38"
"SWE","","ALL","2007","36.21"
"SWE","","ALL","2008","36.76"
"SWE","","ALL","2009","37.45"
"SWE","","ALL","2010","38.03"
"SWE","","ALL","2011","38.82"
"SWE","","ALL","2012","39.59"
"SWE","","ALL","2013","40.36"
"SWE","","ALL","2014","41.11"
"SWE","","ALL","2015","41.9"
"SWE","","ALL","2016","42.71"
"SWE","","ALL","2017","43.34"
"SWE","","ALL","2018","44.05"
"SWE","","ALL","2019","70.92"
"TJK","","ALL","1988","27.03"
"TJK","","ALL","1989","26.88"
"TJK","","ALL","1990","25.6"
"TJK","","ALL","1991","26.22"
"TJK","","ALL","1992","23.75"
"TJK","","ALL","1993","21.69"
"TJK","","ALL","1994","22.25"
"TJK","","ALL","1995","21"
"TJK","","ALL","1996","20.45"
"TJK","","ALL","1997","19.83"
"TJK","","ALL","1998","20.82"
"TJK","","ALL","1999","21.19"
"TJK","","ALL","2000","21.72"
"TJK","","ALL","2001","21.24"
"TJK","","ALL","2002","20.41"
"TJK","","ALL","2003","19.4"
"TJK","","ALL","2004","19.51"
"TJK","","ALL","2005","19.55"
"TJK","","ALL","2006","19.17"
"TJK","","ALL","2007","18.96"
"TJK","","ALL","2008","19.29"
"TJK","","ALL","2009","16.44"
"TJK","","ALL","2010","16.98"
"TJK","","ALL","2011","17.21"
"TJK","","ALL","2012","17.27"
"TJK","","ALL","2013","17.09"
"TJK","","ALL","2014","17.23"
"TKM","","ALL","2000","27.47"
"TKM","","ALL","2001","27.68"
"TKM","","ALL","2002","70.95"
"TKM","","ALL","2003","26.65"
"TKM","","ALL","2004","26.13"
"TKM","","ALL","2005","25.04"
"TKM","","ALL","2006","23.92"
"TKM","","ALL","2007","23.41"
"TKM","","ALL","2008","23.03"
"TKM","","ALL","2009","22.91"
"TKM","","ALL","2010","22.74"
"TKM","","ALL","2011","22.84"
"TKM","","ALL","2012","22.38"
"TKM","","ALL","2013","22.12"
"TKM","","ALL","2014","22.25"
"TUR","","ALL","1970","3.97"
"TUR","","ALL","1971","4.62"
"TUR","","ALL","1972","4.66"
"TUR","","ALL","1973","4.94"
"TUR","","ALL","1974","5.44"
"TUR","","ALL","1975","5.53"
"TUR","","ALL","1976","5.62"
"TUR","","ALL","1977","5.82"
"TUR","","ALL","1978","6"
"TUR","","ALL","1979","6.12"
"TUR","","ALL","1980","6.19"
"TUR","","ALL","1981","6.32"
"TUR","","ALL","1982","6.73"
"TUR","","ALL","1983","6.85"
"TUR","","ALL","1984","7.11"
"TUR","","ALL","1985","7.41"
"TUR","","ALL","1986","7.47"
"TUR","","ALL","1987","7.6"
"TUR","","ALL","1988","8.17"
"TUR","","ALL","1989","8.81"
"TUR","","ALL","1990","9.39"
"TUR","","ALL","1991","9.94"
"TUR","","ALL","1992","10.22"
"TUR","","ALL","1993","10.78"
"TUR","","ALL","1994","11.44"
"TUR","","ALL","1995","11.6"
"TUR","","ALL","1996","11.63"
"TUR","","ALL","1997","11.85"
"TUR","","ALL","1998","12.24"
"TUR","","ALL","1999","12.79"
"TUR","","ALL","2000","13.48"
"TUR","","ALL","2001","13.99"
"TUR","","ALL","2002","14.11"
"TUR","","ALL","2003","14.29"
"TUR","","ALL","2004","14.49"
"TUR","","ALL","2005","14.85"
"TUR","","ALL","2006","15.19"
"TUR","","ALL","2007","15.58"
"TUR","","ALL","2008","16.07"
"TUR","","ALL","2009","16.63"
"TUR","","ALL","2010","17.07"
"TUR","","ALL","2011","17.16"
"TUR","","ALL","2012","17.38"
"TUR","","ALL","2013","17.62"
"TUR","","ALL","2014","17.56"
"TUR","","ALL","2015","17.99"
"TUR","","ALL","2016","18.14"
"TUR","","ALL","2017","18.49"
"TUR","","ALL","2018","18.6"
"TUR","","ALL","2019","19.27"
"UKR","","ALL","2000","30.3"
"UKR","","ALL","2001","30.28"
"UKR","","ALL","2002","30.19"
"UKR","","ALL","2003","30.1"
"UKR","","ALL","2004","30.16"
"UKR","","ALL","2005","30.18"
"UKR","","ALL","2006","30.84"
"UKR","","ALL","2007","30.88"
"UKR","","ALL","2008","31.18"
"UKR","","ALL","2009","34.9"
"UKR","","ALL","2010","34.83"
"UKR","","ALL","2011","34.84"
"UKR","","ALL","2012","34.91"
"UKR","","ALL","2013","34.96"
"UKR","","ALL","2014","29.92"
"UZB","","ALL","1988","33.84"
"UZB","","ALL","1989","34.01"
"UZB","","ALL","1990","33.91"
"UZB","","ALL","1991","33.8"
"UZB","","ALL","1992","33.74"
"UZB","","ALL","1993","33.45"
"UZB","","ALL","1994","33.14"
"UZB","","ALL","1995","32.56"
"UZB","","ALL","1996","31.58"
"UZB","","ALL","1997","31.05"
"UZB","","ALL","1998","30.75"
"UZB","","ALL","2000","29.63"
"UZB","","ALL","2001","29.09"
"UZB","","ALL","2002","28.46"
"UZB","","ALL","2003","27.82"
"UZB","","ALL","2004","27.21"
"UZB","","ALL","2005","26.7"
"UZB","","ALL","2006","26.52"
"UZB","","ALL","2007","26.33"
"UZB","","ALL","2008","26.05"
"UZB","","ALL","2009","25.71"
"UZB","","ALL","2010","25.43"
"UZB","","ALL","2011","25.04"
"UZB","","ALL","2012","24.45"
"UZB","","ALL","2013","24.04"
"UZB","","ALL","2014","23.74"
"","CARINFONET","ALL","1988","34.5"
"","CARINFONET","ALL","1989","34.9"
"","CARINFONET","ALL","1990","34.8"
"","CARINFONET","ALL","1991","34.5"
"","CARINFONET","ALL","1992","34.5"
"","CARINFONET","ALL","1993","33.7"
"","CARINFONET","ALL","1994","32.9"
"","CARINFONET","ALL","1995","32.5"
"","CARINFONET","ALL","1996","31.7"
"","CARINFONET","ALL","1997","30.3"
"","CARINFONET","ALL","1998","30.5"
"","CARINFONET","ALL","1999","29.8"
"","CARINFONET","ALL","2000","29.3"
"","CARINFONET","ALL","2001","29.3"
"","CARINFONET","ALL","2002","33"
"","CARINFONET","ALL","2003","28.8"
"","CARINFONET","ALL","2004","28.3"
"","CARINFONET","ALL","2005","28"
"","CARINFONET","ALL","2006","28"
"","CARINFONET","ALL","2007","27.6"
"","CARINFONET","ALL","2008","27.6"
"","CARINFONET","ALL","2009","27.3"
"","CARINFONET","ALL","2010","27.6"
"","CARINFONET","ALL","2011","27.5"
"","CARINFONET","ALL","2012","27"
"","CARINFONET","ALL","2013","26.9"
"","CARINFONET","ALL","2014","26.9"
"","CIS","ALL","1988","36.7"
"","CIS","ALL","1989","37.1"
"","CIS","ALL","1990","39.3"
"","CIS","ALL","1991","37.9"
"","CIS","ALL","1992","38"
"","CIS","ALL","1993","38"
"","CIS","ALL","1994","37.7"
"","CIS","ALL","1995","38.3"
"","CIS","ALL","1996","38.7"
"","CIS","ALL","1997","38.7"
"","CIS","ALL","1998","39"
"","CIS","ALL","1999","39"
"","CIS","ALL","2000","38.8"
"","CIS","ALL","2001","38.7"
"","CIS","ALL","2002","39.7"
"","CIS","ALL","2003","39"
"","CIS","ALL","2004","39.1"
"","CIS","ALL","2005","39.2"
"","CIS","ALL","2006","39.8"
"","CIS","ALL","2007","40"
"","CIS","ALL","2008","39.7"
"","CIS","ALL","2009","40.6"
"","CIS","ALL","2010","40.7"
"","CIS","ALL","2011","37.2"
"","CIS","ALL","2012","36"
"","CIS","ALL","2013","35.8"
"","CIS","ALL","2014","35.8"
"","CIS","ALL","2015","34.8"
"","CIS","ALL","2017","35.4"
"","EU_AFTER_MAY2004","ALL","1980","21.2"
"","EU_AFTER_MAY2004","ALL","1985","22.6"
"","EU_AFTER_MAY2004","ALL","1986","23.7"
"","EU_AFTER_MAY2004","ALL","1987","24"
"","EU_AFTER_MAY2004","ALL","1988","24.3"
"","EU_AFTER_MAY2004","ALL","1989","24.5"
"","EU_AFTER_MAY2004","ALL","1990","24.7"
"","EU_AFTER_MAY2004","ALL","1991","24.6"
"","EU_AFTER_MAY2004","ALL","1992","24.5"
"","EU_AFTER_MAY2004","ALL","1993","24.8"
"","EU_AFTER_MAY2004","ALL","1994","25.1"
"","EU_AFTER_MAY2004","ALL","1995","25.5"
"","EU_AFTER_MAY2004","ALL","1996","25.7"
"","EU_AFTER_MAY2004","ALL","1997","25.9"
"","EU_AFTER_MAY2004","ALL","1998","25.7"
"","EU_AFTER_MAY2004","ALL","1999","25.6"
"","EU_AFTER_MAY2004","ALL","2000","25.2"
"","EU_AFTER_MAY2004","ALL","2001","25.6"
"","EU_AFTER_MAY2004","ALL","2002","26.5"
"","EU_AFTER_MAY2004","ALL","2003","27.2"
"","EU_AFTER_MAY2004","ALL","2004","26.9"
"","EU_AFTER_MAY2004","ALL","2005","26"
"","EU_AFTER_MAY2004","ALL","2006","26.5"
"","EU_AFTER_MAY2004","ALL","2007","26.7"
"","EU_AFTER_MAY2004","ALL","2008","27.1"
"","EU_AFTER_MAY2004","ALL","2009","27.1"
"","EU_AFTER_MAY2004","ALL","2010","27.2"
"","EU_AFTER_MAY2004","ALL","2011","27.6"
"","EU_AFTER_MAY2004","ALL","2012","28.1"
"","EU_AFTER_MAY2004","ALL","2013","28.5"
"","EU_AFTER_MAY2004","ALL","2014","29"
"","EU_AFTER_MAY2004","ALL","2015","28.8"
"","EU_AFTER_MAY2004","ALL","2016","29.2"
"","EU_AFTER_MAY2004","ALL","2017","30.7"
"","EU_AFTER_MAY2004","ALL","2018","32.6"
"","EU_AFTER_MAY2004","ALL","2019","34.5"
"","EU_BEFORE_MAY2004","ALL","1970","18.7"
"","EU_BEFORE_MAY2004","ALL","1971","19.2"
"","EU_BEFORE_MAY2004","ALL","1972","19.6"
"","EU_BEFORE_MAY2004","ALL","1973","20.1"
"","EU_BEFORE_MAY2004","ALL","1974","20.5"
"","EU_BEFORE_MAY2004","ALL","1975","20.9"
"","EU_BEFORE_MAY2004","ALL","1976","21.5"
"","EU_BEFORE_MAY2004","ALL","1977","22.1"
"","EU_BEFORE_MAY2004","ALL","1978","22.7"
"","EU_BEFORE_MAY2004","ALL","1979","23.3"
"","EU_BEFORE_MAY2004","ALL","1980","23.4"
"","EU_BEFORE_MAY2004","ALL","1981","24.7"
"","EU_BEFORE_MAY2004","ALL","1982","25.4"
"","EU_BEFORE_MAY2004","ALL","1983","26.4"
"","EU_BEFORE_MAY2004","ALL","1984","27"
"","EU_BEFORE_MAY2004","ALL","1985","26.4"
"","EU_BEFORE_MAY2004","ALL","1986","28.3"
"","EU_BEFORE_MAY2004","ALL","1987","28.9"
"","EU_BEFORE_MAY2004","ALL","1988","29.5"
"","EU_BEFORE_MAY2004","ALL","1989","30"
"","EU_BEFORE_MAY2004","ALL","1990","28.8"
"","EU_BEFORE_MAY2004","ALL","1991","31.4"
"","EU_BEFORE_MAY2004","ALL","1992","32.1"
"","EU_BEFORE_MAY2004","ALL","1993","33.3"
"","EU_BEFORE_MAY2004","ALL","1994","33.8"
"","EU_BEFORE_MAY2004","ALL","1995","31"
"","EU_BEFORE_MAY2004","ALL","1996","30"
"","EU_BEFORE_MAY2004","ALL","1997","30.5"
"","EU_BEFORE_MAY2004","ALL","1998","31"
"","EU_BEFORE_MAY2004","ALL","1999","31.1"
"","EU_BEFORE_MAY2004","ALL","2000","30.6"
"","EU_BEFORE_MAY2004","ALL","2001","31"
"","EU_BEFORE_MAY2004","ALL","2002","31.4"
"","EU_BEFORE_MAY2004","ALL","2003","32"
"","EU_BEFORE_MAY2004","ALL","2004","32.8"
"","EU_BEFORE_MAY2004","ALL","2005","33.4"
"","EU_BEFORE_MAY2004","ALL","2006","33.8"
"","EU_BEFORE_MAY2004","ALL","2007","34.2"
"","EU_BEFORE_MAY2004","ALL","2008","34.6"
"","EU_BEFORE_MAY2004","ALL","2009","35"
"","EU_BEFORE_MAY2004","ALL","2010","35.5"
"","EU_BEFORE_MAY2004","ALL","2011","35.7"
"","EU_BEFORE_MAY2004","ALL","2012","35.9"
"","EU_BEFORE_MAY2004","ALL","2013","36.3"
"","EU_BEFORE_MAY2004","ALL","2014","36.6"
"","EU_BEFORE_MAY2004","ALL","2015","36.9"
"","EU_BEFORE_MAY2004","ALL","2016","37.5"
"","EU_BEFORE_MAY2004","ALL","2017","37.9"
"","EU_BEFORE_MAY2004","ALL","2018","38.3"
"","EU_BEFORE_MAY2004","ALL","2019","40"
"","EU_MEMBERS","ALL","1970","18.8"
"","EU_MEMBERS","ALL","1980","22.9"
"","EU_MEMBERS","ALL","1984","25.9"
"","EU_MEMBERS","ALL","1985","25.5"
"","EU_MEMBERS","ALL","1986","27.2"
"","EU_MEMBERS","ALL","1987","27.8"
"","EU_MEMBERS","ALL","1988","28.3"
"","EU_MEMBERS","ALL","1989","28.7"
"","EU_MEMBERS","ALL","1990","27.9"
"","EU_MEMBERS","ALL","1991","29.8"
"","EU_MEMBERS","ALL","1992","30.3"
"","EU_MEMBERS","ALL","1993","31.3"
"","EU_MEMBERS","ALL","1994","31.8"
"","EU_MEMBERS","ALL","1995","29.7"
"","EU_MEMBERS","ALL","1996","29"
"","EU_MEMBERS","ALL","1997","29.5"
"","EU_MEMBERS","ALL","1998","29.8"
"","EU_MEMBERS","ALL","1999","29.9"
"","EU_MEMBERS","ALL","2000","29.4"
"","EU_MEMBERS","ALL","2001","29.8"
"","EU_MEMBERS","ALL","2002","30.3"
"","EU_MEMBERS","ALL","2003","30.9"
"","EU_MEMBERS","ALL","2004","31.5"
"","EU_MEMBERS","ALL","2005","31.7"
"","EU_MEMBERS","ALL","2006","32.3"
"","EU_MEMBERS","ALL","2007","32.6"
"","EU_MEMBERS","ALL","2008","33"
"","EU_MEMBERS","ALL","2009","33.3"
"","EU_MEMBERS","ALL","2010","33.8"
"","EU_MEMBERS","ALL","2011","34"
"","EU_MEMBERS","ALL","2012","34.3"
"","EU_MEMBERS","ALL","2013","34.7"
"","EU_MEMBERS","ALL","2014","35"
"","EU_MEMBERS","ALL","2015","35.2"
"","EU_MEMBERS","ALL","2016","35.8"
"","EU_MEMBERS","ALL","2017","36.4"
"","EU_MEMBERS","ALL","2018","37.1"
"","EU_MEMBERS","ALL","2019","38.9"
"","NORDIC","ALL","1970","18.7"
"","NORDIC","ALL","1980","21.5"
"","NORDIC","ALL","1984","23.8"
"","NORDIC","ALL","1985","24.7"
"","NORDIC","ALL","1986","25.5"
"","NORDIC","ALL","1987","26.6"
"","NORDIC","ALL","1988","27.4"
"","NORDIC","ALL","1989","28.1"
"","NORDIC","ALL","1990","28.8"
"","NORDIC","ALL","1991","29.3"
"","NORDIC","ALL","1992","30.3"
"","NORDIC","ALL","1993","30.9"
"","NORDIC","ALL","1994","31.7"
"","NORDIC","ALL","1995","26.8"
"","NORDIC","ALL","1996","27.2"
"","NORDIC","ALL","1997","27.6"
"","NORDIC","ALL","1998","28.2"
"","NORDIC","ALL","1999","28.9"
"","NORDIC","ALL","2000","29.5"
"","NORDIC","ALL","2001","30.3"
"","NORDIC","ALL","2002","30.3"
"","NORDIC","ALL","2003","30.8"
"","NORDIC","ALL","2004","31.8"
"","NORDIC","ALL","2005","33.5"
"","NORDIC","ALL","2006","34.4"
"","NORDIC","ALL","2007","35"
"","NORDIC","ALL","2008","35.8"
"","NORDIC","ALL","2009","36.4"
"","NORDIC","ALL","2010","37.3"
"","NORDIC","ALL","2011","37.8"
"","NORDIC","ALL","2012","38.4"
"","NORDIC","ALL","2013","38.9"
"","NORDIC","ALL","2014","39.6"
"","NORDIC","ALL","2015","40"
"","NORDIC","ALL","2016","43.2"
"","NORDIC","ALL","2017","44.1"
"","NORDIC","ALL","2018","44.9"
"","NORDIC","ALL","2019","55.3"
"","SEEHN","ALL","1988","21.9"
"","SEEHN","ALL","1989","22"
"","SEEHN","ALL","1990","22.6"
"","SEEHN","ALL","1991","22.6"
"","SEEHN","ALL","1992","23.1"
"","SEEHN","ALL","1993","23.3"
"","SEEHN","ALL","1994","23.4"
"","SEEHN","ALL","1995","23.7"
"","SEEHN","ALL","1996","24"
"","SEEHN","ALL","1997","23.9"
"","SEEHN","ALL","1998","24.2"
"","SEEHN","ALL","2000","23.8"
"","SEEHN","ALL","2001","23.7"
"","SEEHN","ALL","2002","24.3"
"","SEEHN","ALL","2003","24.7"
"","SEEHN","ALL","2004","24.9"
"","SEEHN","ALL","2005","25.1"
"","SEEHN","ALL","2006","25.2"
"","SEEHN","ALL","2007","25.6"
"","SEEHN","ALL","2008","26.1"
"","SEEHN","ALL","2009","26.5"
"","SEEHN","ALL","2010","26.8"
"","SEEHN","ALL","2011","27.1"
"","SEEHN","ALL","2012","27.5"
"","SEEHN","ALL","2013","27.8"
"","SEEHN","ALL","2014","27.4"
"","SEEHN","ALL","2015","27.1"
"","SEEHN","ALL","2016","27.9"
"","SMALL","ALL","1988","19.3"
"","SMALL","ALL","1989","19.7"
"","SMALL","ALL","1990","20.2"
"","SMALL","ALL","1991","20.7"
"","SMALL","ALL","1992","21.1"
"","SMALL","ALL","1993","21.5"
"","SMALL","ALL","1995","22"
"","SMALL","ALL","1997","22.6"
"","SMALL","ALL","1998","23"
"","SMALL","ALL","2000","23"
"","SMALL","ALL","2001","24"
"","SMALL","ALL","2002","24.5"
"","SMALL","ALL","2003","24.5"
"","SMALL","ALL","2004","25"
"","SMALL","ALL","2005","25.4"
"","SMALL","ALL","2006","25.4"
"","SMALL","ALL","2007","26.3"
"","SMALL","ALL","2008","26.8"
"","SMALL","ALL","2009","24.7"
"","SMALL","ALL","2010","25.1"
"","SMALL","ALL","2011","25.3"
"","SMALL","ALL","2012","25.9"
"","SMALL","ALL","2013","26.9"
"","SMALL","ALL","2014","27.8"
"","SMALL","ALL","2015","29.1"
"","SMALL","ALL","2016","27.7"
"","SMALL","ALL","2017","30.6"
"","WHO_EURO","ALL","1985","27.5"
"","WHO_EURO","ALL","1986","28.6"
"","WHO_EURO","ALL","1987","29.1"
"","WHO_EURO","ALL","1988","29.5"
"","WHO_EURO","ALL","1989","29.9"
"","WHO_EURO","ALL","1990","30.3"
"","WHO_EURO","ALL","1991","30.9"
"","WHO_EURO","ALL","1992","31.3"
"","WHO_EURO","ALL","1993","31.8"
"","WHO_EURO","ALL","1994","32"
"","WHO_EURO","ALL","1995","31.1"
"","WHO_EURO","ALL","1996","30.8"
"","WHO_EURO","ALL","1997","31.1"
"","WHO_EURO","ALL","1998","31.4"
"","WHO_EURO","ALL","1999","31.4"
"","WHO_EURO","ALL","2000","31.1"
"","WHO_EURO","ALL","2001","31.4"
"","WHO_EURO","ALL","2002","32"
"","WHO_EURO","ALL","2003","32.1"
"","WHO_EURO","ALL","2004","32.5"
"","WHO_EURO","ALL","2005","32.6"
"","WHO_EURO","ALL","2006","33.2"
"","WHO_EURO","ALL","2007","33.4"
"","WHO_EURO","ALL","2008","33.6"
"","WHO_EURO","ALL","2009","34.1"
"","WHO_EURO","ALL","2010","34.5"
"","WHO_EURO","ALL","2011","33.5"
"","WHO_EURO","ALL","2012","33.3"
"","WHO_EURO","ALL","2013","33.5"
"","WHO_EURO","ALL","2014","33.7"
"","WHO_EURO","ALL","2015","33.5"
"","WHO_EURO","ALL","2016","34"
"","WHO_EURO","ALL","2017","34.6"
"","WHO_EURO","ALL","2018","35.1"
"","WHO_EURO","ALL","2019","36.2"

"Last update","2022.07.19 14:05:56 GMT"
"Description","Medical doctors  per 10 000 population"
"Reference link","https://dw.euro.who.int/api/v3/measures/EPW_30?lang=En"

"Copyright"
"© WHO Regional Office for Europe 2022. All rights reserved.","https://www.who.int/about/policies/publishing/copyright"
