"INDICATOR","EPW_19"

"EPW_19","Prevalence of raised blood pressure in adults aged greater or equal to 18 (%)"

"UNIT_TYPE","Unit"
"PERCENT","%"

"EXTERNID","ID in the originating data source"

"DATA_SOURCE","Data source"
"EPW","Indicators for European Programme of Work"

"DATA_TYPE_REPRESENTATION","Data type representation"
"RATIO","Ratio"

"DATA_SET","Data set"
"EPW","European Programme of Work, 2020 – 2025"

"DATA_MASK","Mask for controlling the output format of values"

"SEX","Sex"
"FEMALE","Female"
"MALE","Male"
"ALL","All"

"COUNTRY","COUNTRY_GRP","SEX","YEAR","VALUE"
"ALB","","ALL","1975","33.1"
"ALB","","ALL","1976","33"
"ALB","","ALL","1977","32.8"
"ALB","","ALL","1978","32.7"
"ALB","","ALL","1979","32.6"
"ALB","","ALL","1980","32.5"
"ALB","","ALL","1981","32.4"
"ALB","","ALL","1982","32.3"
"ALB","","ALL","1983","32.2"
"ALB","","ALL","1984","32.1"
"ALB","","ALL","1985","32"
"ALB","","ALL","1986","31.9"
"ALB","","ALL","1987","31.8"
"ALB","","ALL","1988","31.7"
"ALB","","ALL","1989","31.7"
"ALB","","ALL","1990","31.6"
"ALB","","ALL","1991","31.5"
"ALB","","ALL","1992","31.5"
"ALB","","ALL","1993","31.4"
"ALB","","ALL","1994","31.4"
"ALB","","ALL","1995","31.4"
"ALB","","ALL","1996","31.4"
"ALB","","ALL","1997","31.4"
"ALB","","ALL","1998","31.3"
"ALB","","ALL","1999","31.3"
"ALB","","ALL","2000","31.2"
"ALB","","ALL","2001","31.1"
"ALB","","ALL","2002","31.1"
"ALB","","ALL","2003","31"
"ALB","","ALL","2004","30.9"
"ALB","","ALL","2005","30.8"
"ALB","","ALL","2006","30.6"
"ALB","","ALL","2007","30.5"
"ALB","","ALL","2008","30.4"
"ALB","","ALL","2009","30.2"
"ALB","","ALL","2010","30.1"
"ALB","","ALL","2011","29.9"
"ALB","","ALL","2012","29.7"
"ALB","","ALL","2013","29.5"
"ALB","","ALL","2014","29.2"
"ALB","","ALL","2015","29"
"AND","","ALL","1975","37.9"
"AND","","ALL","1976","37.9"
"AND","","ALL","1977","37.7"
"AND","","ALL","1978","37.6"
"AND","","ALL","1979","37.4"
"AND","","ALL","1980","37.1"
"AND","","ALL","1981","36.8"
"AND","","ALL","1982","36.5"
"AND","","ALL","1983","36.1"
"AND","","ALL","1984","35.7"
"AND","","ALL","1985","35.2"
"AND","","ALL","1986","34.8"
"AND","","ALL","1987","34.2"
"AND","","ALL","1988","33.7"
"AND","","ALL","1989","33.2"
"AND","","ALL","1990","32.6"
"AND","","ALL","1991","32"
"AND","","ALL","1992","31.4"
"AND","","ALL","1993","30.8"
"AND","","ALL","1994","30.3"
"AND","","ALL","1995","29.7"
"AND","","ALL","1996","29.1"
"AND","","ALL","1997","28.5"
"AND","","ALL","1998","27.9"
"AND","","ALL","1999","27.3"
"AND","","ALL","2000","26.7"
"AND","","ALL","2001","26.2"
"AND","","ALL","2002","25.6"
"AND","","ALL","2003","25.1"
"AND","","ALL","2004","24.5"
"AND","","ALL","2005","23.9"
"AND","","ALL","2006","23.4"
"AND","","ALL","2007","22.8"
"AND","","ALL","2008","22.2"
"AND","","ALL","2009","21.7"
"AND","","ALL","2010","21.1"
"AND","","ALL","2011","20.6"
"AND","","ALL","2012","20.1"
"AND","","ALL","2013","19.6"
"AND","","ALL","2014","19.2"
"AND","","ALL","2015","18.7"
"ARM","","ALL","1975","35.4"
"ARM","","ALL","1976","35.2"
"ARM","","ALL","1977","35"
"ARM","","ALL","1978","34.8"
"ARM","","ALL","1979","34.6"
"ARM","","ALL","1980","34.3"
"ARM","","ALL","1981","34"
"ARM","","ALL","1982","33.7"
"ARM","","ALL","1983","33.4"
"ARM","","ALL","1984","33.1"
"ARM","","ALL","1985","32.7"
"ARM","","ALL","1986","32.4"
"ARM","","ALL","1987","32"
"ARM","","ALL","1988","31.7"
"ARM","","ALL","1989","31.3"
"ARM","","ALL","1990","31"
"ARM","","ALL","1991","30.7"
"ARM","","ALL","1992","30.3"
"ARM","","ALL","1993","30"
"ARM","","ALL","1994","29.6"
"ARM","","ALL","1995","29.3"
"ARM","","ALL","1996","28.9"
"ARM","","ALL","1997","28.6"
"ARM","","ALL","1998","28.3"
"ARM","","ALL","1999","28"
"ARM","","ALL","2000","27.7"
"ARM","","ALL","2001","27.5"
"ARM","","ALL","2002","27.3"
"ARM","","ALL","2003","27.1"
"ARM","","ALL","2004","26.9"
"ARM","","ALL","2005","26.8"
"ARM","","ALL","2006","26.6"
"ARM","","ALL","2007","26.5"
"ARM","","ALL","2008","26.3"
"ARM","","ALL","2009","26.2"
"ARM","","ALL","2010","26"
"ARM","","ALL","2011","25.9"
"ARM","","ALL","2012","25.8"
"ARM","","ALL","2013","25.7"
"ARM","","ALL","2014","25.6"
"ARM","","ALL","2015","25.5"
"AUT","","ALL","1975","35.9"
"AUT","","ALL","1976","35.6"
"AUT","","ALL","1977","35.4"
"AUT","","ALL","1978","35.1"
"AUT","","ALL","1979","34.9"
"AUT","","ALL","1980","34.6"
"AUT","","ALL","1981","34.4"
"AUT","","ALL","1982","34.2"
"AUT","","ALL","1983","33.9"
"AUT","","ALL","1984","33.7"
"AUT","","ALL","1985","33.5"
"AUT","","ALL","1986","33.3"
"AUT","","ALL","1987","33"
"AUT","","ALL","1988","32.8"
"AUT","","ALL","1989","32.5"
"AUT","","ALL","1990","32.2"
"AUT","","ALL","1991","31.9"
"AUT","","ALL","1992","31.5"
"AUT","","ALL","1993","31.1"
"AUT","","ALL","1994","30.7"
"AUT","","ALL","1995","30.3"
"AUT","","ALL","1996","29.9"
"AUT","","ALL","1997","29.5"
"AUT","","ALL","1998","29.1"
"AUT","","ALL","1999","28.7"
"AUT","","ALL","2000","28.2"
"AUT","","ALL","2001","27.8"
"AUT","","ALL","2002","27.3"
"AUT","","ALL","2003","26.9"
"AUT","","ALL","2004","26.4"
"AUT","","ALL","2005","25.9"
"AUT","","ALL","2006","25.3"
"AUT","","ALL","2007","24.8"
"AUT","","ALL","2008","24.3"
"AUT","","ALL","2009","23.8"
"AUT","","ALL","2010","23.3"
"AUT","","ALL","2011","22.8"
"AUT","","ALL","2012","22.3"
"AUT","","ALL","2013","21.9"
"AUT","","ALL","2014","21.4"
"AUT","","ALL","2015","21"
"AZE","","ALL","1975","32.4"
"AZE","","ALL","1976","32.1"
"AZE","","ALL","1977","31.9"
"AZE","","ALL","1978","31.6"
"AZE","","ALL","1979","31.3"
"AZE","","ALL","1980","31.1"
"AZE","","ALL","1981","30.8"
"AZE","","ALL","1982","30.5"
"AZE","","ALL","1983","30.2"
"AZE","","ALL","1984","30"
"AZE","","ALL","1985","29.7"
"AZE","","ALL","1986","29.4"
"AZE","","ALL","1987","29.1"
"AZE","","ALL","1988","28.9"
"AZE","","ALL","1989","28.6"
"AZE","","ALL","1990","28.3"
"AZE","","ALL","1991","28.1"
"AZE","","ALL","1992","27.8"
"AZE","","ALL","1993","27.6"
"AZE","","ALL","1994","27.4"
"AZE","","ALL","1995","27.1"
"AZE","","ALL","1996","26.9"
"AZE","","ALL","1997","26.7"
"AZE","","ALL","1998","26.5"
"AZE","","ALL","1999","26.3"
"AZE","","ALL","2000","26.2"
"AZE","","ALL","2001","26"
"AZE","","ALL","2002","25.9"
"AZE","","ALL","2003","25.7"
"AZE","","ALL","2004","25.6"
"AZE","","ALL","2005","25.5"
"AZE","","ALL","2006","25.4"
"AZE","","ALL","2007","25.3"
"AZE","","ALL","2008","25.1"
"AZE","","ALL","2009","25"
"AZE","","ALL","2010","24.9"
"AZE","","ALL","2011","24.8"
"AZE","","ALL","2012","24.8"
"AZE","","ALL","2013","24.7"
"AZE","","ALL","2014","24.6"
"AZE","","ALL","2015","24.5"
"BEL","","ALL","1975","40.6"
"BEL","","ALL","1976","39.8"
"BEL","","ALL","1977","39"
"BEL","","ALL","1978","38.2"
"BEL","","ALL","1979","37.4"
"BEL","","ALL","1980","36.7"
"BEL","","ALL","1981","35.9"
"BEL","","ALL","1982","35.1"
"BEL","","ALL","1983","34.3"
"BEL","","ALL","1984","33.5"
"BEL","","ALL","1985","32.8"
"BEL","","ALL","1986","32"
"BEL","","ALL","1987","31.3"
"BEL","","ALL","1988","30.7"
"BEL","","ALL","1989","30"
"BEL","","ALL","1990","29.3"
"BEL","","ALL","1991","28.7"
"BEL","","ALL","1992","28"
"BEL","","ALL","1993","27.4"
"BEL","","ALL","1994","26.7"
"BEL","","ALL","1995","26.1"
"BEL","","ALL","1996","25.4"
"BEL","","ALL","1997","24.8"
"BEL","","ALL","1998","24.2"
"BEL","","ALL","1999","23.6"
"BEL","","ALL","2000","23.1"
"BEL","","ALL","2001","22.6"
"BEL","","ALL","2002","22.1"
"BEL","","ALL","2003","21.7"
"BEL","","ALL","2004","21.3"
"BEL","","ALL","2005","20.9"
"BEL","","ALL","2006","20.5"
"BEL","","ALL","2007","20.1"
"BEL","","ALL","2008","19.7"
"BEL","","ALL","2009","19.4"
"BEL","","ALL","2010","19"
"BEL","","ALL","2011","18.7"
"BEL","","ALL","2012","18.4"
"BEL","","ALL","2013","18.1"
"BEL","","ALL","2014","17.8"
"BEL","","ALL","2015","17.5"
"BGR","","ALL","1975","37.7"
"BGR","","ALL","1976","37.8"
"BGR","","ALL","1977","38"
"BGR","","ALL","1978","38.1"
"BGR","","ALL","1979","38.1"
"BGR","","ALL","1980","38.2"
"BGR","","ALL","1981","38.3"
"BGR","","ALL","1982","38.3"
"BGR","","ALL","1983","38.3"
"BGR","","ALL","1984","38.3"
"BGR","","ALL","1985","38.3"
"BGR","","ALL","1986","38.2"
"BGR","","ALL","1987","38.1"
"BGR","","ALL","1988","38"
"BGR","","ALL","1989","37.8"
"BGR","","ALL","1990","37.6"
"BGR","","ALL","1991","37.3"
"BGR","","ALL","1992","37"
"BGR","","ALL","1993","36.6"
"BGR","","ALL","1994","36.2"
"BGR","","ALL","1995","35.8"
"BGR","","ALL","1996","35.4"
"BGR","","ALL","1997","34.9"
"BGR","","ALL","1998","34.4"
"BGR","","ALL","1999","34"
"BGR","","ALL","2000","33.5"
"BGR","","ALL","2001","33.1"
"BGR","","ALL","2002","32.7"
"BGR","","ALL","2003","32.2"
"BGR","","ALL","2004","31.8"
"BGR","","ALL","2005","31.4"
"BGR","","ALL","2006","31"
"BGR","","ALL","2007","30.6"
"BGR","","ALL","2008","30.3"
"BGR","","ALL","2009","30"
"BGR","","ALL","2010","29.7"
"BGR","","ALL","2011","29.5"
"BGR","","ALL","2012","29.2"
"BGR","","ALL","2013","28.9"
"BGR","","ALL","2014","28.6"
"BGR","","ALL","2015","28.4"
"BIH","","ALL","1975","31"
"BIH","","ALL","1976","31.1"
"BIH","","ALL","1977","31.3"
"BIH","","ALL","1978","31.5"
"BIH","","ALL","1979","31.6"
"BIH","","ALL","1980","31.8"
"BIH","","ALL","1981","32"
"BIH","","ALL","1982","32.1"
"BIH","","ALL","1983","32.2"
"BIH","","ALL","1984","32.3"
"BIH","","ALL","1985","32.4"
"BIH","","ALL","1986","32.4"
"BIH","","ALL","1987","32.4"
"BIH","","ALL","1988","32.4"
"BIH","","ALL","1989","32.4"
"BIH","","ALL","1990","32.3"
"BIH","","ALL","1991","32.2"
"BIH","","ALL","1992","32.1"
"BIH","","ALL","1993","32"
"BIH","","ALL","1994","31.8"
"BIH","","ALL","1995","31.6"
"BIH","","ALL","1996","31.5"
"BIH","","ALL","1997","31.3"
"BIH","","ALL","1998","31.1"
"BIH","","ALL","1999","31"
"BIH","","ALL","2000","30.9"
"BIH","","ALL","2001","30.8"
"BIH","","ALL","2002","30.7"
"BIH","","ALL","2003","30.7"
"BIH","","ALL","2004","30.7"
"BIH","","ALL","2005","30.6"
"BIH","","ALL","2006","30.6"
"BIH","","ALL","2007","30.7"
"BIH","","ALL","2008","30.7"
"BIH","","ALL","2009","30.7"
"BIH","","ALL","2010","30.7"
"BIH","","ALL","2011","30.7"
"BIH","","ALL","2012","30.8"
"BIH","","ALL","2013","30.8"
"BIH","","ALL","2014","30.8"
"BIH","","ALL","2015","30.8"
"BLR","","ALL","1975","39.4"
"BLR","","ALL","1976","39.6"
"BLR","","ALL","1977","39.7"
"BLR","","ALL","1978","39.9"
"BLR","","ALL","1979","39.9"
"BLR","","ALL","1980","40"
"BLR","","ALL","1981","40"
"BLR","","ALL","1982","40"
"BLR","","ALL","1983","39.9"
"BLR","","ALL","1984","39.9"
"BLR","","ALL","1985","39.7"
"BLR","","ALL","1986","39.6"
"BLR","","ALL","1987","39.4"
"BLR","","ALL","1988","39.1"
"BLR","","ALL","1989","38.9"
"BLR","","ALL","1990","38.6"
"BLR","","ALL","1991","38.2"
"BLR","","ALL","1992","37.9"
"BLR","","ALL","1993","37.5"
"BLR","","ALL","1994","37.1"
"BLR","","ALL","1995","36.6"
"BLR","","ALL","1996","36.3"
"BLR","","ALL","1997","35.9"
"BLR","","ALL","1998","35.5"
"BLR","","ALL","1999","35"
"BLR","","ALL","2000","34.6"
"BLR","","ALL","2001","34.1"
"BLR","","ALL","2002","33.6"
"BLR","","ALL","2003","33.1"
"BLR","","ALL","2004","32.5"
"BLR","","ALL","2005","31.9"
"BLR","","ALL","2006","31.3"
"BLR","","ALL","2007","30.8"
"BLR","","ALL","2008","30.3"
"BLR","","ALL","2009","29.8"
"BLR","","ALL","2010","29.3"
"BLR","","ALL","2011","28.9"
"BLR","","ALL","2012","28.4"
"BLR","","ALL","2013","28"
"BLR","","ALL","2014","27.5"
"BLR","","ALL","2015","27.1"
"CHE","","ALL","1975","30.1"
"CHE","","ALL","1976","29.8"
"CHE","","ALL","1977","29.4"
"CHE","","ALL","1978","29.1"
"CHE","","ALL","1979","28.7"
"CHE","","ALL","1980","28.4"
"CHE","","ALL","1981","28.1"
"CHE","","ALL","1982","27.9"
"CHE","","ALL","1983","27.7"
"CHE","","ALL","1984","27.6"
"CHE","","ALL","1985","27.4"
"CHE","","ALL","1986","27.3"
"CHE","","ALL","1987","27.2"
"CHE","","ALL","1988","27"
"CHE","","ALL","1989","26.9"
"CHE","","ALL","1990","26.7"
"CHE","","ALL","1991","26.5"
"CHE","","ALL","1992","26.2"
"CHE","","ALL","1993","25.9"
"CHE","","ALL","1994","25.5"
"CHE","","ALL","1995","25.1"
"CHE","","ALL","1996","24.6"
"CHE","","ALL","1997","24.2"
"CHE","","ALL","1998","23.7"
"CHE","","ALL","1999","23.3"
"CHE","","ALL","2000","22.8"
"CHE","","ALL","2001","22.4"
"CHE","","ALL","2002","22"
"CHE","","ALL","2003","21.6"
"CHE","","ALL","2004","21.3"
"CHE","","ALL","2005","20.9"
"CHE","","ALL","2006","20.6"
"CHE","","ALL","2007","20.3"
"CHE","","ALL","2008","20"
"CHE","","ALL","2009","19.7"
"CHE","","ALL","2010","19.4"
"CHE","","ALL","2011","19.1"
"CHE","","ALL","2012","18.8"
"CHE","","ALL","2013","18.6"
"CHE","","ALL","2014","18.3"
"CHE","","ALL","2015","18"
"CYP","","ALL","1975","26.1"
"CYP","","ALL","1976","26.3"
"CYP","","ALL","1977","26.5"
"CYP","","ALL","1978","26.7"
"CYP","","ALL","1979","26.9"
"CYP","","ALL","1980","27.1"
"CYP","","ALL","1981","27.3"
"CYP","","ALL","1982","27.4"
"CYP","","ALL","1983","27.4"
"CYP","","ALL","1984","27.4"
"CYP","","ALL","1985","27.4"
"CYP","","ALL","1986","27.4"
"CYP","","ALL","1987","27.3"
"CYP","","ALL","1988","27.3"
"CYP","","ALL","1989","27.3"
"CYP","","ALL","1990","27.3"
"CYP","","ALL","1991","27.3"
"CYP","","ALL","1992","27.2"
"CYP","","ALL","1993","27.1"
"CYP","","ALL","1994","27"
"CYP","","ALL","1995","26.8"
"CYP","","ALL","1996","26.6"
"CYP","","ALL","1997","26.4"
"CYP","","ALL","1998","26.1"
"CYP","","ALL","1999","25.8"
"CYP","","ALL","2000","25.5"
"CYP","","ALL","2001","25.1"
"CYP","","ALL","2002","24.7"
"CYP","","ALL","2003","24.4"
"CYP","","ALL","2004","24"
"CYP","","ALL","2005","23.7"
"CYP","","ALL","2006","23.3"
"CYP","","ALL","2007","22.9"
"CYP","","ALL","2008","22.5"
"CYP","","ALL","2009","22.1"
"CYP","","ALL","2010","21.7"
"CYP","","ALL","2011","21.3"
"CYP","","ALL","2012","20.9"
"CYP","","ALL","2013","20.5"
"CYP","","ALL","2014","20.2"
"CYP","","ALL","2015","19.8"
"CZE","","ALL","1975","42"
"CZE","","ALL","1976","41.9"
"CZE","","ALL","1977","41.7"
"CZE","","ALL","1978","41.6"
"CZE","","ALL","1979","41.4"
"CZE","","ALL","1980","41.2"
"CZE","","ALL","1981","41"
"CZE","","ALL","1982","40.7"
"CZE","","ALL","1983","40.3"
"CZE","","ALL","1984","39.9"
"CZE","","ALL","1985","39.5"
"CZE","","ALL","1986","39"
"CZE","","ALL","1987","38.5"
"CZE","","ALL","1988","38.1"
"CZE","","ALL","1989","37.6"
"CZE","","ALL","1990","37.1"
"CZE","","ALL","1991","36.6"
"CZE","","ALL","1992","36.1"
"CZE","","ALL","1993","35.6"
"CZE","","ALL","1994","35.1"
"CZE","","ALL","1995","34.6"
"CZE","","ALL","1996","34.1"
"CZE","","ALL","1997","33.6"
"CZE","","ALL","1998","33.1"
"CZE","","ALL","1999","32.7"
"CZE","","ALL","2000","32.2"
"CZE","","ALL","2001","31.8"
"CZE","","ALL","2002","31.5"
"CZE","","ALL","2003","31.1"
"CZE","","ALL","2004","30.8"
"CZE","","ALL","2005","30.6"
"CZE","","ALL","2006","30.3"
"CZE","","ALL","2007","30"
"CZE","","ALL","2008","29.8"
"CZE","","ALL","2009","29.5"
"CZE","","ALL","2010","29.2"
"CZE","","ALL","2011","28.9"
"CZE","","ALL","2012","28.7"
"CZE","","ALL","2013","28.4"
"CZE","","ALL","2014","28.1"
"CZE","","ALL","2015","27.9"
"DEU","","ALL","1975","40.1"
"DEU","","ALL","1976","39.9"
"DEU","","ALL","1977","39.7"
"DEU","","ALL","1978","39.4"
"DEU","","ALL","1979","39.2"
"DEU","","ALL","1980","39"
"DEU","","ALL","1981","38.8"
"DEU","","ALL","1982","38.6"
"DEU","","ALL","1983","38.3"
"DEU","","ALL","1984","38"
"DEU","","ALL","1985","37.8"
"DEU","","ALL","1986","37.5"
"DEU","","ALL","1987","37.2"
"DEU","","ALL","1988","36.8"
"DEU","","ALL","1989","36.4"
"DEU","","ALL","1990","36"
"DEU","","ALL","1991","35.5"
"DEU","","ALL","1992","35"
"DEU","","ALL","1993","34.4"
"DEU","","ALL","1994","33.7"
"DEU","","ALL","1995","33.1"
"DEU","","ALL","1996","32.3"
"DEU","","ALL","1997","31.6"
"DEU","","ALL","1998","30.8"
"DEU","","ALL","1999","30.1"
"DEU","","ALL","2000","29.4"
"DEU","","ALL","2001","28.6"
"DEU","","ALL","2002","27.9"
"DEU","","ALL","2003","27.2"
"DEU","","ALL","2004","26.5"
"DEU","","ALL","2005","25.8"
"DEU","","ALL","2006","25.2"
"DEU","","ALL","2007","24.5"
"DEU","","ALL","2008","23.9"
"DEU","","ALL","2009","23.3"
"DEU","","ALL","2010","22.7"
"DEU","","ALL","2011","22.1"
"DEU","","ALL","2012","21.5"
"DEU","","ALL","2013","21"
"DEU","","ALL","2014","20.5"
"DEU","","ALL","2015","19.9"
"DNK","","ALL","1975","39.3"
"DNK","","ALL","1976","38.9"
"DNK","","ALL","1977","38.4"
"DNK","","ALL","1978","37.9"
"DNK","","ALL","1979","37.4"
"DNK","","ALL","1980","36.9"
"DNK","","ALL","1981","36.4"
"DNK","","ALL","1982","35.9"
"DNK","","ALL","1983","35.4"
"DNK","","ALL","1984","34.8"
"DNK","","ALL","1985","34.3"
"DNK","","ALL","1986","33.8"
"DNK","","ALL","1987","33.2"
"DNK","","ALL","1988","32.8"
"DNK","","ALL","1989","32.3"
"DNK","","ALL","1990","31.9"
"DNK","","ALL","1991","31.5"
"DNK","","ALL","1992","31.2"
"DNK","","ALL","1993","31"
"DNK","","ALL","1994","30.7"
"DNK","","ALL","1995","30.5"
"DNK","","ALL","1996","30.2"
"DNK","","ALL","1997","29.9"
"DNK","","ALL","1998","29.5"
"DNK","","ALL","1999","29.1"
"DNK","","ALL","2000","28.7"
"DNK","","ALL","2001","28.3"
"DNK","","ALL","2002","27.8"
"DNK","","ALL","2003","27.4"
"DNK","","ALL","2004","26.9"
"DNK","","ALL","2005","26.4"
"DNK","","ALL","2006","26"
"DNK","","ALL","2007","25.4"
"DNK","","ALL","2008","24.9"
"DNK","","ALL","2009","24.3"
"DNK","","ALL","2010","23.6"
"DNK","","ALL","2011","23"
"DNK","","ALL","2012","22.4"
"DNK","","ALL","2013","21.8"
"DNK","","ALL","2014","21.2"
"DNK","","ALL","2015","20.6"
"ESP","","ALL","1975","35.2"
"ESP","","ALL","1976","35"
"ESP","","ALL","1977","34.8"
"ESP","","ALL","1978","34.5"
"ESP","","ALL","1979","34.3"
"ESP","","ALL","1980","34"
"ESP","","ALL","1981","33.7"
"ESP","","ALL","1982","33.4"
"ESP","","ALL","1983","33.1"
"ESP","","ALL","1984","32.8"
"ESP","","ALL","1985","32.5"
"ESP","","ALL","1986","32.1"
"ESP","","ALL","1987","31.8"
"ESP","","ALL","1988","31.4"
"ESP","","ALL","1989","31"
"ESP","","ALL","1990","30.6"
"ESP","","ALL","1991","30.2"
"ESP","","ALL","1992","29.8"
"ESP","","ALL","1993","29.4"
"ESP","","ALL","1994","28.9"
"ESP","","ALL","1995","28.5"
"ESP","","ALL","1996","28.1"
"ESP","","ALL","1997","27.7"
"ESP","","ALL","1998","27.3"
"ESP","","ALL","1999","26.9"
"ESP","","ALL","2000","26.5"
"ESP","","ALL","2001","26.1"
"ESP","","ALL","2002","25.7"
"ESP","","ALL","2003","25.3"
"ESP","","ALL","2004","24.8"
"ESP","","ALL","2005","24.3"
"ESP","","ALL","2006","23.8"
"ESP","","ALL","2007","23.3"
"ESP","","ALL","2008","22.8"
"ESP","","ALL","2009","22.3"
"ESP","","ALL","2010","21.7"
"ESP","","ALL","2011","21.2"
"ESP","","ALL","2012","20.7"
"ESP","","ALL","2013","20.2"
"ESP","","ALL","2014","19.7"
"ESP","","ALL","2015","19.2"
"EST","","ALL","1975","43.3"
"EST","","ALL","1976","43.1"
"EST","","ALL","1977","42.9"
"EST","","ALL","1978","42.7"
"EST","","ALL","1979","42.4"
"EST","","ALL","1980","42.2"
"EST","","ALL","1981","41.9"
"EST","","ALL","1982","41.6"
"EST","","ALL","1983","41.2"
"EST","","ALL","1984","40.8"
"EST","","ALL","1985","40.5"
"EST","","ALL","1986","40"
"EST","","ALL","1987","39.6"
"EST","","ALL","1988","39.1"
"EST","","ALL","1989","38.7"
"EST","","ALL","1990","38.2"
"EST","","ALL","1991","37.6"
"EST","","ALL","1992","37.1"
"EST","","ALL","1993","36.5"
"EST","","ALL","1994","36"
"EST","","ALL","1995","35.4"
"EST","","ALL","1996","34.8"
"EST","","ALL","1997","34.2"
"EST","","ALL","1998","33.7"
"EST","","ALL","1999","33.1"
"EST","","ALL","2000","32.6"
"EST","","ALL","2001","32.1"
"EST","","ALL","2002","31.7"
"EST","","ALL","2003","31.2"
"EST","","ALL","2004","30.9"
"EST","","ALL","2005","30.5"
"EST","","ALL","2006","30.2"
"EST","","ALL","2007","29.9"
"EST","","ALL","2008","29.5"
"EST","","ALL","2009","29.2"
"EST","","ALL","2010","28.9"
"EST","","ALL","2011","28.5"
"EST","","ALL","2012","28.2"
"EST","","ALL","2013","27.9"
"EST","","ALL","2014","27.7"
"EST","","ALL","2015","27.4"
"FIN","","ALL","1975","37.4"
"FIN","","ALL","1976","37.3"
"FIN","","ALL","1977","37.1"
"FIN","","ALL","1978","36.9"
"FIN","","ALL","1979","36.7"
"FIN","","ALL","1980","36.5"
"FIN","","ALL","1981","36.2"
"FIN","","ALL","1982","35.9"
"FIN","","ALL","1983","35.6"
"FIN","","ALL","1984","35.2"
"FIN","","ALL","1985","34.9"
"FIN","","ALL","1986","34.5"
"FIN","","ALL","1987","34.2"
"FIN","","ALL","1988","33.8"
"FIN","","ALL","1989","33.4"
"FIN","","ALL","1990","33"
"FIN","","ALL","1991","32.5"
"FIN","","ALL","1992","32.1"
"FIN","","ALL","1993","31.6"
"FIN","","ALL","1994","31"
"FIN","","ALL","1995","30.5"
"FIN","","ALL","1996","29.9"
"FIN","","ALL","1997","29.3"
"FIN","","ALL","1998","28.7"
"FIN","","ALL","1999","28.1"
"FIN","","ALL","2000","27.4"
"FIN","","ALL","2001","26.8"
"FIN","","ALL","2002","26.2"
"FIN","","ALL","2003","25.6"
"FIN","","ALL","2004","25"
"FIN","","ALL","2005","24.5"
"FIN","","ALL","2006","23.9"
"FIN","","ALL","2007","23.3"
"FIN","","ALL","2008","22.8"
"FIN","","ALL","2009","22.3"
"FIN","","ALL","2010","21.8"
"FIN","","ALL","2011","21.3"
"FIN","","ALL","2012","20.8"
"FIN","","ALL","2013","20.3"
"FIN","","ALL","2014","19.8"
"FIN","","ALL","2015","19.4"
"FRA","","ALL","1975","40.6"
"FRA","","ALL","1976","40.4"
"FRA","","ALL","1977","40.1"
"FRA","","ALL","1978","39.8"
"FRA","","ALL","1979","39.5"
"FRA","","ALL","1980","39.2"
"FRA","","ALL","1981","38.9"
"FRA","","ALL","1982","38.5"
"FRA","","ALL","1983","38.1"
"FRA","","ALL","1984","37.7"
"FRA","","ALL","1985","37.3"
"FRA","","ALL","1986","36.8"
"FRA","","ALL","1987","36.4"
"FRA","","ALL","1988","35.9"
"FRA","","ALL","1989","35.5"
"FRA","","ALL","1990","35"
"FRA","","ALL","1991","34.5"
"FRA","","ALL","1992","34"
"FRA","","ALL","1993","33.5"
"FRA","","ALL","1994","33"
"FRA","","ALL","1995","32.5"
"FRA","","ALL","1996","32"
"FRA","","ALL","1997","31.5"
"FRA","","ALL","1998","31.1"
"FRA","","ALL","1999","30.6"
"FRA","","ALL","2000","30.1"
"FRA","","ALL","2001","29.7"
"FRA","","ALL","2002","29.2"
"FRA","","ALL","2003","28.7"
"FRA","","ALL","2004","28.2"
"FRA","","ALL","2005","27.7"
"FRA","","ALL","2006","27.1"
"FRA","","ALL","2007","26.5"
"FRA","","ALL","2008","26"
"FRA","","ALL","2009","25.4"
"FRA","","ALL","2010","24.8"
"FRA","","ALL","2011","24.2"
"FRA","","ALL","2012","23.6"
"FRA","","ALL","2013","23.1"
"FRA","","ALL","2014","22.5"
"FRA","","ALL","2015","22"
"GBR","","ALL","1975","33.1"
"GBR","","ALL","1976","32.8"
"GBR","","ALL","1977","32.5"
"GBR","","ALL","1978","32.3"
"GBR","","ALL","1979","32"
"GBR","","ALL","1980","31.7"
"GBR","","ALL","1981","31.5"
"GBR","","ALL","1982","31.2"
"GBR","","ALL","1983","30.9"
"GBR","","ALL","1984","30.6"
"GBR","","ALL","1985","30.3"
"GBR","","ALL","1986","30"
"GBR","","ALL","1987","29.7"
"GBR","","ALL","1988","29.3"
"GBR","","ALL","1989","29"
"GBR","","ALL","1990","28.7"
"GBR","","ALL","1991","28.3"
"GBR","","ALL","1992","27.9"
"GBR","","ALL","1993","27.4"
"GBR","","ALL","1994","27"
"GBR","","ALL","1995","26.5"
"GBR","","ALL","1996","26"
"GBR","","ALL","1997","25.4"
"GBR","","ALL","1998","24.8"
"GBR","","ALL","1999","24.3"
"GBR","","ALL","2000","23.7"
"GBR","","ALL","2001","23.1"
"GBR","","ALL","2002","22.5"
"GBR","","ALL","2003","21.9"
"GBR","","ALL","2004","21.3"
"GBR","","ALL","2005","20.7"
"GBR","","ALL","2006","20.1"
"GBR","","ALL","2007","19.5"
"GBR","","ALL","2008","19"
"GBR","","ALL","2009","18.4"
"GBR","","ALL","2010","17.8"
"GBR","","ALL","2011","17.3"
"GBR","","ALL","2012","16.7"
"GBR","","ALL","2013","16.2"
"GBR","","ALL","2014","15.7"
"GBR","","ALL","2015","15.2"
"GEO","","ALL","1975","30.9"
"GEO","","ALL","1976","30.7"
"GEO","","ALL","1977","30.5"
"GEO","","ALL","1978","30.3"
"GEO","","ALL","1979","30.2"
"GEO","","ALL","1980","30"
"GEO","","ALL","1981","29.8"
"GEO","","ALL","1982","29.6"
"GEO","","ALL","1983","29.5"
"GEO","","ALL","1984","29.3"
"GEO","","ALL","1985","29.1"
"GEO","","ALL","1986","28.9"
"GEO","","ALL","1987","28.7"
"GEO","","ALL","1988","28.5"
"GEO","","ALL","1989","28.3"
"GEO","","ALL","1990","28.1"
"GEO","","ALL","1991","27.9"
"GEO","","ALL","1992","27.6"
"GEO","","ALL","1993","27.4"
"GEO","","ALL","1994","27.2"
"GEO","","ALL","1995","27"
"GEO","","ALL","1996","26.8"
"GEO","","ALL","1997","26.7"
"GEO","","ALL","1998","26.5"
"GEO","","ALL","1999","26.4"
"GEO","","ALL","2000","26.3"
"GEO","","ALL","2001","26.2"
"GEO","","ALL","2002","26.1"
"GEO","","ALL","2003","26"
"GEO","","ALL","2004","26"
"GEO","","ALL","2005","26"
"GEO","","ALL","2006","26.1"
"GEO","","ALL","2007","26.1"
"GEO","","ALL","2008","26.2"
"GEO","","ALL","2009","26.2"
"GEO","","ALL","2010","26.2"
"GEO","","ALL","2011","26.2"
"GEO","","ALL","2012","26.2"
"GEO","","ALL","2013","26.2"
"GEO","","ALL","2014","26.3"
"GEO","","ALL","2015","26.3"
"GRC","","ALL","1975","32.4"
"GRC","","ALL","1976","32.3"
"GRC","","ALL","1977","32.1"
"GRC","","ALL","1978","31.9"
"GRC","","ALL","1979","31.8"
"GRC","","ALL","1980","31.6"
"GRC","","ALL","1981","31.4"
"GRC","","ALL","1982","31.1"
"GRC","","ALL","1983","30.9"
"GRC","","ALL","1984","30.6"
"GRC","","ALL","1985","30.4"
"GRC","","ALL","1986","30.1"
"GRC","","ALL","1987","29.8"
"GRC","","ALL","1988","29.5"
"GRC","","ALL","1989","29.2"
"GRC","","ALL","1990","28.9"
"GRC","","ALL","1991","28.5"
"GRC","","ALL","1992","28.2"
"GRC","","ALL","1993","27.8"
"GRC","","ALL","1994","27.4"
"GRC","","ALL","1995","26.9"
"GRC","","ALL","1996","26.5"
"GRC","","ALL","1997","26.1"
"GRC","","ALL","1998","25.7"
"GRC","","ALL","1999","25.2"
"GRC","","ALL","2000","24.8"
"GRC","","ALL","2001","24.4"
"GRC","","ALL","2002","24"
"GRC","","ALL","2003","23.6"
"GRC","","ALL","2004","23.2"
"GRC","","ALL","2005","22.8"
"GRC","","ALL","2006","22.4"
"GRC","","ALL","2007","22"
"GRC","","ALL","2008","21.6"
"GRC","","ALL","2009","21.3"
"GRC","","ALL","2010","20.9"
"GRC","","ALL","2011","20.5"
"GRC","","ALL","2012","20.2"
"GRC","","ALL","2013","19.8"
"GRC","","ALL","2014","19.5"
"GRC","","ALL","2015","19.1"
"HRV","","ALL","1975","38.2"
"HRV","","ALL","1976","38.2"
"HRV","","ALL","1977","38.3"
"HRV","","ALL","1978","38.4"
"HRV","","ALL","1979","38.4"
"HRV","","ALL","1980","38.4"
"HRV","","ALL","1981","38.4"
"HRV","","ALL","1982","38.3"
"HRV","","ALL","1983","38.2"
"HRV","","ALL","1984","38.1"
"HRV","","ALL","1985","37.9"
"HRV","","ALL","1986","37.7"
"HRV","","ALL","1987","37.5"
"HRV","","ALL","1988","37.3"
"HRV","","ALL","1989","37.1"
"HRV","","ALL","1990","36.8"
"HRV","","ALL","1991","36.5"
"HRV","","ALL","1992","36.3"
"HRV","","ALL","1993","36"
"HRV","","ALL","1994","35.7"
"HRV","","ALL","1995","35.4"
"HRV","","ALL","1996","35.2"
"HRV","","ALL","1997","34.9"
"HRV","","ALL","1998","34.6"
"HRV","","ALL","1999","34.3"
"HRV","","ALL","2000","34"
"HRV","","ALL","2001","33.7"
"HRV","","ALL","2002","33.4"
"HRV","","ALL","2003","33.2"
"HRV","","ALL","2004","33"
"HRV","","ALL","2005","32.8"
"HRV","","ALL","2006","32.7"
"HRV","","ALL","2007","32.6"
"HRV","","ALL","2008","32.6"
"HRV","","ALL","2009","32.5"
"HRV","","ALL","2010","32.5"
"HRV","","ALL","2011","32.5"
"HRV","","ALL","2012","32.4"
"HRV","","ALL","2013","32.4"
"HRV","","ALL","2014","32.4"
"HRV","","ALL","2015","32.4"
"HUN","","ALL","1975","43"
"HUN","","ALL","1976","42.9"
"HUN","","ALL","1977","42.8"
"HUN","","ALL","1978","42.6"
"HUN","","ALL","1979","42.5"
"HUN","","ALL","1980","42.3"
"HUN","","ALL","1981","42.2"
"HUN","","ALL","1982","42"
"HUN","","ALL","1983","41.8"
"HUN","","ALL","1984","41.6"
"HUN","","ALL","1985","41.5"
"HUN","","ALL","1986","41.3"
"HUN","","ALL","1987","41.1"
"HUN","","ALL","1988","40.9"
"HUN","","ALL","1989","40.7"
"HUN","","ALL","1990","40.5"
"HUN","","ALL","1991","40.2"
"HUN","","ALL","1992","39.9"
"HUN","","ALL","1993","39.5"
"HUN","","ALL","1994","39.1"
"HUN","","ALL","1995","38.7"
"HUN","","ALL","1996","38.2"
"HUN","","ALL","1997","37.7"
"HUN","","ALL","1998","37.2"
"HUN","","ALL","1999","36.6"
"HUN","","ALL","2000","36.1"
"HUN","","ALL","2001","35.6"
"HUN","","ALL","2002","35.2"
"HUN","","ALL","2003","34.7"
"HUN","","ALL","2004","34.3"
"HUN","","ALL","2005","33.9"
"HUN","","ALL","2006","33.5"
"HUN","","ALL","2007","33.1"
"HUN","","ALL","2008","32.7"
"HUN","","ALL","2009","32.3"
"HUN","","ALL","2010","31.9"
"HUN","","ALL","2011","31.5"
"HUN","","ALL","2012","31.1"
"HUN","","ALL","2013","30.8"
"HUN","","ALL","2014","30.4"
"HUN","","ALL","2015","30"
"IRL","","ALL","1975","33.1"
"IRL","","ALL","1976","33"
"IRL","","ALL","1977","32.9"
"IRL","","ALL","1978","32.8"
"IRL","","ALL","1979","32.6"
"IRL","","ALL","1980","32.5"
"IRL","","ALL","1981","32.3"
"IRL","","ALL","1982","32"
"IRL","","ALL","1983","31.8"
"IRL","","ALL","1984","31.5"
"IRL","","ALL","1985","31.2"
"IRL","","ALL","1986","30.9"
"IRL","","ALL","1987","30.6"
"IRL","","ALL","1988","30.2"
"IRL","","ALL","1989","29.9"
"IRL","","ALL","1990","29.6"
"IRL","","ALL","1991","29.2"
"IRL","","ALL","1992","29"
"IRL","","ALL","1993","28.7"
"IRL","","ALL","1994","28.4"
"IRL","","ALL","1995","28.1"
"IRL","","ALL","1996","27.9"
"IRL","","ALL","1997","27.6"
"IRL","","ALL","1998","27.4"
"IRL","","ALL","1999","27.2"
"IRL","","ALL","2000","26.9"
"IRL","","ALL","2001","26.7"
"IRL","","ALL","2002","26.4"
"IRL","","ALL","2003","26.1"
"IRL","","ALL","2004","25.7"
"IRL","","ALL","2005","25.2"
"IRL","","ALL","2006","24.7"
"IRL","","ALL","2007","24.2"
"IRL","","ALL","2008","23.6"
"IRL","","ALL","2009","23"
"IRL","","ALL","2010","22.4"
"IRL","","ALL","2011","21.8"
"IRL","","ALL","2012","21.3"
"IRL","","ALL","2013","20.7"
"IRL","","ALL","2014","20.2"
"IRL","","ALL","2015","19.7"
"ISL","","ALL","1975","40.9"
"ISL","","ALL","1976","40.3"
"ISL","","ALL","1977","39.7"
"ISL","","ALL","1978","39.1"
"ISL","","ALL","1979","38.5"
"ISL","","ALL","1980","37.8"
"ISL","","ALL","1981","37.2"
"ISL","","ALL","1982","36.6"
"ISL","","ALL","1983","35.9"
"ISL","","ALL","1984","35.3"
"ISL","","ALL","1985","34.7"
"ISL","","ALL","1986","34.2"
"ISL","","ALL","1987","33.6"
"ISL","","ALL","1988","33.1"
"ISL","","ALL","1989","32.5"
"ISL","","ALL","1990","32"
"ISL","","ALL","1991","31.4"
"ISL","","ALL","1992","30.8"
"ISL","","ALL","1993","30.3"
"ISL","","ALL","1994","29.6"
"ISL","","ALL","1995","29"
"ISL","","ALL","1996","28.4"
"ISL","","ALL","1997","27.9"
"ISL","","ALL","1998","27.3"
"ISL","","ALL","1999","26.8"
"ISL","","ALL","2000","26.3"
"ISL","","ALL","2001","25.8"
"ISL","","ALL","2002","25.3"
"ISL","","ALL","2003","24.9"
"ISL","","ALL","2004","24.5"
"ISL","","ALL","2005","24.1"
"ISL","","ALL","2006","23.6"
"ISL","","ALL","2007","23.2"
"ISL","","ALL","2008","22.8"
"ISL","","ALL","2009","22.3"
"ISL","","ALL","2010","21.9"
"ISL","","ALL","2011","21.4"
"ISL","","ALL","2012","21"
"ISL","","ALL","2013","20.5"
"ISL","","ALL","2014","20.1"
"ISL","","ALL","2015","19.7"
"ISR","","ALL","1975","37.4"
"ISR","","ALL","1976","36.9"
"ISR","","ALL","1977","36.5"
"ISR","","ALL","1978","36.1"
"ISR","","ALL","1979","35.6"
"ISR","","ALL","1980","35.2"
"ISR","","ALL","1981","34.8"
"ISR","","ALL","1982","34.3"
"ISR","","ALL","1983","33.9"
"ISR","","ALL","1984","33.4"
"ISR","","ALL","1985","32.9"
"ISR","","ALL","1986","32.4"
"ISR","","ALL","1987","31.9"
"ISR","","ALL","1988","31.4"
"ISR","","ALL","1989","30.8"
"ISR","","ALL","1990","30.2"
"ISR","","ALL","1991","29.5"
"ISR","","ALL","1992","28.9"
"ISR","","ALL","1993","28.3"
"ISR","","ALL","1994","27.7"
"ISR","","ALL","1995","27.1"
"ISR","","ALL","1996","26.5"
"ISR","","ALL","1997","25.9"
"ISR","","ALL","1998","25.3"
"ISR","","ALL","1999","24.8"
"ISR","","ALL","2000","24.2"
"ISR","","ALL","2001","23.7"
"ISR","","ALL","2002","23.1"
"ISR","","ALL","2003","22.6"
"ISR","","ALL","2004","22.1"
"ISR","","ALL","2005","21.5"
"ISR","","ALL","2006","21"
"ISR","","ALL","2007","20.5"
"ISR","","ALL","2008","19.9"
"ISR","","ALL","2009","19.4"
"ISR","","ALL","2010","18.9"
"ISR","","ALL","2011","18.5"
"ISR","","ALL","2012","18"
"ISR","","ALL","2013","17.5"
"ISR","","ALL","2014","17.1"
"ISR","","ALL","2015","16.6"
"ITA","","ALL","1975","35.6"
"ITA","","ALL","1976","35.6"
"ITA","","ALL","1977","35.5"
"ITA","","ALL","1978","35.4"
"ITA","","ALL","1979","35.4"
"ITA","","ALL","1980","35.3"
"ITA","","ALL","1981","35.2"
"ITA","","ALL","1982","35"
"ITA","","ALL","1983","34.9"
"ITA","","ALL","1984","34.7"
"ITA","","ALL","1985","34.5"
"ITA","","ALL","1986","34.3"
"ITA","","ALL","1987","34.1"
"ITA","","ALL","1988","33.9"
"ITA","","ALL","1989","33.6"
"ITA","","ALL","1990","33.3"
"ITA","","ALL","1991","33"
"ITA","","ALL","1992","32.6"
"ITA","","ALL","1993","32.3"
"ITA","","ALL","1994","31.9"
"ITA","","ALL","1995","31.5"
"ITA","","ALL","1996","31.1"
"ITA","","ALL","1997","30.7"
"ITA","","ALL","1998","30.3"
"ITA","","ALL","1999","29.9"
"ITA","","ALL","2000","29.4"
"ITA","","ALL","2001","28.9"
"ITA","","ALL","2002","28.5"
"ITA","","ALL","2003","28"
"ITA","","ALL","2004","27.5"
"ITA","","ALL","2005","26.9"
"ITA","","ALL","2006","26.3"
"ITA","","ALL","2007","25.8"
"ITA","","ALL","2008","25.2"
"ITA","","ALL","2009","24.6"
"ITA","","ALL","2010","24"
"ITA","","ALL","2011","23.4"
"ITA","","ALL","2012","22.8"
"ITA","","ALL","2013","22.3"
"ITA","","ALL","2014","21.7"
"ITA","","ALL","2015","21.2"
"KAZ","","ALL","1975","34.5"
"KAZ","","ALL","1976","34.4"
"KAZ","","ALL","1977","34.3"
"KAZ","","ALL","1978","34.1"
"KAZ","","ALL","1979","33.9"
"KAZ","","ALL","1980","33.7"
"KAZ","","ALL","1981","33.5"
"KAZ","","ALL","1982","33.3"
"KAZ","","ALL","1983","33"
"KAZ","","ALL","1984","32.8"
"KAZ","","ALL","1985","32.5"
"KAZ","","ALL","1986","32.3"
"KAZ","","ALL","1987","32"
"KAZ","","ALL","1988","31.8"
"KAZ","","ALL","1989","31.5"
"KAZ","","ALL","1990","31.2"
"KAZ","","ALL","1991","30.9"
"KAZ","","ALL","1992","30.7"
"KAZ","","ALL","1993","30.4"
"KAZ","","ALL","1994","30.1"
"KAZ","","ALL","1995","29.8"
"KAZ","","ALL","1996","29.5"
"KAZ","","ALL","1997","29.3"
"KAZ","","ALL","1998","29"
"KAZ","","ALL","1999","28.8"
"KAZ","","ALL","2000","28.6"
"KAZ","","ALL","2001","28.4"
"KAZ","","ALL","2002","28.2"
"KAZ","","ALL","2003","28.1"
"KAZ","","ALL","2004","27.9"
"KAZ","","ALL","2005","27.8"
"KAZ","","ALL","2006","27.6"
"KAZ","","ALL","2007","27.6"
"KAZ","","ALL","2008","27.5"
"KAZ","","ALL","2009","27.4"
"KAZ","","ALL","2010","27.3"
"KAZ","","ALL","2011","27.2"
"KAZ","","ALL","2012","27.2"
"KAZ","","ALL","2013","27.1"
"KAZ","","ALL","2014","27.1"
"KAZ","","ALL","2015","27.1"
"KGZ","","ALL","1975","30.2"
"KGZ","","ALL","1976","30.1"
"KGZ","","ALL","1977","29.9"
"KGZ","","ALL","1978","29.8"
"KGZ","","ALL","1979","29.6"
"KGZ","","ALL","1980","29.5"
"KGZ","","ALL","1981","29.3"
"KGZ","","ALL","1982","29.1"
"KGZ","","ALL","1983","28.9"
"KGZ","","ALL","1984","28.8"
"KGZ","","ALL","1985","28.6"
"KGZ","","ALL","1986","28.4"
"KGZ","","ALL","1987","28.2"
"KGZ","","ALL","1988","28.1"
"KGZ","","ALL","1989","27.9"
"KGZ","","ALL","1990","27.8"
"KGZ","","ALL","1991","27.6"
"KGZ","","ALL","1992","27.5"
"KGZ","","ALL","1993","27.4"
"KGZ","","ALL","1994","27.3"
"KGZ","","ALL","1995","27.2"
"KGZ","","ALL","1996","27.1"
"KGZ","","ALL","1997","27"
"KGZ","","ALL","1998","27"
"KGZ","","ALL","1999","26.9"
"KGZ","","ALL","2000","26.9"
"KGZ","","ALL","2001","26.8"
"KGZ","","ALL","2002","26.8"
"KGZ","","ALL","2003","26.8"
"KGZ","","ALL","2004","26.7"
"KGZ","","ALL","2005","26.7"
"KGZ","","ALL","2006","26.7"
"KGZ","","ALL","2007","26.6"
"KGZ","","ALL","2008","26.6"
"KGZ","","ALL","2009","26.6"
"KGZ","","ALL","2010","26.6"
"KGZ","","ALL","2011","26.6"
"KGZ","","ALL","2012","26.6"
"KGZ","","ALL","2013","26.6"
"KGZ","","ALL","2014","26.7"
"KGZ","","ALL","2015","26.7"
"LTU","","ALL","1975","42.8"
"LTU","","ALL","1976","42.9"
"LTU","","ALL","1977","43"
"LTU","","ALL","1978","43"
"LTU","","ALL","1979","43"
"LTU","","ALL","1980","43"
"LTU","","ALL","1981","43"
"LTU","","ALL","1982","42.8"
"LTU","","ALL","1983","42.7"
"LTU","","ALL","1984","42.5"
"LTU","","ALL","1985","42.3"
"LTU","","ALL","1986","42"
"LTU","","ALL","1987","41.7"
"LTU","","ALL","1988","41.4"
"LTU","","ALL","1989","41"
"LTU","","ALL","1990","40.7"
"LTU","","ALL","1991","40.2"
"LTU","","ALL","1992","39.8"
"LTU","","ALL","1993","39.3"
"LTU","","ALL","1994","38.8"
"LTU","","ALL","1995","38.3"
"LTU","","ALL","1996","37.8"
"LTU","","ALL","1997","37.2"
"LTU","","ALL","1998","36.6"
"LTU","","ALL","1999","36"
"LTU","","ALL","2000","35.4"
"LTU","","ALL","2001","34.8"
"LTU","","ALL","2002","34.2"
"LTU","","ALL","2003","33.7"
"LTU","","ALL","2004","33.2"
"LTU","","ALL","2005","32.7"
"LTU","","ALL","2006","32.3"
"LTU","","ALL","2007","31.9"
"LTU","","ALL","2008","31.5"
"LTU","","ALL","2009","31.2"
"LTU","","ALL","2010","30.8"
"LTU","","ALL","2011","30.5"
"LTU","","ALL","2012","30.2"
"LTU","","ALL","2013","29.9"
"LTU","","ALL","2014","29.6"
"LTU","","ALL","2015","29.3"
"LUX","","ALL","1975","42.5"
"LUX","","ALL","1976","42.3"
"LUX","","ALL","1977","42.1"
"LUX","","ALL","1978","41.8"
"LUX","","ALL","1979","41.6"
"LUX","","ALL","1980","41.3"
"LUX","","ALL","1981","41"
"LUX","","ALL","1982","40.7"
"LUX","","ALL","1983","40.3"
"LUX","","ALL","1984","39.9"
"LUX","","ALL","1985","39.5"
"LUX","","ALL","1986","39.1"
"LUX","","ALL","1987","38.7"
"LUX","","ALL","1988","38.3"
"LUX","","ALL","1989","37.9"
"LUX","","ALL","1990","37.5"
"LUX","","ALL","1991","37.1"
"LUX","","ALL","1992","36.7"
"LUX","","ALL","1993","36.3"
"LUX","","ALL","1994","35.8"
"LUX","","ALL","1995","35.2"
"LUX","","ALL","1996","34.5"
"LUX","","ALL","1997","33.7"
"LUX","","ALL","1998","32.8"
"LUX","","ALL","1999","32"
"LUX","","ALL","2000","31.1"
"LUX","","ALL","2001","30.3"
"LUX","","ALL","2002","29.5"
"LUX","","ALL","2003","28.7"
"LUX","","ALL","2004","28.1"
"LUX","","ALL","2005","27.5"
"LUX","","ALL","2006","26.9"
"LUX","","ALL","2007","26.3"
"LUX","","ALL","2008","25.7"
"LUX","","ALL","2009","25.2"
"LUX","","ALL","2010","24.6"
"LUX","","ALL","2011","24"
"LUX","","ALL","2012","23.5"
"LUX","","ALL","2013","22.9"
"LUX","","ALL","2014","22.4"
"LUX","","ALL","2015","21.9"
"LVA","","ALL","1975","44.4"
"LVA","","ALL","1976","44.2"
"LVA","","ALL","1977","44.1"
"LVA","","ALL","1978","43.8"
"LVA","","ALL","1979","43.6"
"LVA","","ALL","1980","43.4"
"LVA","","ALL","1981","43.1"
"LVA","","ALL","1982","42.8"
"LVA","","ALL","1983","42.4"
"LVA","","ALL","1984","42.1"
"LVA","","ALL","1985","41.7"
"LVA","","ALL","1986","41.3"
"LVA","","ALL","1987","40.9"
"LVA","","ALL","1988","40.5"
"LVA","","ALL","1989","40.1"
"LVA","","ALL","1990","39.6"
"LVA","","ALL","1991","39.1"
"LVA","","ALL","1992","38.6"
"LVA","","ALL","1993","38.1"
"LVA","","ALL","1994","37.6"
"LVA","","ALL","1995","37.1"
"LVA","","ALL","1996","36.6"
"LVA","","ALL","1997","36"
"LVA","","ALL","1998","35.4"
"LVA","","ALL","1999","34.8"
"LVA","","ALL","2000","34.2"
"LVA","","ALL","2001","33.7"
"LVA","","ALL","2002","33.1"
"LVA","","ALL","2003","32.6"
"LVA","","ALL","2004","32.1"
"LVA","","ALL","2005","31.7"
"LVA","","ALL","2006","31.3"
"LVA","","ALL","2007","31"
"LVA","","ALL","2008","30.7"
"LVA","","ALL","2009","30.5"
"LVA","","ALL","2010","30.3"
"LVA","","ALL","2011","30.1"
"LVA","","ALL","2012","29.9"
"LVA","","ALL","2013","29.7"
"LVA","","ALL","2014","29.6"
"LVA","","ALL","2015","29.4"
"MDA","","ALL","1975","34.2"
"MDA","","ALL","1976","34.3"
"MDA","","ALL","1977","34.3"
"MDA","","ALL","1978","34.4"
"MDA","","ALL","1979","34.4"
"MDA","","ALL","1980","34.4"
"MDA","","ALL","1981","34.4"
"MDA","","ALL","1982","34.4"
"MDA","","ALL","1983","34.3"
"MDA","","ALL","1984","34.3"
"MDA","","ALL","1985","34.2"
"MDA","","ALL","1986","34.1"
"MDA","","ALL","1987","33.9"
"MDA","","ALL","1988","33.8"
"MDA","","ALL","1989","33.6"
"MDA","","ALL","1990","33.4"
"MDA","","ALL","1991","33.2"
"MDA","","ALL","1992","32.9"
"MDA","","ALL","1993","32.7"
"MDA","","ALL","1994","32.4"
"MDA","","ALL","1995","32.2"
"MDA","","ALL","1996","31.9"
"MDA","","ALL","1997","31.7"
"MDA","","ALL","1998","31.5"
"MDA","","ALL","1999","31.3"
"MDA","","ALL","2000","31.2"
"MDA","","ALL","2001","31"
"MDA","","ALL","2002","30.8"
"MDA","","ALL","2003","30.6"
"MDA","","ALL","2004","30.5"
"MDA","","ALL","2005","30.4"
"MDA","","ALL","2006","30.2"
"MDA","","ALL","2007","30.2"
"MDA","","ALL","2008","30.1"
"MDA","","ALL","2009","30"
"MDA","","ALL","2010","30"
"MDA","","ALL","2011","29.9"
"MDA","","ALL","2012","29.9"
"MDA","","ALL","2013","29.9"
"MDA","","ALL","2014","29.9"
"MDA","","ALL","2015","29.8"
"MKD","","ALL","1975","36.2"
"MKD","","ALL","1976","36.2"
"MKD","","ALL","1977","36.2"
"MKD","","ALL","1978","36.2"
"MKD","","ALL","1979","36.2"
"MKD","","ALL","1980","36.1"
"MKD","","ALL","1981","36"
"MKD","","ALL","1982","35.9"
"MKD","","ALL","1983","35.8"
"MKD","","ALL","1984","35.7"
"MKD","","ALL","1985","35.6"
"MKD","","ALL","1986","35.4"
"MKD","","ALL","1987","35.2"
"MKD","","ALL","1988","35.1"
"MKD","","ALL","1989","34.9"
"MKD","","ALL","1990","34.7"
"MKD","","ALL","1991","34.4"
"MKD","","ALL","1992","34.1"
"MKD","","ALL","1993","33.9"
"MKD","","ALL","1994","33.6"
"MKD","","ALL","1995","33.3"
"MKD","","ALL","1996","33.1"
"MKD","","ALL","1997","32.8"
"MKD","","ALL","1998","32.5"
"MKD","","ALL","1999","32.2"
"MKD","","ALL","2000","31.9"
"MKD","","ALL","2001","31.5"
"MKD","","ALL","2002","31.3"
"MKD","","ALL","2003","31"
"MKD","","ALL","2004","30.7"
"MKD","","ALL","2005","30.4"
"MKD","","ALL","2006","30.2"
"MKD","","ALL","2007","30"
"MKD","","ALL","2008","29.8"
"MKD","","ALL","2009","29.6"
"MKD","","ALL","2010","29.4"
"MKD","","ALL","2011","29.2"
"MKD","","ALL","2012","29"
"MKD","","ALL","2013","28.8"
"MKD","","ALL","2014","28.6"
"MKD","","ALL","2015","28.5"
"MLT","","ALL","1975","42.6"
"MLT","","ALL","1976","42.1"
"MLT","","ALL","1977","41.7"
"MLT","","ALL","1978","41.2"
"MLT","","ALL","1979","40.7"
"MLT","","ALL","1980","40.3"
"MLT","","ALL","1981","39.7"
"MLT","","ALL","1982","39.2"
"MLT","","ALL","1983","38.6"
"MLT","","ALL","1984","38"
"MLT","","ALL","1985","37.4"
"MLT","","ALL","1986","36.7"
"MLT","","ALL","1987","36.1"
"MLT","","ALL","1988","35.4"
"MLT","","ALL","1989","34.8"
"MLT","","ALL","1990","34.2"
"MLT","","ALL","1991","33.5"
"MLT","","ALL","1992","32.9"
"MLT","","ALL","1993","32.4"
"MLT","","ALL","1994","31.8"
"MLT","","ALL","1995","31.2"
"MLT","","ALL","1996","30.6"
"MLT","","ALL","1997","30"
"MLT","","ALL","1998","29.4"
"MLT","","ALL","1999","28.8"
"MLT","","ALL","2000","28.2"
"MLT","","ALL","2001","27.6"
"MLT","","ALL","2002","27"
"MLT","","ALL","2003","26.4"
"MLT","","ALL","2004","25.8"
"MLT","","ALL","2005","25.2"
"MLT","","ALL","2006","24.6"
"MLT","","ALL","2007","24"
"MLT","","ALL","2008","23.3"
"MLT","","ALL","2009","22.7"
"MLT","","ALL","2010","22.2"
"MLT","","ALL","2011","21.6"
"MLT","","ALL","2012","21"
"MLT","","ALL","2013","20.5"
"MLT","","ALL","2014","19.9"
"MLT","","ALL","2015","19.4"
"MNE","","ALL","1975","31.3"
"MNE","","ALL","1976","31.5"
"MNE","","ALL","1977","31.7"
"MNE","","ALL","1978","31.9"
"MNE","","ALL","1979","32.1"
"MNE","","ALL","1980","32.3"
"MNE","","ALL","1981","32.5"
"MNE","","ALL","1982","32.7"
"MNE","","ALL","1983","32.8"
"MNE","","ALL","1984","33"
"MNE","","ALL","1985","33.1"
"MNE","","ALL","1986","33.1"
"MNE","","ALL","1987","33.2"
"MNE","","ALL","1988","33.2"
"MNE","","ALL","1989","33.3"
"MNE","","ALL","1990","33.2"
"MNE","","ALL","1991","33.2"
"MNE","","ALL","1992","33.2"
"MNE","","ALL","1993","33.1"
"MNE","","ALL","1994","33"
"MNE","","ALL","1995","32.9"
"MNE","","ALL","1996","32.9"
"MNE","","ALL","1997","32.8"
"MNE","","ALL","1998","32.8"
"MNE","","ALL","1999","32.7"
"MNE","","ALL","2000","32.7"
"MNE","","ALL","2001","32.6"
"MNE","","ALL","2002","32.5"
"MNE","","ALL","2003","32.4"
"MNE","","ALL","2004","32.2"
"MNE","","ALL","2005","32"
"MNE","","ALL","2006","31.7"
"MNE","","ALL","2007","31.4"
"MNE","","ALL","2008","31.1"
"MNE","","ALL","2009","30.8"
"MNE","","ALL","2010","30.5"
"MNE","","ALL","2011","30.2"
"MNE","","ALL","2012","30"
"MNE","","ALL","2013","29.7"
"MNE","","ALL","2014","29.4"
"MNE","","ALL","2015","29.1"
"NLD","","ALL","1975","34.7"
"NLD","","ALL","1976","34.4"
"NLD","","ALL","1977","34.1"
"NLD","","ALL","1978","33.8"
"NLD","","ALL","1979","33.5"
"NLD","","ALL","1980","33.2"
"NLD","","ALL","1981","32.9"
"NLD","","ALL","1982","32.5"
"NLD","","ALL","1983","32.2"
"NLD","","ALL","1984","31.9"
"NLD","","ALL","1985","31.6"
"NLD","","ALL","1986","31.3"
"NLD","","ALL","1987","31"
"NLD","","ALL","1988","30.7"
"NLD","","ALL","1989","30.3"
"NLD","","ALL","1990","30"
"NLD","","ALL","1991","29.6"
"NLD","","ALL","1992","29.3"
"NLD","","ALL","1993","28.9"
"NLD","","ALL","1994","28.5"
"NLD","","ALL","1995","28.2"
"NLD","","ALL","1996","27.8"
"NLD","","ALL","1997","27.4"
"NLD","","ALL","1998","27"
"NLD","","ALL","1999","26.7"
"NLD","","ALL","2000","26.3"
"NLD","","ALL","2001","25.9"
"NLD","","ALL","2002","25.5"
"NLD","","ALL","2003","25"
"NLD","","ALL","2004","24.6"
"NLD","","ALL","2005","24.1"
"NLD","","ALL","2006","23.6"
"NLD","","ALL","2007","23.1"
"NLD","","ALL","2008","22.5"
"NLD","","ALL","2009","22"
"NLD","","ALL","2010","21.4"
"NLD","","ALL","2011","20.9"
"NLD","","ALL","2012","20.3"
"NLD","","ALL","2013","19.8"
"NLD","","ALL","2014","19.3"
"NLD","","ALL","2015","18.7"
"NOR","","ALL","1975","36.6"
"NOR","","ALL","1976","36.3"
"NOR","","ALL","1977","36"
"NOR","","ALL","1978","35.7"
"NOR","","ALL","1979","35.3"
"NOR","","ALL","1980","35"
"NOR","","ALL","1981","34.7"
"NOR","","ALL","1982","34.3"
"NOR","","ALL","1983","33.9"
"NOR","","ALL","1984","33.5"
"NOR","","ALL","1985","33.1"
"NOR","","ALL","1986","32.7"
"NOR","","ALL","1987","32.4"
"NOR","","ALL","1988","31.9"
"NOR","","ALL","1989","31.5"
"NOR","","ALL","1990","31.1"
"NOR","","ALL","1991","30.6"
"NOR","","ALL","1992","30.2"
"NOR","","ALL","1993","29.7"
"NOR","","ALL","1994","29.3"
"NOR","","ALL","1995","28.8"
"NOR","","ALL","1996","28.4"
"NOR","","ALL","1997","27.9"
"NOR","","ALL","1998","27.5"
"NOR","","ALL","1999","27"
"NOR","","ALL","2000","26.6"
"NOR","","ALL","2001","26.2"
"NOR","","ALL","2002","25.7"
"NOR","","ALL","2003","25.3"
"NOR","","ALL","2004","24.8"
"NOR","","ALL","2005","24.4"
"NOR","","ALL","2006","23.9"
"NOR","","ALL","2007","23.4"
"NOR","","ALL","2008","23"
"NOR","","ALL","2009","22.5"
"NOR","","ALL","2010","22"
"NOR","","ALL","2011","21.5"
"NOR","","ALL","2012","21.1"
"NOR","","ALL","2013","20.6"
"NOR","","ALL","2014","20.2"
"NOR","","ALL","2015","19.7"
"POL","","ALL","1975","40.2"
"POL","","ALL","1976","40.2"
"POL","","ALL","1977","40.2"
"POL","","ALL","1978","40.2"
"POL","","ALL","1979","40.2"
"POL","","ALL","1980","40.1"
"POL","","ALL","1981","40"
"POL","","ALL","1982","39.8"
"POL","","ALL","1983","39.6"
"POL","","ALL","1984","39.3"
"POL","","ALL","1985","39"
"POL","","ALL","1986","38.7"
"POL","","ALL","1987","38.4"
"POL","","ALL","1988","38.2"
"POL","","ALL","1989","37.9"
"POL","","ALL","1990","37.6"
"POL","","ALL","1991","37.3"
"POL","","ALL","1992","37"
"POL","","ALL","1993","36.6"
"POL","","ALL","1994","36.2"
"POL","","ALL","1995","35.7"
"POL","","ALL","1996","35.3"
"POL","","ALL","1997","34.8"
"POL","","ALL","1998","34.3"
"POL","","ALL","1999","33.8"
"POL","","ALL","2000","33.4"
"POL","","ALL","2001","33"
"POL","","ALL","2002","32.6"
"POL","","ALL","2003","32.2"
"POL","","ALL","2004","31.9"
"POL","","ALL","2005","31.6"
"POL","","ALL","2006","31.3"
"POL","","ALL","2007","30.9"
"POL","","ALL","2008","30.7"
"POL","","ALL","2009","30.4"
"POL","","ALL","2010","30.1"
"POL","","ALL","2011","29.8"
"POL","","ALL","2012","29.5"
"POL","","ALL","2013","29.2"
"POL","","ALL","2014","29"
"POL","","ALL","2015","28.7"
"PRT","","ALL","1975","29.4"
"PRT","","ALL","1976","29.5"
"PRT","","ALL","1977","29.7"
"PRT","","ALL","1978","29.9"
"PRT","","ALL","1979","30"
"PRT","","ALL","1980","30.2"
"PRT","","ALL","1981","30.3"
"PRT","","ALL","1982","30.5"
"PRT","","ALL","1983","30.6"
"PRT","","ALL","1984","30.7"
"PRT","","ALL","1985","30.7"
"PRT","","ALL","1986","30.7"
"PRT","","ALL","1987","30.7"
"PRT","","ALL","1988","30.7"
"PRT","","ALL","1989","30.7"
"PRT","","ALL","1990","30.6"
"PRT","","ALL","1991","30.5"
"PRT","","ALL","1992","30.5"
"PRT","","ALL","1993","30.4"
"PRT","","ALL","1994","30.3"
"PRT","","ALL","1995","30.3"
"PRT","","ALL","1996","30.2"
"PRT","","ALL","1997","30.1"
"PRT","","ALL","1998","30"
"PRT","","ALL","1999","29.9"
"PRT","","ALL","2000","29.7"
"PRT","","ALL","2001","29.5"
"PRT","","ALL","2002","29.3"
"PRT","","ALL","2003","29.1"
"PRT","","ALL","2004","28.8"
"PRT","","ALL","2005","28.5"
"PRT","","ALL","2006","28.2"
"PRT","","ALL","2007","27.8"
"PRT","","ALL","2008","27.4"
"PRT","","ALL","2009","27"
"PRT","","ALL","2010","26.6"
"PRT","","ALL","2011","26.1"
"PRT","","ALL","2012","25.7"
"PRT","","ALL","2013","25.3"
"PRT","","ALL","2014","24.9"
"PRT","","ALL","2015","24.4"
"ROU","","ALL","1975","35.5"
"ROU","","ALL","1976","35.6"
"ROU","","ALL","1977","35.6"
"ROU","","ALL","1978","35.7"
"ROU","","ALL","1979","35.7"
"ROU","","ALL","1980","35.7"
"ROU","","ALL","1981","35.7"
"ROU","","ALL","1982","35.7"
"ROU","","ALL","1983","35.6"
"ROU","","ALL","1984","35.4"
"ROU","","ALL","1985","35.3"
"ROU","","ALL","1986","35.1"
"ROU","","ALL","1987","34.9"
"ROU","","ALL","1988","34.8"
"ROU","","ALL","1989","34.6"
"ROU","","ALL","1990","34.4"
"ROU","","ALL","1991","34.2"
"ROU","","ALL","1992","34.1"
"ROU","","ALL","1993","33.9"
"ROU","","ALL","1994","33.7"
"ROU","","ALL","1995","33.6"
"ROU","","ALL","1996","33.3"
"ROU","","ALL","1997","33.1"
"ROU","","ALL","1998","32.9"
"ROU","","ALL","1999","32.6"
"ROU","","ALL","2000","32.3"
"ROU","","ALL","2001","32.1"
"ROU","","ALL","2002","31.8"
"ROU","","ALL","2003","31.6"
"ROU","","ALL","2004","31.3"
"ROU","","ALL","2005","31.1"
"ROU","","ALL","2006","30.9"
"ROU","","ALL","2007","30.8"
"ROU","","ALL","2008","30.7"
"ROU","","ALL","2009","30.6"
"ROU","","ALL","2010","30.5"
"ROU","","ALL","2011","30.3"
"ROU","","ALL","2012","30.3"
"ROU","","ALL","2013","30.2"
"ROU","","ALL","2014","30.1"
"ROU","","ALL","2015","30"
"RUS","","ALL","1975","44.4"
"RUS","","ALL","1976","44.3"
"RUS","","ALL","1977","44.2"
"RUS","","ALL","1978","44"
"RUS","","ALL","1979","43.9"
"RUS","","ALL","1980","43.7"
"RUS","","ALL","1981","43.4"
"RUS","","ALL","1982","43.2"
"RUS","","ALL","1983","42.9"
"RUS","","ALL","1984","42.6"
"RUS","","ALL","1985","42.2"
"RUS","","ALL","1986","41.8"
"RUS","","ALL","1987","41.4"
"RUS","","ALL","1988","41"
"RUS","","ALL","1989","40.5"
"RUS","","ALL","1990","40"
"RUS","","ALL","1991","39.4"
"RUS","","ALL","1992","38.9"
"RUS","","ALL","1993","38.3"
"RUS","","ALL","1994","37.7"
"RUS","","ALL","1995","37.1"
"RUS","","ALL","1996","36.5"
"RUS","","ALL","1997","35.9"
"RUS","","ALL","1998","35.2"
"RUS","","ALL","1999","34.6"
"RUS","","ALL","2000","34"
"RUS","","ALL","2001","33.4"
"RUS","","ALL","2002","32.8"
"RUS","","ALL","2003","32.3"
"RUS","","ALL","2004","31.7"
"RUS","","ALL","2005","31.2"
"RUS","","ALL","2006","30.7"
"RUS","","ALL","2007","30.3"
"RUS","","ALL","2008","29.9"
"RUS","","ALL","2009","29.5"
"RUS","","ALL","2010","29.1"
"RUS","","ALL","2011","28.7"
"RUS","","ALL","2012","28.3"
"RUS","","ALL","2013","27.9"
"RUS","","ALL","2014","27.6"
"RUS","","ALL","2015","27.2"
"SRB","","ALL","1975","35.7"
"SRB","","ALL","1976","35.9"
"SRB","","ALL","1977","36"
"SRB","","ALL","1978","36.1"
"SRB","","ALL","1979","36.2"
"SRB","","ALL","1980","36.3"
"SRB","","ALL","1981","36.4"
"SRB","","ALL","1982","36.4"
"SRB","","ALL","1983","36.4"
"SRB","","ALL","1984","36.4"
"SRB","","ALL","1985","36.4"
"SRB","","ALL","1986","36.3"
"SRB","","ALL","1987","36.2"
"SRB","","ALL","1988","36.1"
"SRB","","ALL","1989","35.9"
"SRB","","ALL","1990","35.8"
"SRB","","ALL","1991","35.6"
"SRB","","ALL","1992","35.4"
"SRB","","ALL","1993","35.2"
"SRB","","ALL","1994","35"
"SRB","","ALL","1995","34.8"
"SRB","","ALL","1996","34.6"
"SRB","","ALL","1997","34.4"
"SRB","","ALL","1998","34.2"
"SRB","","ALL","1999","34"
"SRB","","ALL","2000","33.9"
"SRB","","ALL","2001","33.7"
"SRB","","ALL","2002","33.5"
"SRB","","ALL","2003","33.3"
"SRB","","ALL","2004","33"
"SRB","","ALL","2005","32.7"
"SRB","","ALL","2006","32.4"
"SRB","","ALL","2007","32.1"
"SRB","","ALL","2008","31.8"
"SRB","","ALL","2009","31.4"
"SRB","","ALL","2010","31.1"
"SRB","","ALL","2011","30.8"
"SRB","","ALL","2012","30.4"
"SRB","","ALL","2013","30.1"
"SRB","","ALL","2014","29.8"
"SRB","","ALL","2015","29.5"
"SVK","","ALL","1975","38.2"
"SVK","","ALL","1976","38.3"
"SVK","","ALL","1977","38.3"
"SVK","","ALL","1978","38.4"
"SVK","","ALL","1979","38.4"
"SVK","","ALL","1980","38.4"
"SVK","","ALL","1981","38.4"
"SVK","","ALL","1982","38.3"
"SVK","","ALL","1983","38.2"
"SVK","","ALL","1984","38"
"SVK","","ALL","1985","37.8"
"SVK","","ALL","1986","37.6"
"SVK","","ALL","1987","37.4"
"SVK","","ALL","1988","37.1"
"SVK","","ALL","1989","36.9"
"SVK","","ALL","1990","36.6"
"SVK","","ALL","1991","36.3"
"SVK","","ALL","1992","35.9"
"SVK","","ALL","1993","35.5"
"SVK","","ALL","1994","35.1"
"SVK","","ALL","1995","34.8"
"SVK","","ALL","1996","34.3"
"SVK","","ALL","1997","33.9"
"SVK","","ALL","1998","33.5"
"SVK","","ALL","1999","33.1"
"SVK","","ALL","2000","32.8"
"SVK","","ALL","2001","32.4"
"SVK","","ALL","2002","32.1"
"SVK","","ALL","2003","31.7"
"SVK","","ALL","2004","31.4"
"SVK","","ALL","2005","31.1"
"SVK","","ALL","2006","30.8"
"SVK","","ALL","2007","30.5"
"SVK","","ALL","2008","30.2"
"SVK","","ALL","2009","29.9"
"SVK","","ALL","2010","29.7"
"SVK","","ALL","2011","29.4"
"SVK","","ALL","2012","29.2"
"SVK","","ALL","2013","29"
"SVK","","ALL","2014","28.8"
"SVK","","ALL","2015","28.5"
"SVN","","ALL","1975","37.3"
"SVN","","ALL","1976","37.5"
"SVN","","ALL","1977","37.6"
"SVN","","ALL","1978","37.8"
"SVN","","ALL","1979","37.9"
"SVN","","ALL","1980","38.1"
"SVN","","ALL","1981","38.1"
"SVN","","ALL","1982","38.2"
"SVN","","ALL","1983","38.1"
"SVN","","ALL","1984","38.1"
"SVN","","ALL","1985","37.9"
"SVN","","ALL","1986","37.8"
"SVN","","ALL","1987","37.6"
"SVN","","ALL","1988","37.3"
"SVN","","ALL","1989","37.1"
"SVN","","ALL","1990","36.8"
"SVN","","ALL","1991","36.6"
"SVN","","ALL","1992","36.2"
"SVN","","ALL","1993","35.9"
"SVN","","ALL","1994","35.7"
"SVN","","ALL","1995","35.4"
"SVN","","ALL","1996","35.1"
"SVN","","ALL","1997","34.8"
"SVN","","ALL","1998","34.5"
"SVN","","ALL","1999","34.2"
"SVN","","ALL","2000","33.9"
"SVN","","ALL","2001","33.6"
"SVN","","ALL","2002","33.3"
"SVN","","ALL","2003","33"
"SVN","","ALL","2004","32.7"
"SVN","","ALL","2005","32.4"
"SVN","","ALL","2006","32.1"
"SVN","","ALL","2007","31.9"
"SVN","","ALL","2008","31.7"
"SVN","","ALL","2009","31.5"
"SVN","","ALL","2010","31.4"
"SVN","","ALL","2011","31.2"
"SVN","","ALL","2012","31"
"SVN","","ALL","2013","30.9"
"SVN","","ALL","2014","30.7"
"SVN","","ALL","2015","30.5"
"SWE","","ALL","1975","39.7"
"SWE","","ALL","1976","39.3"
"SWE","","ALL","1977","38.8"
"SWE","","ALL","1978","38.3"
"SWE","","ALL","1979","37.8"
"SWE","","ALL","1980","37.3"
"SWE","","ALL","1981","36.8"
"SWE","","ALL","1982","36.4"
"SWE","","ALL","1983","35.9"
"SWE","","ALL","1984","35.4"
"SWE","","ALL","1985","34.9"
"SWE","","ALL","1986","34.4"
"SWE","","ALL","1987","34"
"SWE","","ALL","1988","33.5"
"SWE","","ALL","1989","33"
"SWE","","ALL","1990","32.5"
"SWE","","ALL","1991","32.1"
"SWE","","ALL","1992","31.6"
"SWE","","ALL","1993","31.1"
"SWE","","ALL","1994","30.6"
"SWE","","ALL","1995","30.1"
"SWE","","ALL","1996","29.6"
"SWE","","ALL","1997","29.1"
"SWE","","ALL","1998","28.6"
"SWE","","ALL","1999","28"
"SWE","","ALL","2000","27.5"
"SWE","","ALL","2001","27"
"SWE","","ALL","2002","26.5"
"SWE","","ALL","2003","26"
"SWE","","ALL","2004","25.5"
"SWE","","ALL","2005","25"
"SWE","","ALL","2006","24.4"
"SWE","","ALL","2007","23.9"
"SWE","","ALL","2008","23.3"
"SWE","","ALL","2009","22.7"
"SWE","","ALL","2010","22.1"
"SWE","","ALL","2011","21.6"
"SWE","","ALL","2012","21"
"SWE","","ALL","2013","20.4"
"SWE","","ALL","2014","19.9"
"SWE","","ALL","2015","19.3"
"TJK","","ALL","1975","28.6"
"TJK","","ALL","1976","28.4"
"TJK","","ALL","1977","28.1"
"TJK","","ALL","1978","27.9"
"TJK","","ALL","1979","27.7"
"TJK","","ALL","1980","27.5"
"TJK","","ALL","1981","27.3"
"TJK","","ALL","1982","27.1"
"TJK","","ALL","1983","26.9"
"TJK","","ALL","1984","26.8"
"TJK","","ALL","1985","26.6"
"TJK","","ALL","1986","26.4"
"TJK","","ALL","1987","26.3"
"TJK","","ALL","1988","26.1"
"TJK","","ALL","1989","26"
"TJK","","ALL","1990","25.9"
"TJK","","ALL","1991","25.8"
"TJK","","ALL","1992","25.7"
"TJK","","ALL","1993","25.6"
"TJK","","ALL","1994","25.5"
"TJK","","ALL","1995","25.4"
"TJK","","ALL","1996","25.4"
"TJK","","ALL","1997","25.3"
"TJK","","ALL","1998","25.3"
"TJK","","ALL","1999","25.2"
"TJK","","ALL","2000","25.2"
"TJK","","ALL","2001","25.2"
"TJK","","ALL","2002","25.2"
"TJK","","ALL","2003","25.2"
"TJK","","ALL","2004","25.2"
"TJK","","ALL","2005","25.2"
"TJK","","ALL","2006","25.3"
"TJK","","ALL","2007","25.3"
"TJK","","ALL","2008","25.4"
"TJK","","ALL","2009","25.5"
"TJK","","ALL","2010","25.6"
"TJK","","ALL","2011","25.7"
"TJK","","ALL","2012","25.8"
"TJK","","ALL","2013","25.9"
"TJK","","ALL","2014","26"
"TJK","","ALL","2015","26.1"
"TKM","","ALL","1975","32.3"
"TKM","","ALL","1976","32.1"
"TKM","","ALL","1977","31.8"
"TKM","","ALL","1978","31.5"
"TKM","","ALL","1979","31.3"
"TKM","","ALL","1980","31"
"TKM","","ALL","1981","30.7"
"TKM","","ALL","1982","30.5"
"TKM","","ALL","1983","30.2"
"TKM","","ALL","1984","29.9"
"TKM","","ALL","1985","29.7"
"TKM","","ALL","1986","29.4"
"TKM","","ALL","1987","29.2"
"TKM","","ALL","1988","28.9"
"TKM","","ALL","1989","28.7"
"TKM","","ALL","1990","28.5"
"TKM","","ALL","1991","28.3"
"TKM","","ALL","1992","28.1"
"TKM","","ALL","1993","28"
"TKM","","ALL","1994","27.8"
"TKM","","ALL","1995","27.7"
"TKM","","ALL","1996","27.5"
"TKM","","ALL","1997","27.4"
"TKM","","ALL","1998","27.2"
"TKM","","ALL","1999","27.1"
"TKM","","ALL","2000","27"
"TKM","","ALL","2001","26.8"
"TKM","","ALL","2002","26.7"
"TKM","","ALL","2003","26.6"
"TKM","","ALL","2004","26.4"
"TKM","","ALL","2005","26.3"
"TKM","","ALL","2006","26.2"
"TKM","","ALL","2007","26.1"
"TKM","","ALL","2008","26"
"TKM","","ALL","2009","25.9"
"TKM","","ALL","2010","25.8"
"TKM","","ALL","2011","25.7"
"TKM","","ALL","2012","25.7"
"TKM","","ALL","2013","25.6"
"TKM","","ALL","2014","25.5"
"TKM","","ALL","2015","25.4"
"TUR","","ALL","1975","28"
"TUR","","ALL","1976","28"
"TUR","","ALL","1977","28.1"
"TUR","","ALL","1978","28.1"
"TUR","","ALL","1979","28.1"
"TUR","","ALL","1980","28.1"
"TUR","","ALL","1981","28.2"
"TUR","","ALL","1982","28.2"
"TUR","","ALL","1983","28.3"
"TUR","","ALL","1984","28.4"
"TUR","","ALL","1985","28.5"
"TUR","","ALL","1986","28.6"
"TUR","","ALL","1987","28.7"
"TUR","","ALL","1988","28.8"
"TUR","","ALL","1989","28.8"
"TUR","","ALL","1990","28.7"
"TUR","","ALL","1991","28.7"
"TUR","","ALL","1992","28.5"
"TUR","","ALL","1993","28.4"
"TUR","","ALL","1994","28.2"
"TUR","","ALL","1995","27.9"
"TUR","","ALL","1996","27.7"
"TUR","","ALL","1997","27.5"
"TUR","","ALL","1998","27.2"
"TUR","","ALL","1999","27"
"TUR","","ALL","2000","26.7"
"TUR","","ALL","2001","26.4"
"TUR","","ALL","2002","26.1"
"TUR","","ALL","2003","25.7"
"TUR","","ALL","2004","25.3"
"TUR","","ALL","2005","24.9"
"TUR","","ALL","2006","24.5"
"TUR","","ALL","2007","24"
"TUR","","ALL","2008","23.6"
"TUR","","ALL","2009","23.1"
"TUR","","ALL","2010","22.6"
"TUR","","ALL","2011","22.2"
"TUR","","ALL","2012","21.7"
"TUR","","ALL","2013","21.2"
"TUR","","ALL","2014","20.8"
"TUR","","ALL","2015","20.3"
"UKR","","ALL","1975","39.9"
"UKR","","ALL","1976","39.8"
"UKR","","ALL","1977","39.7"
"UKR","","ALL","1978","39.6"
"UKR","","ALL","1979","39.5"
"UKR","","ALL","1980","39.4"
"UKR","","ALL","1981","39.2"
"UKR","","ALL","1982","39"
"UKR","","ALL","1983","38.8"
"UKR","","ALL","1984","38.6"
"UKR","","ALL","1985","38.4"
"UKR","","ALL","1986","38.1"
"UKR","","ALL","1987","37.8"
"UKR","","ALL","1988","37.5"
"UKR","","ALL","1989","37.2"
"UKR","","ALL","1990","36.8"
"UKR","","ALL","1991","36.5"
"UKR","","ALL","1992","36.1"
"UKR","","ALL","1993","35.7"
"UKR","","ALL","1994","35.2"
"UKR","","ALL","1995","34.8"
"UKR","","ALL","1996","34.3"
"UKR","","ALL","1997","33.9"
"UKR","","ALL","1998","33.4"
"UKR","","ALL","1999","32.9"
"UKR","","ALL","2000","32.5"
"UKR","","ALL","2001","32"
"UKR","","ALL","2002","31.6"
"UKR","","ALL","2003","31.1"
"UKR","","ALL","2004","30.7"
"UKR","","ALL","2005","30.3"
"UKR","","ALL","2006","29.9"
"UKR","","ALL","2007","29.6"
"UKR","","ALL","2008","29.2"
"UKR","","ALL","2009","28.9"
"UKR","","ALL","2010","28.6"
"UKR","","ALL","2011","28.3"
"UKR","","ALL","2012","28"
"UKR","","ALL","2013","27.7"
"UKR","","ALL","2014","27.4"
"UKR","","ALL","2015","27.1"
"UZB","","ALL","1975","29.7"
"UZB","","ALL","1976","29.5"
"UZB","","ALL","1977","29.4"
"UZB","","ALL","1978","29.2"
"UZB","","ALL","1979","29.1"
"UZB","","ALL","1980","28.9"
"UZB","","ALL","1981","28.8"
"UZB","","ALL","1982","28.6"
"UZB","","ALL","1983","28.4"
"UZB","","ALL","1984","28.1"
"UZB","","ALL","1985","27.9"
"UZB","","ALL","1986","27.7"
"UZB","","ALL","1987","27.5"
"UZB","","ALL","1988","27.2"
"UZB","","ALL","1989","27"
"UZB","","ALL","1990","26.9"
"UZB","","ALL","1991","26.7"
"UZB","","ALL","1992","26.5"
"UZB","","ALL","1993","26.3"
"UZB","","ALL","1994","26.2"
"UZB","","ALL","1995","26.1"
"UZB","","ALL","1996","26"
"UZB","","ALL","1997","25.9"
"UZB","","ALL","1998","25.8"
"UZB","","ALL","1999","25.7"
"UZB","","ALL","2000","25.7"
"UZB","","ALL","2001","25.7"
"UZB","","ALL","2002","25.6"
"UZB","","ALL","2003","25.6"
"UZB","","ALL","2004","25.5"
"UZB","","ALL","2005","25.5"
"UZB","","ALL","2006","25.5"
"UZB","","ALL","2007","25.4"
"UZB","","ALL","2008","25.4"
"UZB","","ALL","2009","25.4"
"UZB","","ALL","2010","25.4"
"UZB","","ALL","2011","25.4"
"UZB","","ALL","2012","25.5"
"UZB","","ALL","2013","25.5"
"UZB","","ALL","2014","25.5"
"UZB","","ALL","2015","25.6"
"","CARINFONET","ALL","1980","30.69312505"
"","CARINFONET","ALL","1981","30.51508197"
"","CARINFONET","ALL","1982","30.30015961"
"","CARINFONET","ALL","1983","30.04242763"
"","CARINFONET","ALL","1984","29.79784279"
"","CARINFONET","ALL","1985","29.5481161"
"","CARINFONET","ALL","1986","29.32445636"
"","CARINFONET","ALL","1987","29.08568786"
"","CARINFONET","ALL","1988","28.83383106"
"","CARINFONET","ALL","1989","28.59714365"
"","CARINFONET","ALL","1990","28.41065622"
"","CARINFONET","ALL","1991","28.1831391"
"","CARINFONET","ALL","1992","27.9744584"
"","CARINFONET","ALL","1993","27.76970497"
"","CARINFONET","ALL","1994","27.57190349"
"","CARINFONET","ALL","1995","27.38191803"
"","CARINFONET","ALL","1996","27.18986922"
"","CARINFONET","ALL","1997","27.04175465"
"","CARINFONET","ALL","1998","26.85732848"
"","CARINFONET","ALL","1999","26.7121019"
"","CARINFONET","ALL","2000","26.638849"
"","CARINFONET","ALL","2001","26.55343066"
"","CARINFONET","ALL","2002","26.43995777"
"","CARINFONET","ALL","2003","26.39966742"
"","CARINFONET","ALL","2004","26.27349036"
"","CARINFONET","ALL","2005","26.23515799"
"","CARINFONET","ALL","2006","26.19215476"
"","CARINFONET","ALL","2007","26.12196515"
"","CARINFONET","ALL","2008","26.09744368"
"","CARINFONET","ALL","2009","26.07507784"
"","CARINFONET","ALL","2010","26.0530328"
"","CARINFONET","ALL","2011","26.02677802"
"","CARINFONET","ALL","2012","26.08428518"
"","CARINFONET","ALL","2013","26.06242492"
"","CARINFONET","ALL","2014","26.08765914"
"","CARINFONET","ALL","2015","26.13584066"
"","CIS","ALL","1980","40.00613758"
"","CIS","ALL","1981","39.74523503"
"","CIS","ALL","1982","39.52569756"
"","CIS","ALL","1983","39.23131088"
"","CIS","ALL","1984","38.96421283"
"","CIS","ALL","1985","38.62072455"
"","CIS","ALL","1986","38.26734015"
"","CIS","ALL","1987","37.90610398"
"","CIS","ALL","1988","37.54566878"
"","CIS","ALL","1989","37.13400441"
"","CIS","ALL","1990","36.70848934"
"","CIS","ALL","1991","36.23720548"
"","CIS","ALL","1992","35.78163618"
"","CIS","ALL","1993","35.29579857"
"","CIS","ALL","1994","34.80328598"
"","CIS","ALL","1995","34.32604797"
"","CIS","ALL","1996","33.85294169"
"","CIS","ALL","1997","33.3929419"
"","CIS","ALL","1998","32.85538997"
"","CIS","ALL","1999","32.37534546"
"","CIS","ALL","2000","31.93063495"
"","CIS","ALL","2001","31.45500599"
"","CIS","ALL","2002","31.00022319"
"","CIS","ALL","2003","30.60611169"
"","CIS","ALL","2004","30.15590239"
"","CIS","ALL","2005","29.77576098"
"","CIS","ALL","2006","29.39604915"
"","CIS","ALL","2007","29.08334879"
"","CIS","ALL","2008","28.76094969"
"","CIS","ALL","2009","28.4633768"
"","CIS","ALL","2010","28.16971053"
"","CIS","ALL","2011","27.87809436"
"","CIS","ALL","2012","27.61358895"
"","CIS","ALL","2013","27.3294568"
"","CIS","ALL","2014","27.11171001"
"","CIS","ALL","2015","26.85360555"
"","EU_AFTER_MAY2004","ALL","1975","39.4196941"
"","EU_AFTER_MAY2004","ALL","1976","39.43077742"
"","EU_AFTER_MAY2004","ALL","1977","39.42038871"
"","EU_AFTER_MAY2004","ALL","1978","39.41980894"
"","EU_AFTER_MAY2004","ALL","1979","39.37792214"
"","EU_AFTER_MAY2004","ALL","1980","39.30913351"
"","EU_AFTER_MAY2004","ALL","1981","39.23988129"
"","EU_AFTER_MAY2004","ALL","1982","39.09754756"
"","EU_AFTER_MAY2004","ALL","1983","38.92227561"
"","EU_AFTER_MAY2004","ALL","1984","38.6879891"
"","EU_AFTER_MAY2004","ALL","1985","38.47425902"
"","EU_AFTER_MAY2004","ALL","1986","38.2084911"
"","EU_AFTER_MAY2004","ALL","1987","37.94176629"
"","EU_AFTER_MAY2004","ALL","1988","37.73127078"
"","EU_AFTER_MAY2004","ALL","1989","37.45292231"
"","EU_AFTER_MAY2004","ALL","1990","37.15784174"
"","EU_AFTER_MAY2004","ALL","1991","36.84614158"
"","EU_AFTER_MAY2004","ALL","1992","36.56101001"
"","EU_AFTER_MAY2004","ALL","1993","36.18912375"
"","EU_AFTER_MAY2004","ALL","1994","35.82019656"
"","EU_AFTER_MAY2004","ALL","1995","35.4388284"
"","EU_AFTER_MAY2004","ALL","1996","35.03695064"
"","EU_AFTER_MAY2004","ALL","1997","34.60833341"
"","EU_AFTER_MAY2004","ALL","1998","34.17975246"
"","EU_AFTER_MAY2004","ALL","1999","33.73765361"
"","EU_AFTER_MAY2004","ALL","2000","33.32739713"
"","EU_AFTER_MAY2004","ALL","2001","32.95313729"
"","EU_AFTER_MAY2004","ALL","2002","32.585263"
"","EU_AFTER_MAY2004","ALL","2003","32.21047952"
"","EU_AFTER_MAY2004","ALL","2004","31.88411219"
"","EU_AFTER_MAY2004","ALL","2005","31.58866724"
"","EU_AFTER_MAY2004","ALL","2006","31.2916774"
"","EU_AFTER_MAY2004","ALL","2007","30.98290988"
"","EU_AFTER_MAY2004","ALL","2008","30.76361192"
"","EU_AFTER_MAY2004","ALL","2009","30.50159436"
"","EU_AFTER_MAY2004","ALL","2010","30.24825758"
"","EU_AFTER_MAY2004","ALL","2011","29.97730931"
"","EU_AFTER_MAY2004","ALL","2012","29.74752823"
"","EU_AFTER_MAY2004","ALL","2013","29.51498359"
"","EU_AFTER_MAY2004","ALL","2014","29.28451018"
"","EU_AFTER_MAY2004","ALL","2015","29.0422702"
"","EU_BEFORE_MAY2004","ALL","1975","36.95004374"
"","EU_BEFORE_MAY2004","ALL","1976","36.73782673"
"","EU_BEFORE_MAY2004","ALL","1977","36.49872494"
"","EU_BEFORE_MAY2004","ALL","1978","36.24154853"
"","EU_BEFORE_MAY2004","ALL","1979","36.01836359"
"","EU_BEFORE_MAY2004","ALL","1980","35.76913979"
"","EU_BEFORE_MAY2004","ALL","1981","35.53372775"
"","EU_BEFORE_MAY2004","ALL","1982","35.25217908"
"","EU_BEFORE_MAY2004","ALL","1983","34.9610352"
"","EU_BEFORE_MAY2004","ALL","1984","34.64919653"
"","EU_BEFORE_MAY2004","ALL","1985","34.36449855"
"","EU_BEFORE_MAY2004","ALL","1986","34.02574774"
"","EU_BEFORE_MAY2004","ALL","1987","33.71587002"
"","EU_BEFORE_MAY2004","ALL","1988","33.3455229"
"","EU_BEFORE_MAY2004","ALL","1989","32.98066288"
"","EU_BEFORE_MAY2004","ALL","1990","32.60472954"
"","EU_BEFORE_MAY2004","ALL","1991","32.18872278"
"","EU_BEFORE_MAY2004","ALL","1992","31.76421951"
"","EU_BEFORE_MAY2004","ALL","1993","31.30999623"
"","EU_BEFORE_MAY2004","ALL","1994","30.81458298"
"","EU_BEFORE_MAY2004","ALL","1995","30.34549248"
"","EU_BEFORE_MAY2004","ALL","1996","29.82396535"
"","EU_BEFORE_MAY2004","ALL","1997","29.31001939"
"","EU_BEFORE_MAY2004","ALL","1998","28.7881165"
"","EU_BEFORE_MAY2004","ALL","1999","28.28377693"
"","EU_BEFORE_MAY2004","ALL","2000","27.74794236"
"","EU_BEFORE_MAY2004","ALL","2001","27.21220887"
"","EU_BEFORE_MAY2004","ALL","2002","26.69308077"
"","EU_BEFORE_MAY2004","ALL","2003","26.16377403"
"","EU_BEFORE_MAY2004","ALL","2004","25.62066678"
"","EU_BEFORE_MAY2004","ALL","2005","25.05293596"
"","EU_BEFORE_MAY2004","ALL","2006","24.49426655"
"","EU_BEFORE_MAY2004","ALL","2007","23.92392591"
"","EU_BEFORE_MAY2004","ALL","2008","23.38604045"
"","EU_BEFORE_MAY2004","ALL","2009","22.82499577"
"","EU_BEFORE_MAY2004","ALL","2010","22.2408862"
"","EU_BEFORE_MAY2004","ALL","2011","21.68435779"
"","EU_BEFORE_MAY2004","ALL","2012","21.11431316"
"","EU_BEFORE_MAY2004","ALL","2013","20.620702"
"","EU_BEFORE_MAY2004","ALL","2014","20.0992787"
"","EU_BEFORE_MAY2004","ALL","2015","19.58312794"
"","EU_MEMBERS","ALL","1975","37.51617762"
"","EU_MEMBERS","ALL","1976","37.35529306"
"","EU_MEMBERS","ALL","1977","37.1705255"
"","EU_MEMBERS","ALL","1978","36.97407265"
"","EU_MEMBERS","ALL","1979","36.79530639"
"","EU_MEMBERS","ALL","1980","36.58759843"
"","EU_MEMBERS","ALL","1981","36.39249042"
"","EU_MEMBERS","ALL","1982","36.14633738"
"","EU_MEMBERS","ALL","1983","35.88415426"
"","EU_MEMBERS","ALL","1984","35.59222535"
"","EU_MEMBERS","ALL","1985","35.32618071"
"","EU_MEMBERS","ALL","1986","35.00620803"
"","EU_MEMBERS","ALL","1987","34.70804639"
"","EU_MEMBERS","ALL","1988","34.37672384"
"","EU_MEMBERS","ALL","1989","34.0323862"
"","EU_MEMBERS","ALL","1990","33.67313563"
"","EU_MEMBERS","ALL","1991","33.27912301"
"","EU_MEMBERS","ALL","1992","32.87903327"
"","EU_MEMBERS","ALL","1993","32.4395951"
"","EU_MEMBERS","ALL","1994","31.97046299"
"","EU_MEMBERS","ALL","1995","31.51808936"
"","EU_MEMBERS","ALL","1996","31.01791504"
"","EU_MEMBERS","ALL","1997","30.52047123"
"","EU_MEMBERS","ALL","1998","30.01588528"
"","EU_MEMBERS","ALL","1999","29.52297852"
"","EU_MEMBERS","ALL","2000","29.00578949"
"","EU_MEMBERS","ALL","2001","28.49903193"
"","EU_MEMBERS","ALL","2002","28.00083992"
"","EU_MEMBERS","ALL","2003","27.4973505"
"","EU_MEMBERS","ALL","2004","26.99349799"
"","EU_MEMBERS","ALL","2005","26.47914793"
"","EU_MEMBERS","ALL","2006","25.96730181"
"","EU_MEMBERS","ALL","2007","25.44551032"
"","EU_MEMBERS","ALL","2008","24.96931292"
"","EU_MEMBERS","ALL","2009","24.46685113"
"","EU_MEMBERS","ALL","2010","23.94518582"
"","EU_MEMBERS","ALL","2011","23.44349852"
"","EU_MEMBERS","ALL","2012","22.9327974"
"","EU_MEMBERS","ALL","2013","22.50604349"
"","EU_MEMBERS","ALL","2014","22.01408457"
"","EU_MEMBERS","ALL","2015","21.5406437"
"","NORDIC","ALL","1975","38.57216863"
"","NORDIC","ALL","1976","38.25186419"
"","NORDIC","ALL","1977","37.85062925"
"","NORDIC","ALL","1978","37.44927882"
"","NORDIC","ALL","1979","37.0297049"
"","NORDIC","ALL","1980","36.62721799"
"","NORDIC","ALL","1981","36.20432839"
"","NORDIC","ALL","1982","35.80020548"
"","NORDIC","ALL","1983","35.35859526"
"","NORDIC","ALL","1984","34.87451911"
"","NORDIC","ALL","1985","34.4346702"
"","NORDIC","ALL","1986","33.9743619"
"","NORDIC","ALL","1987","33.56694155"
"","NORDIC","ALL","1988","33.11074893"
"","NORDIC","ALL","1989","32.65002571"
"","NORDIC","ALL","1990","32.21286781"
"","NORDIC","ALL","1991","31.77125152"
"","NORDIC","ALL","1992","31.35426971"
"","NORDIC","ALL","1993","30.92023134"
"","NORDIC","ALL","1994","30.4586053"
"","NORDIC","ALL","1995","30.02321063"
"","NORDIC","ALL","1996","29.56289389"
"","NORDIC","ALL","1997","29.0851376"
"","NORDIC","ALL","1998","28.60233797"
"","NORDIC","ALL","1999","28.06532065"
"","NORDIC","ALL","2000","27.56325676"
"","NORDIC","ALL","2001","27.08131599"
"","NORDIC","ALL","2002","26.55963912"
"","NORDIC","ALL","2003","26.0796001"
"","NORDIC","ALL","2004","25.55878372"
"","NORDIC","ALL","2005","25.07797662"
"","NORDIC","ALL","2006","24.54096493"
"","NORDIC","ALL","2007","23.99794737"
"","NORDIC","ALL","2008","23.48063171"
"","NORDIC","ALL","2009","22.92138545"
"","NORDIC","ALL","2010","22.34141151"
"","NORDIC","ALL","2011","21.8188"
"","NORDIC","ALL","2012","21.28001008"
"","NORDIC","ALL","2013","20.72077343"
"","NORDIC","ALL","2014","20.21943841"
"","NORDIC","ALL","2015","19.68264894"
"","SEEHN","ALL","1975","35.41909303"
"","SEEHN","ALL","1976","35.5034777"
"","SEEHN","ALL","1977","35.53213027"
"","SEEHN","ALL","1978","35.59319303"
"","SEEHN","ALL","1979","35.57600865"
"","SEEHN","ALL","1980","35.58886349"
"","SEEHN","ALL","1981","35.59340884"
"","SEEHN","ALL","1982","35.55338328"
"","SEEHN","ALL","1983","35.47312965"
"","SEEHN","ALL","1984","35.35055509"
"","SEEHN","ALL","1985","35.25618095"
"","SEEHN","ALL","1986","35.08343166"
"","SEEHN","ALL","1987","34.90440406"
"","SEEHN","ALL","1988","34.77384251"
"","SEEHN","ALL","1989","34.56392183"
"","SEEHN","ALL","1990","34.34360765"
"","SEEHN","ALL","1991","34.07801044"
"","SEEHN","ALL","1992","33.8475198"
"","SEEHN","ALL","1993","33.58726494"
"","SEEHN","ALL","1994","33.31241553"
"","SEEHN","ALL","1995","33.08084133"
"","SEEHN","ALL","1996","32.77313021"
"","SEEHN","ALL","1997","32.48361861"
"","SEEHN","ALL","1998","32.1869574"
"","SEEHN","ALL","1999","31.88010406"
"","SEEHN","ALL","2000","31.56390138"
"","SEEHN","ALL","2001","31.28035744"
"","SEEHN","ALL","2002","30.95846654"
"","SEEHN","ALL","2003","30.67873814"
"","SEEHN","ALL","2004","30.36695464"
"","SEEHN","ALL","2005","30.07132254"
"","SEEHN","ALL","2006","29.78281064"
"","SEEHN","ALL","2007","29.55644108"
"","SEEHN","ALL","2008","29.31821635"
"","SEEHN","ALL","2009","29.06358246"
"","SEEHN","ALL","2010","28.83799017"
"","SEEHN","ALL","2011","28.58515135"
"","SEEHN","ALL","2012","28.38282447"
"","SEEHN","ALL","2013","28.1854054"
"","SEEHN","ALL","2014","27.90745998"
"","SEEHN","ALL","2015","27.69734876"
"","SMALL","ALL","1975","34.94712504"
"","SMALL","ALL","1976","34.90097947"
"","SMALL","ALL","1977","34.85535179"
"","SMALL","ALL","1978","34.73920473"
"","SMALL","ALL","1979","34.67382206"
"","SMALL","ALL","1980","34.58752524"
"","SMALL","ALL","1981","34.45543006"
"","SMALL","ALL","1982","34.32852664"
"","SMALL","ALL","1983","34.08754058"
"","SMALL","ALL","1984","33.88686724"
"","SMALL","ALL","1985","33.65898829"
"","SMALL","ALL","1986","33.41340285"
"","SMALL","ALL","1987","33.16671332"
"","SMALL","ALL","1988","32.91710708"
"","SMALL","ALL","1989","32.69816636"
"","SMALL","ALL","1990","32.42399727"
"","SMALL","ALL","1991","32.13196355"
"","SMALL","ALL","1992","31.84202061"
"","SMALL","ALL","1993","31.55430006"
"","SMALL","ALL","1994","31.21947101"
"","SMALL","ALL","1995","30.85433855"
"","SMALL","ALL","1996","30.50108483"
"","SMALL","ALL","1997","30.11429042"
"","SMALL","ALL","1998","29.69823684"
"","SMALL","ALL","1999","29.2852584"
"","SMALL","ALL","2000","28.82505432"
"","SMALL","ALL","2001","28.37024706"
"","SMALL","ALL","2002","27.91358976"
"","SMALL","ALL","2003","27.4937717"
"","SMALL","ALL","2004","27.05541006"
"","SMALL","ALL","2005","26.64416505"
"","SMALL","ALL","2006","26.16608084"
"","SMALL","ALL","2007","25.69560263"
"","SMALL","ALL","2008","25.20822351"
"","SMALL","ALL","2009","24.75212192"
"","SMALL","ALL","2010","24.27090062"
"","SMALL","ALL","2011","23.80257691"
"","SMALL","ALL","2012","23.38516607"
"","SMALL","ALL","2013","22.93893292"
"","SMALL","ALL","2014","22.56475632"
"","SMALL","ALL","2015","22.1491253"
"","WHO_EURO","ALL","1975","37.82551464"
"","WHO_EURO","ALL","1976","37.68991591"
"","WHO_EURO","ALL","1977","37.54414281"
"","WHO_EURO","ALL","1978","37.36739533"
"","WHO_EURO","ALL","1979","37.214731"
"","WHO_EURO","ALL","1980","37.03055411"
"","WHO_EURO","ALL","1981","36.82742919"
"","WHO_EURO","ALL","1982","36.60174357"
"","WHO_EURO","ALL","1983","36.3516148"
"","WHO_EURO","ALL","1984","36.09049893"
"","WHO_EURO","ALL","1985","35.82138865"
"","WHO_EURO","ALL","1986","35.51969581"
"","WHO_EURO","ALL","1987","35.22887922"
"","WHO_EURO","ALL","1988","34.91730868"
"","WHO_EURO","ALL","1989","34.5745858"
"","WHO_EURO","ALL","1990","34.21707397"
"","WHO_EURO","ALL","1991","33.82430987"
"","WHO_EURO","ALL","1992","33.42395127"
"","WHO_EURO","ALL","1993","32.99102929"
"","WHO_EURO","ALL","1994","32.53548121"
"","WHO_EURO","ALL","1995","32.08686538"
"","WHO_EURO","ALL","1996","31.61783136"
"","WHO_EURO","ALL","1997","31.15451801"
"","WHO_EURO","ALL","1998","30.65578388"
"","WHO_EURO","ALL","1999","30.19068798"
"","WHO_EURO","ALL","2000","29.71580113"
"","WHO_EURO","ALL","2001","29.23820094"
"","WHO_EURO","ALL","2002","28.76970611"
"","WHO_EURO","ALL","2003","28.31488568"
"","WHO_EURO","ALL","2004","27.84262198"
"","WHO_EURO","ALL","2005","27.38138285"
"","WHO_EURO","ALL","2006","26.92163033"
"","WHO_EURO","ALL","2007","26.47181745"
"","WHO_EURO","ALL","2008","26.05374335"
"","WHO_EURO","ALL","2009","25.62092445"
"","WHO_EURO","ALL","2010","25.18236308"
"","WHO_EURO","ALL","2011","24.76429227"
"","WHO_EURO","ALL","2012","24.3371463"
"","WHO_EURO","ALL","2013","23.95201018"
"","WHO_EURO","ALL","2014","23.56293104"
"","WHO_EURO","ALL","2015","23.15901284"

"Last update","2022.06.29 22:01:28 GMT"
"Description","Prevalence of raised blood pressure in adults aged greater or equal to 18 (%)"
"Reference link","https://dw.euro.who.int/api/v3/measures/EPW_19?lang=En"

"Copyright"
"© WHO Regional Office for Europe 2022. All rights reserved.","https://www.who.int/about/policies/publishing/copyright"
