"INDICATOR","EPW_23"

"EPW_23","Prevalence of overweight (%)"

"UNIT_TYPE","Unit"
"PERCENT","%"

"EXTERNID","ID in the originating data source"

"DATA_SOURCE","Data source"
"EPW","Indicators for European Programme of Work"

"DATA_TYPE_REPRESENTATION","Data type representation"
"RATIO","Ratio"

"DATA_SET","Data set"
"EPW","European Programme of Work, 2020 – 2025"

"DATA_MASK","Mask for controlling the output format of values"

"SEX","Sex"
"FEMALE","Female"
"MALE","Male"
"ALL","All"

"COUNTRY","COUNTRY_GRP","SEX","YEAR","VALUE"
"ALB","","ALL","1975","33.3"
"ALB","","ALL","1976","33.8"
"ALB","","ALL","1977","34.2"
"ALB","","ALL","1978","34.7"
"ALB","","ALL","1979","35.1"
"ALB","","ALL","1980","35.6"
"ALB","","ALL","1981","36.1"
"ALB","","ALL","1982","36.5"
"ALB","","ALL","1983","37"
"ALB","","ALL","1984","37.5"
"ALB","","ALL","1985","38"
"ALB","","ALL","1986","38.5"
"ALB","","ALL","1987","39"
"ALB","","ALL","1988","39.5"
"ALB","","ALL","1989","40"
"ALB","","ALL","1990","40.5"
"ALB","","ALL","1991","41"
"ALB","","ALL","1992","41.5"
"ALB","","ALL","1993","42"
"ALB","","ALL","1994","42.5"
"ALB","","ALL","1995","43.1"
"ALB","","ALL","1996","43.6"
"ALB","","ALL","1997","44.2"
"ALB","","ALL","1998","44.8"
"ALB","","ALL","1999","45.4"
"ALB","","ALL","2000","46"
"ALB","","ALL","2001","46.6"
"ALB","","ALL","2002","47.3"
"ALB","","ALL","2003","48"
"ALB","","ALL","2004","48.7"
"ALB","","ALL","2005","49.5"
"ALB","","ALL","2006","50.2"
"ALB","","ALL","2007","51"
"ALB","","ALL","2008","51.8"
"ALB","","ALL","2009","52.5"
"ALB","","ALL","2010","53.3"
"ALB","","ALL","2011","54"
"ALB","","ALL","2012","54.8"
"ALB","","ALL","2013","55.5"
"ALB","","ALL","2014","56.3"
"ALB","","ALL","2015","57"
"ALB","","ALL","2016","57.7"
"AND","","ALL","1975","46.1"
"AND","","ALL","1976","47"
"AND","","ALL","1977","47.9"
"AND","","ALL","1978","48.8"
"AND","","ALL","1979","49.6"
"AND","","ALL","1980","50.4"
"AND","","ALL","1981","51.1"
"AND","","ALL","1982","51.9"
"AND","","ALL","1983","52.6"
"AND","","ALL","1984","53.2"
"AND","","ALL","1985","53.9"
"AND","","ALL","1986","54.5"
"AND","","ALL","1987","55"
"AND","","ALL","1988","55.5"
"AND","","ALL","1989","56"
"AND","","ALL","1990","56.4"
"AND","","ALL","1991","56.8"
"AND","","ALL","1992","57.2"
"AND","","ALL","1993","57.5"
"AND","","ALL","1994","57.9"
"AND","","ALL","1995","58.3"
"AND","","ALL","1996","58.6"
"AND","","ALL","1997","58.9"
"AND","","ALL","1998","59.3"
"AND","","ALL","1999","59.6"
"AND","","ALL","2000","59.9"
"AND","","ALL","2001","60.2"
"AND","","ALL","2002","60.5"
"AND","","ALL","2003","60.8"
"AND","","ALL","2004","61.1"
"AND","","ALL","2005","61.3"
"AND","","ALL","2006","61.6"
"AND","","ALL","2007","61.8"
"AND","","ALL","2008","62"
"AND","","ALL","2009","62.2"
"AND","","ALL","2010","62.5"
"AND","","ALL","2011","62.7"
"AND","","ALL","2012","62.9"
"AND","","ALL","2013","63.1"
"AND","","ALL","2014","63.3"
"AND","","ALL","2015","63.5"
"AND","","ALL","2016","63.7"
"ARM","","ALL","1975","33.9"
"ARM","","ALL","1976","34.6"
"ARM","","ALL","1977","35.2"
"ARM","","ALL","1978","35.9"
"ARM","","ALL","1979","36.5"
"ARM","","ALL","1980","37.1"
"ARM","","ALL","1981","37.7"
"ARM","","ALL","1982","38.3"
"ARM","","ALL","1983","38.9"
"ARM","","ALL","1984","39.4"
"ARM","","ALL","1985","39.9"
"ARM","","ALL","1986","40.4"
"ARM","","ALL","1987","40.9"
"ARM","","ALL","1988","41.4"
"ARM","","ALL","1989","41.9"
"ARM","","ALL","1990","42.4"
"ARM","","ALL","1991","42.9"
"ARM","","ALL","1992","43.3"
"ARM","","ALL","1993","43.7"
"ARM","","ALL","1994","44.1"
"ARM","","ALL","1995","44.6"
"ARM","","ALL","1996","45"
"ARM","","ALL","1997","45.4"
"ARM","","ALL","1998","45.7"
"ARM","","ALL","1999","46.1"
"ARM","","ALL","2000","46.5"
"ARM","","ALL","2001","47"
"ARM","","ALL","2002","47.4"
"ARM","","ALL","2003","47.8"
"ARM","","ALL","2004","48.3"
"ARM","","ALL","2005","48.8"
"ARM","","ALL","2006","49.3"
"ARM","","ALL","2007","49.8"
"ARM","","ALL","2008","50.3"
"ARM","","ALL","2009","50.8"
"ARM","","ALL","2010","51.3"
"ARM","","ALL","2011","51.8"
"ARM","","ALL","2012","52.3"
"ARM","","ALL","2013","52.8"
"ARM","","ALL","2014","53.4"
"ARM","","ALL","2015","53.9"
"ARM","","ALL","2016","54.4"
"AUT","","ALL","1975","34.7"
"AUT","","ALL","1976","35.1"
"AUT","","ALL","1977","35.6"
"AUT","","ALL","1978","36.1"
"AUT","","ALL","1979","36.6"
"AUT","","ALL","1980","37.1"
"AUT","","ALL","1981","37.6"
"AUT","","ALL","1982","38.1"
"AUT","","ALL","1983","38.6"
"AUT","","ALL","1984","39.1"
"AUT","","ALL","1985","39.7"
"AUT","","ALL","1986","40.2"
"AUT","","ALL","1987","40.7"
"AUT","","ALL","1988","41.3"
"AUT","","ALL","1989","41.8"
"AUT","","ALL","1990","42.4"
"AUT","","ALL","1991","42.9"
"AUT","","ALL","1992","43.4"
"AUT","","ALL","1993","44"
"AUT","","ALL","1994","44.5"
"AUT","","ALL","1995","45"
"AUT","","ALL","1996","45.5"
"AUT","","ALL","1997","46"
"AUT","","ALL","1998","46.5"
"AUT","","ALL","1999","47"
"AUT","","ALL","2000","47.5"
"AUT","","ALL","2001","47.9"
"AUT","","ALL","2002","48.4"
"AUT","","ALL","2003","48.8"
"AUT","","ALL","2004","49.3"
"AUT","","ALL","2005","49.7"
"AUT","","ALL","2006","50.2"
"AUT","","ALL","2007","50.6"
"AUT","","ALL","2008","51"
"AUT","","ALL","2009","51.4"
"AUT","","ALL","2010","51.8"
"AUT","","ALL","2011","52.2"
"AUT","","ALL","2012","52.6"
"AUT","","ALL","2013","53"
"AUT","","ALL","2014","53.4"
"AUT","","ALL","2015","53.9"
"AUT","","ALL","2016","54.3"
"AZE","","ALL","1975","31.7"
"AZE","","ALL","1976","32.2"
"AZE","","ALL","1977","32.7"
"AZE","","ALL","1978","33.2"
"AZE","","ALL","1979","33.8"
"AZE","","ALL","1980","34.3"
"AZE","","ALL","1981","34.8"
"AZE","","ALL","1982","35.3"
"AZE","","ALL","1983","35.8"
"AZE","","ALL","1984","36.3"
"AZE","","ALL","1985","36.8"
"AZE","","ALL","1986","37.3"
"AZE","","ALL","1987","37.8"
"AZE","","ALL","1988","38.3"
"AZE","","ALL","1989","38.8"
"AZE","","ALL","1990","39.2"
"AZE","","ALL","1991","39.7"
"AZE","","ALL","1992","40.2"
"AZE","","ALL","1993","40.6"
"AZE","","ALL","1994","41.1"
"AZE","","ALL","1995","41.5"
"AZE","","ALL","1996","41.9"
"AZE","","ALL","1997","42.4"
"AZE","","ALL","1998","42.8"
"AZE","","ALL","1999","43.3"
"AZE","","ALL","2000","43.7"
"AZE","","ALL","2001","44.2"
"AZE","","ALL","2002","44.7"
"AZE","","ALL","2003","45.3"
"AZE","","ALL","2004","45.8"
"AZE","","ALL","2005","46.4"
"AZE","","ALL","2006","47"
"AZE","","ALL","2007","47.7"
"AZE","","ALL","2008","48.3"
"AZE","","ALL","2009","48.9"
"AZE","","ALL","2010","49.6"
"AZE","","ALL","2011","50.2"
"AZE","","ALL","2012","50.9"
"AZE","","ALL","2013","51.6"
"AZE","","ALL","2014","52.2"
"AZE","","ALL","2015","52.9"
"AZE","","ALL","2016","53.6"
"BEL","","ALL","1975","43.4"
"BEL","","ALL","1976","43.9"
"BEL","","ALL","1977","44.3"
"BEL","","ALL","1978","44.8"
"BEL","","ALL","1979","45.3"
"BEL","","ALL","1980","45.8"
"BEL","","ALL","1981","46.2"
"BEL","","ALL","1982","46.7"
"BEL","","ALL","1983","47.2"
"BEL","","ALL","1984","47.6"
"BEL","","ALL","1985","48.1"
"BEL","","ALL","1986","48.5"
"BEL","","ALL","1987","49"
"BEL","","ALL","1988","49.5"
"BEL","","ALL","1989","49.9"
"BEL","","ALL","1990","50.4"
"BEL","","ALL","1991","50.8"
"BEL","","ALL","1992","51.2"
"BEL","","ALL","1993","51.7"
"BEL","","ALL","1994","52.1"
"BEL","","ALL","1995","52.5"
"BEL","","ALL","1996","52.9"
"BEL","","ALL","1997","53.3"
"BEL","","ALL","1998","53.7"
"BEL","","ALL","1999","54.1"
"BEL","","ALL","2000","54.5"
"BEL","","ALL","2001","54.9"
"BEL","","ALL","2002","55.2"
"BEL","","ALL","2003","55.6"
"BEL","","ALL","2004","55.9"
"BEL","","ALL","2005","56.2"
"BEL","","ALL","2006","56.6"
"BEL","","ALL","2007","56.9"
"BEL","","ALL","2008","57.2"
"BEL","","ALL","2009","57.5"
"BEL","","ALL","2010","57.8"
"BEL","","ALL","2011","58.1"
"BEL","","ALL","2012","58.3"
"BEL","","ALL","2013","58.6"
"BEL","","ALL","2014","58.9"
"BEL","","ALL","2015","59.2"
"BEL","","ALL","2016","59.5"
"BGR","","ALL","1975","40.7"
"BGR","","ALL","1976","41.4"
"BGR","","ALL","1977","42.2"
"BGR","","ALL","1978","42.9"
"BGR","","ALL","1979","43.6"
"BGR","","ALL","1980","44.3"
"BGR","","ALL","1981","44.9"
"BGR","","ALL","1982","45.5"
"BGR","","ALL","1983","46.1"
"BGR","","ALL","1984","46.7"
"BGR","","ALL","1985","47.2"
"BGR","","ALL","1986","47.8"
"BGR","","ALL","1987","48.3"
"BGR","","ALL","1988","48.7"
"BGR","","ALL","1989","49.2"
"BGR","","ALL","1990","49.7"
"BGR","","ALL","1991","50.1"
"BGR","","ALL","1992","50.6"
"BGR","","ALL","1993","51"
"BGR","","ALL","1994","51.4"
"BGR","","ALL","1995","51.9"
"BGR","","ALL","1996","52.3"
"BGR","","ALL","1997","52.7"
"BGR","","ALL","1998","53.2"
"BGR","","ALL","1999","53.6"
"BGR","","ALL","2000","54"
"BGR","","ALL","2001","54.5"
"BGR","","ALL","2002","54.9"
"BGR","","ALL","2003","55.4"
"BGR","","ALL","2004","55.9"
"BGR","","ALL","2005","56.4"
"BGR","","ALL","2006","56.9"
"BGR","","ALL","2007","57.4"
"BGR","","ALL","2008","57.9"
"BGR","","ALL","2009","58.4"
"BGR","","ALL","2010","58.9"
"BGR","","ALL","2011","59.3"
"BGR","","ALL","2012","59.8"
"BGR","","ALL","2013","60.3"
"BGR","","ALL","2014","60.8"
"BGR","","ALL","2015","61.2"
"BGR","","ALL","2016","61.7"
"BIH","","ALL","1975","31.9"
"BIH","","ALL","1976","32.6"
"BIH","","ALL","1977","33.2"
"BIH","","ALL","1978","33.9"
"BIH","","ALL","1979","34.6"
"BIH","","ALL","1980","35.3"
"BIH","","ALL","1981","35.9"
"BIH","","ALL","1982","36.5"
"BIH","","ALL","1983","37.2"
"BIH","","ALL","1984","37.7"
"BIH","","ALL","1985","38.3"
"BIH","","ALL","1986","38.9"
"BIH","","ALL","1987","39.4"
"BIH","","ALL","1988","40"
"BIH","","ALL","1989","40.5"
"BIH","","ALL","1990","41"
"BIH","","ALL","1991","41.4"
"BIH","","ALL","1992","41.9"
"BIH","","ALL","1993","42.3"
"BIH","","ALL","1994","42.8"
"BIH","","ALL","1995","43.2"
"BIH","","ALL","1996","43.6"
"BIH","","ALL","1997","44"
"BIH","","ALL","1998","44.5"
"BIH","","ALL","1999","44.9"
"BIH","","ALL","2000","45.4"
"BIH","","ALL","2001","45.8"
"BIH","","ALL","2002","46.3"
"BIH","","ALL","2003","46.8"
"BIH","","ALL","2004","47.2"
"BIH","","ALL","2005","47.7"
"BIH","","ALL","2006","48.2"
"BIH","","ALL","2007","48.7"
"BIH","","ALL","2008","49.2"
"BIH","","ALL","2009","49.7"
"BIH","","ALL","2010","50.2"
"BIH","","ALL","2011","50.7"
"BIH","","ALL","2012","51.2"
"BIH","","ALL","2013","51.7"
"BIH","","ALL","2014","52.2"
"BIH","","ALL","2015","52.8"
"BIH","","ALL","2016","53.3"
"BLR","","ALL","1975","37.5"
"BLR","","ALL","1976","38.2"
"BLR","","ALL","1977","39"
"BLR","","ALL","1978","39.7"
"BLR","","ALL","1979","40.5"
"BLR","","ALL","1980","41.2"
"BLR","","ALL","1981","41.9"
"BLR","","ALL","1982","42.6"
"BLR","","ALL","1983","43.3"
"BLR","","ALL","1984","44"
"BLR","","ALL","1985","44.6"
"BLR","","ALL","1986","45.3"
"BLR","","ALL","1987","45.9"
"BLR","","ALL","1988","46.5"
"BLR","","ALL","1989","47.1"
"BLR","","ALL","1990","47.6"
"BLR","","ALL","1991","48.2"
"BLR","","ALL","1992","48.7"
"BLR","","ALL","1993","49.2"
"BLR","","ALL","1994","49.6"
"BLR","","ALL","1995","50.1"
"BLR","","ALL","1996","50.5"
"BLR","","ALL","1997","50.9"
"BLR","","ALL","1998","51.4"
"BLR","","ALL","1999","51.8"
"BLR","","ALL","2000","52.2"
"BLR","","ALL","2001","52.7"
"BLR","","ALL","2002","53.1"
"BLR","","ALL","2003","53.6"
"BLR","","ALL","2004","54.1"
"BLR","","ALL","2005","54.5"
"BLR","","ALL","2006","55"
"BLR","","ALL","2007","55.5"
"BLR","","ALL","2008","55.9"
"BLR","","ALL","2009","56.4"
"BLR","","ALL","2010","56.8"
"BLR","","ALL","2011","57.3"
"BLR","","ALL","2012","57.7"
"BLR","","ALL","2013","58.1"
"BLR","","ALL","2014","58.6"
"BLR","","ALL","2015","59"
"BLR","","ALL","2016","59.4"
"CHE","","ALL","1975","30.6"
"CHE","","ALL","1976","31.1"
"CHE","","ALL","1977","31.6"
"CHE","","ALL","1978","32.1"
"CHE","","ALL","1979","32.6"
"CHE","","ALL","1980","33"
"CHE","","ALL","1981","33.6"
"CHE","","ALL","1982","34.3"
"CHE","","ALL","1983","35.1"
"CHE","","ALL","1984","35.9"
"CHE","","ALL","1985","36.8"
"CHE","","ALL","1986","37.7"
"CHE","","ALL","1987","38.7"
"CHE","","ALL","1988","39.7"
"CHE","","ALL","1989","40.7"
"CHE","","ALL","1990","41.7"
"CHE","","ALL","1991","42.7"
"CHE","","ALL","1992","43.5"
"CHE","","ALL","1993","44.3"
"CHE","","ALL","1994","44.9"
"CHE","","ALL","1995","45.6"
"CHE","","ALL","1996","46.1"
"CHE","","ALL","1997","46.7"
"CHE","","ALL","1998","47.1"
"CHE","","ALL","1999","47.6"
"CHE","","ALL","2000","48"
"CHE","","ALL","2001","48.4"
"CHE","","ALL","2002","48.8"
"CHE","","ALL","2003","49.2"
"CHE","","ALL","2004","49.7"
"CHE","","ALL","2005","50.1"
"CHE","","ALL","2006","50.5"
"CHE","","ALL","2007","50.9"
"CHE","","ALL","2008","51.2"
"CHE","","ALL","2009","51.6"
"CHE","","ALL","2010","52"
"CHE","","ALL","2011","52.4"
"CHE","","ALL","2012","52.8"
"CHE","","ALL","2013","53.1"
"CHE","","ALL","2014","53.5"
"CHE","","ALL","2015","53.9"
"CHE","","ALL","2016","54.3"
"CYP","","ALL","1975","32"
"CYP","","ALL","1976","33"
"CYP","","ALL","1977","34"
"CYP","","ALL","1978","35.1"
"CYP","","ALL","1979","36.2"
"CYP","","ALL","1980","37.4"
"CYP","","ALL","1981","38.5"
"CYP","","ALL","1982","39.6"
"CYP","","ALL","1983","40.7"
"CYP","","ALL","1984","41.7"
"CYP","","ALL","1985","42.7"
"CYP","","ALL","1986","43.7"
"CYP","","ALL","1987","44.5"
"CYP","","ALL","1988","45.3"
"CYP","","ALL","1989","46.1"
"CYP","","ALL","1990","46.8"
"CYP","","ALL","1991","47.5"
"CYP","","ALL","1992","48.1"
"CYP","","ALL","1993","48.7"
"CYP","","ALL","1994","49.3"
"CYP","","ALL","1995","49.9"
"CYP","","ALL","1996","50.4"
"CYP","","ALL","1997","51"
"CYP","","ALL","1998","51.5"
"CYP","","ALL","1999","52"
"CYP","","ALL","2000","52.5"
"CYP","","ALL","2001","53"
"CYP","","ALL","2002","53.5"
"CYP","","ALL","2003","54"
"CYP","","ALL","2004","54.4"
"CYP","","ALL","2005","54.9"
"CYP","","ALL","2006","55.3"
"CYP","","ALL","2007","55.7"
"CYP","","ALL","2008","56.1"
"CYP","","ALL","2009","56.5"
"CYP","","ALL","2010","56.9"
"CYP","","ALL","2011","57.3"
"CYP","","ALL","2012","57.7"
"CYP","","ALL","2013","58"
"CYP","","ALL","2014","58.4"
"CYP","","ALL","2015","58.8"
"CYP","","ALL","2016","59.1"
"CZE","","ALL","1975","46.4"
"CZE","","ALL","1976","47.1"
"CZE","","ALL","1977","47.8"
"CZE","","ALL","1978","48.5"
"CZE","","ALL","1979","49.2"
"CZE","","ALL","1980","49.9"
"CZE","","ALL","1981","50.5"
"CZE","","ALL","1982","51.1"
"CZE","","ALL","1983","51.6"
"CZE","","ALL","1984","52"
"CZE","","ALL","1985","52.4"
"CZE","","ALL","1986","52.8"
"CZE","","ALL","1987","53.1"
"CZE","","ALL","1988","53.5"
"CZE","","ALL","1989","53.7"
"CZE","","ALL","1990","54"
"CZE","","ALL","1991","54.3"
"CZE","","ALL","1992","54.6"
"CZE","","ALL","1993","54.9"
"CZE","","ALL","1994","55.1"
"CZE","","ALL","1995","55.4"
"CZE","","ALL","1996","55.7"
"CZE","","ALL","1997","55.9"
"CZE","","ALL","1998","56.2"
"CZE","","ALL","1999","56.5"
"CZE","","ALL","2000","56.8"
"CZE","","ALL","2001","57.1"
"CZE","","ALL","2002","57.4"
"CZE","","ALL","2003","57.7"
"CZE","","ALL","2004","58.1"
"CZE","","ALL","2005","58.4"
"CZE","","ALL","2006","58.8"
"CZE","","ALL","2007","59.1"
"CZE","","ALL","2008","59.5"
"CZE","","ALL","2009","59.8"
"CZE","","ALL","2010","60.2"
"CZE","","ALL","2011","60.6"
"CZE","","ALL","2012","60.9"
"CZE","","ALL","2013","61.3"
"CZE","","ALL","2014","61.6"
"CZE","","ALL","2015","62"
"CZE","","ALL","2016","62.3"
"DEU","","ALL","1975","38.2"
"DEU","","ALL","1976","38.7"
"DEU","","ALL","1977","39.2"
"DEU","","ALL","1978","39.8"
"DEU","","ALL","1979","40.3"
"DEU","","ALL","1980","40.8"
"DEU","","ALL","1981","41.3"
"DEU","","ALL","1982","41.9"
"DEU","","ALL","1983","42.4"
"DEU","","ALL","1984","42.9"
"DEU","","ALL","1985","43.4"
"DEU","","ALL","1986","43.9"
"DEU","","ALL","1987","44.4"
"DEU","","ALL","1988","45"
"DEU","","ALL","1989","45.5"
"DEU","","ALL","1990","46"
"DEU","","ALL","1991","46.6"
"DEU","","ALL","1992","47.1"
"DEU","","ALL","1993","47.6"
"DEU","","ALL","1994","48.1"
"DEU","","ALL","1995","48.6"
"DEU","","ALL","1996","49.1"
"DEU","","ALL","1997","49.5"
"DEU","","ALL","1998","50"
"DEU","","ALL","1999","50.4"
"DEU","","ALL","2000","50.8"
"DEU","","ALL","2001","51.2"
"DEU","","ALL","2002","51.6"
"DEU","","ALL","2003","52"
"DEU","","ALL","2004","52.4"
"DEU","","ALL","2005","52.7"
"DEU","","ALL","2006","53.1"
"DEU","","ALL","2007","53.5"
"DEU","","ALL","2008","53.9"
"DEU","","ALL","2009","54.2"
"DEU","","ALL","2010","54.6"
"DEU","","ALL","2011","54.9"
"DEU","","ALL","2012","55.3"
"DEU","","ALL","2013","55.7"
"DEU","","ALL","2014","56"
"DEU","","ALL","2015","56.4"
"DEU","","ALL","2016","56.8"
"DNK","","ALL","1975","36.1"
"DNK","","ALL","1976","36.7"
"DNK","","ALL","1977","37.4"
"DNK","","ALL","1978","38"
"DNK","","ALL","1979","38.6"
"DNK","","ALL","1980","39.2"
"DNK","","ALL","1981","39.8"
"DNK","","ALL","1982","40.3"
"DNK","","ALL","1983","40.9"
"DNK","","ALL","1984","41.4"
"DNK","","ALL","1985","42"
"DNK","","ALL","1986","42.5"
"DNK","","ALL","1987","43.1"
"DNK","","ALL","1988","43.6"
"DNK","","ALL","1989","44.1"
"DNK","","ALL","1990","44.6"
"DNK","","ALL","1991","45.1"
"DNK","","ALL","1992","45.6"
"DNK","","ALL","1993","46.1"
"DNK","","ALL","1994","46.6"
"DNK","","ALL","1995","47.1"
"DNK","","ALL","1996","47.6"
"DNK","","ALL","1997","48"
"DNK","","ALL","1998","48.5"
"DNK","","ALL","1999","48.9"
"DNK","","ALL","2000","49.3"
"DNK","","ALL","2001","49.7"
"DNK","","ALL","2002","50.2"
"DNK","","ALL","2003","50.6"
"DNK","","ALL","2004","51"
"DNK","","ALL","2005","51.4"
"DNK","","ALL","2006","51.7"
"DNK","","ALL","2007","52.1"
"DNK","","ALL","2008","52.5"
"DNK","","ALL","2009","52.9"
"DNK","","ALL","2010","53.3"
"DNK","","ALL","2011","53.6"
"DNK","","ALL","2012","54"
"DNK","","ALL","2013","54.3"
"DNK","","ALL","2014","54.7"
"DNK","","ALL","2015","55.1"
"DNK","","ALL","2016","55.4"
"ESP","","ALL","1975","40.9"
"ESP","","ALL","1976","41.6"
"ESP","","ALL","1977","42.3"
"ESP","","ALL","1978","43"
"ESP","","ALL","1979","43.7"
"ESP","","ALL","1980","44.4"
"ESP","","ALL","1981","45.1"
"ESP","","ALL","1982","45.8"
"ESP","","ALL","1983","46.4"
"ESP","","ALL","1984","47"
"ESP","","ALL","1985","47.6"
"ESP","","ALL","1986","48.2"
"ESP","","ALL","1987","48.7"
"ESP","","ALL","1988","49.3"
"ESP","","ALL","1989","49.8"
"ESP","","ALL","1990","50.4"
"ESP","","ALL","1991","50.9"
"ESP","","ALL","1992","51.4"
"ESP","","ALL","1993","52"
"ESP","","ALL","1994","52.5"
"ESP","","ALL","1995","52.9"
"ESP","","ALL","1996","53.4"
"ESP","","ALL","1997","53.9"
"ESP","","ALL","1998","54.4"
"ESP","","ALL","1999","54.8"
"ESP","","ALL","2000","55.3"
"ESP","","ALL","2001","55.7"
"ESP","","ALL","2002","56.2"
"ESP","","ALL","2003","56.6"
"ESP","","ALL","2004","57"
"ESP","","ALL","2005","57.4"
"ESP","","ALL","2006","57.9"
"ESP","","ALL","2007","58.3"
"ESP","","ALL","2008","58.7"
"ESP","","ALL","2009","59"
"ESP","","ALL","2010","59.4"
"ESP","","ALL","2011","59.8"
"ESP","","ALL","2012","60.2"
"ESP","","ALL","2013","60.5"
"ESP","","ALL","2014","60.9"
"ESP","","ALL","2015","61.3"
"ESP","","ALL","2016","61.6"
"EST","","ALL","1975","43.5"
"EST","","ALL","1976","43.9"
"EST","","ALL","1977","44.3"
"EST","","ALL","1978","44.7"
"EST","","ALL","1979","45.1"
"EST","","ALL","1980","45.4"
"EST","","ALL","1981","45.8"
"EST","","ALL","1982","46.1"
"EST","","ALL","1983","46.5"
"EST","","ALL","1984","46.8"
"EST","","ALL","1985","47.1"
"EST","","ALL","1986","47.4"
"EST","","ALL","1987","47.7"
"EST","","ALL","1988","47.9"
"EST","","ALL","1989","48.2"
"EST","","ALL","1990","48.5"
"EST","","ALL","1991","48.7"
"EST","","ALL","1992","48.9"
"EST","","ALL","1993","49.2"
"EST","","ALL","1994","49.4"
"EST","","ALL","1995","49.6"
"EST","","ALL","1996","49.8"
"EST","","ALL","1997","50"
"EST","","ALL","1998","50.3"
"EST","","ALL","1999","50.5"
"EST","","ALL","2000","50.8"
"EST","","ALL","2001","51"
"EST","","ALL","2002","51.3"
"EST","","ALL","2003","51.6"
"EST","","ALL","2004","51.9"
"EST","","ALL","2005","52.2"
"EST","","ALL","2006","52.5"
"EST","","ALL","2007","52.8"
"EST","","ALL","2008","53.1"
"EST","","ALL","2009","53.5"
"EST","","ALL","2010","53.8"
"EST","","ALL","2011","54.1"
"EST","","ALL","2012","54.4"
"EST","","ALL","2013","54.8"
"EST","","ALL","2014","55.1"
"EST","","ALL","2015","55.4"
"EST","","ALL","2016","55.8"
"FIN","","ALL","1975","35"
"FIN","","ALL","1976","35.7"
"FIN","","ALL","1977","36.4"
"FIN","","ALL","1978","37.2"
"FIN","","ALL","1979","37.9"
"FIN","","ALL","1980","38.7"
"FIN","","ALL","1981","39.4"
"FIN","","ALL","1982","40.2"
"FIN","","ALL","1983","40.9"
"FIN","","ALL","1984","41.7"
"FIN","","ALL","1985","42.4"
"FIN","","ALL","1986","43.2"
"FIN","","ALL","1987","43.9"
"FIN","","ALL","1988","44.7"
"FIN","","ALL","1989","45.4"
"FIN","","ALL","1990","46.1"
"FIN","","ALL","1991","46.8"
"FIN","","ALL","1992","47.5"
"FIN","","ALL","1993","48.1"
"FIN","","ALL","1994","48.7"
"FIN","","ALL","1995","49.3"
"FIN","","ALL","1996","49.8"
"FIN","","ALL","1997","50.4"
"FIN","","ALL","1998","50.9"
"FIN","","ALL","1999","51.4"
"FIN","","ALL","2000","51.9"
"FIN","","ALL","2001","52.3"
"FIN","","ALL","2002","52.8"
"FIN","","ALL","2003","53.2"
"FIN","","ALL","2004","53.6"
"FIN","","ALL","2005","54"
"FIN","","ALL","2006","54.4"
"FIN","","ALL","2007","54.8"
"FIN","","ALL","2008","55.2"
"FIN","","ALL","2009","55.5"
"FIN","","ALL","2010","55.9"
"FIN","","ALL","2011","56.2"
"FIN","","ALL","2012","56.6"
"FIN","","ALL","2013","56.9"
"FIN","","ALL","2014","57.2"
"FIN","","ALL","2015","57.6"
"FIN","","ALL","2016","57.9"
"FRA","","ALL","1975","39.9"
"FRA","","ALL","1976","40.4"
"FRA","","ALL","1977","40.9"
"FRA","","ALL","1978","41.4"
"FRA","","ALL","1979","41.9"
"FRA","","ALL","1980","42.4"
"FRA","","ALL","1981","42.9"
"FRA","","ALL","1982","43.3"
"FRA","","ALL","1983","43.8"
"FRA","","ALL","1984","44.3"
"FRA","","ALL","1985","44.7"
"FRA","","ALL","1986","45.2"
"FRA","","ALL","1987","45.7"
"FRA","","ALL","1988","46.2"
"FRA","","ALL","1989","46.6"
"FRA","","ALL","1990","47.1"
"FRA","","ALL","1991","47.6"
"FRA","","ALL","1992","48.1"
"FRA","","ALL","1993","48.6"
"FRA","","ALL","1994","49.1"
"FRA","","ALL","1995","49.6"
"FRA","","ALL","1996","50.1"
"FRA","","ALL","1997","50.6"
"FRA","","ALL","1998","51.1"
"FRA","","ALL","1999","51.6"
"FRA","","ALL","2000","52.1"
"FRA","","ALL","2001","52.6"
"FRA","","ALL","2002","53.1"
"FRA","","ALL","2003","53.5"
"FRA","","ALL","2004","54"
"FRA","","ALL","2005","54.5"
"FRA","","ALL","2006","55"
"FRA","","ALL","2007","55.4"
"FRA","","ALL","2008","55.9"
"FRA","","ALL","2009","56.4"
"FRA","","ALL","2010","56.8"
"FRA","","ALL","2011","57.3"
"FRA","","ALL","2012","57.7"
"FRA","","ALL","2013","58.2"
"FRA","","ALL","2014","58.6"
"FRA","","ALL","2015","59"
"FRA","","ALL","2016","59.5"
"GBR","","ALL","1975","40.1"
"GBR","","ALL","1976","40.6"
"GBR","","ALL","1977","41.2"
"GBR","","ALL","1978","41.8"
"GBR","","ALL","1979","42.3"
"GBR","","ALL","1980","42.9"
"GBR","","ALL","1981","43.5"
"GBR","","ALL","1982","44.1"
"GBR","","ALL","1983","44.7"
"GBR","","ALL","1984","45.3"
"GBR","","ALL","1985","45.8"
"GBR","","ALL","1986","46.4"
"GBR","","ALL","1987","47"
"GBR","","ALL","1988","47.5"
"GBR","","ALL","1989","48.1"
"GBR","","ALL","1990","48.7"
"GBR","","ALL","1991","49.3"
"GBR","","ALL","1992","49.9"
"GBR","","ALL","1993","50.5"
"GBR","","ALL","1994","51.1"
"GBR","","ALL","1995","51.7"
"GBR","","ALL","1996","52.3"
"GBR","","ALL","1997","53"
"GBR","","ALL","1998","53.6"
"GBR","","ALL","1999","54.2"
"GBR","","ALL","2000","54.8"
"GBR","","ALL","2001","55.4"
"GBR","","ALL","2002","56"
"GBR","","ALL","2003","56.6"
"GBR","","ALL","2004","57.2"
"GBR","","ALL","2005","57.8"
"GBR","","ALL","2006","58.4"
"GBR","","ALL","2007","58.9"
"GBR","","ALL","2008","59.5"
"GBR","","ALL","2009","60.1"
"GBR","","ALL","2010","60.6"
"GBR","","ALL","2011","61.1"
"GBR","","ALL","2012","61.7"
"GBR","","ALL","2013","62.2"
"GBR","","ALL","2014","62.7"
"GBR","","ALL","2015","63.2"
"GBR","","ALL","2016","63.7"
"GEO","","ALL","1975","30.8"
"GEO","","ALL","1976","31.4"
"GEO","","ALL","1977","32"
"GEO","","ALL","1978","32.6"
"GEO","","ALL","1979","33.2"
"GEO","","ALL","1980","33.8"
"GEO","","ALL","1981","34.4"
"GEO","","ALL","1982","35"
"GEO","","ALL","1983","35.6"
"GEO","","ALL","1984","36.2"
"GEO","","ALL","1985","36.8"
"GEO","","ALL","1986","37.4"
"GEO","","ALL","1987","37.9"
"GEO","","ALL","1988","38.5"
"GEO","","ALL","1989","39"
"GEO","","ALL","1990","39.6"
"GEO","","ALL","1991","40.1"
"GEO","","ALL","1992","40.6"
"GEO","","ALL","1993","41.1"
"GEO","","ALL","1994","41.6"
"GEO","","ALL","1995","42.1"
"GEO","","ALL","1996","42.5"
"GEO","","ALL","1997","43"
"GEO","","ALL","1998","43.4"
"GEO","","ALL","1999","43.9"
"GEO","","ALL","2000","44.4"
"GEO","","ALL","2001","44.8"
"GEO","","ALL","2002","45.4"
"GEO","","ALL","2003","45.9"
"GEO","","ALL","2004","46.4"
"GEO","","ALL","2005","47"
"GEO","","ALL","2006","47.6"
"GEO","","ALL","2007","48.2"
"GEO","","ALL","2008","48.8"
"GEO","","ALL","2009","49.4"
"GEO","","ALL","2010","50.1"
"GEO","","ALL","2011","50.8"
"GEO","","ALL","2012","51.4"
"GEO","","ALL","2013","52.1"
"GEO","","ALL","2014","52.8"
"GEO","","ALL","2015","53.5"
"GEO","","ALL","2016","54.2"
"GRC","","ALL","1975","40.5"
"GRC","","ALL","1976","41.2"
"GRC","","ALL","1977","41.9"
"GRC","","ALL","1978","42.6"
"GRC","","ALL","1979","43.2"
"GRC","","ALL","1980","43.9"
"GRC","","ALL","1981","44.5"
"GRC","","ALL","1982","45.2"
"GRC","","ALL","1983","45.8"
"GRC","","ALL","1984","46.4"
"GRC","","ALL","1985","47"
"GRC","","ALL","1986","47.6"
"GRC","","ALL","1987","48.2"
"GRC","","ALL","1988","48.7"
"GRC","","ALL","1989","49.3"
"GRC","","ALL","1990","49.9"
"GRC","","ALL","1991","50.4"
"GRC","","ALL","1992","51"
"GRC","","ALL","1993","51.5"
"GRC","","ALL","1994","52"
"GRC","","ALL","1995","52.6"
"GRC","","ALL","1996","53.1"
"GRC","","ALL","1997","53.6"
"GRC","","ALL","1998","54.1"
"GRC","","ALL","1999","54.5"
"GRC","","ALL","2000","55"
"GRC","","ALL","2001","55.5"
"GRC","","ALL","2002","56"
"GRC","","ALL","2003","56.5"
"GRC","","ALL","2004","56.9"
"GRC","","ALL","2005","57.4"
"GRC","","ALL","2006","57.9"
"GRC","","ALL","2007","58.4"
"GRC","","ALL","2008","58.8"
"GRC","","ALL","2009","59.3"
"GRC","","ALL","2010","59.7"
"GRC","","ALL","2011","60.2"
"GRC","","ALL","2012","60.6"
"GRC","","ALL","2013","61"
"GRC","","ALL","2014","61.5"
"GRC","","ALL","2015","61.9"
"GRC","","ALL","2016","62.3"
"HRV","","ALL","1975","37.5"
"HRV","","ALL","1976","38.2"
"HRV","","ALL","1977","38.9"
"HRV","","ALL","1978","39.7"
"HRV","","ALL","1979","40.4"
"HRV","","ALL","1980","41.1"
"HRV","","ALL","1981","41.8"
"HRV","","ALL","1982","42.5"
"HRV","","ALL","1983","43.1"
"HRV","","ALL","1984","43.7"
"HRV","","ALL","1985","44.2"
"HRV","","ALL","1986","44.8"
"HRV","","ALL","1987","45.3"
"HRV","","ALL","1988","45.8"
"HRV","","ALL","1989","46.3"
"HRV","","ALL","1990","46.8"
"HRV","","ALL","1991","47.3"
"HRV","","ALL","1992","47.7"
"HRV","","ALL","1993","48.2"
"HRV","","ALL","1994","48.6"
"HRV","","ALL","1995","49.1"
"HRV","","ALL","1996","49.5"
"HRV","","ALL","1997","50"
"HRV","","ALL","1998","50.4"
"HRV","","ALL","1999","50.9"
"HRV","","ALL","2000","51.4"
"HRV","","ALL","2001","51.8"
"HRV","","ALL","2002","52.3"
"HRV","","ALL","2003","52.8"
"HRV","","ALL","2004","53.3"
"HRV","","ALL","2005","53.8"
"HRV","","ALL","2006","54.3"
"HRV","","ALL","2007","54.9"
"HRV","","ALL","2008","55.4"
"HRV","","ALL","2009","55.9"
"HRV","","ALL","2010","56.4"
"HRV","","ALL","2011","57"
"HRV","","ALL","2012","57.5"
"HRV","","ALL","2013","58"
"HRV","","ALL","2014","58.6"
"HRV","","ALL","2015","59.1"
"HRV","","ALL","2016","59.6"
"HUN","","ALL","1975","43.5"
"HUN","","ALL","1976","44"
"HUN","","ALL","1977","44.5"
"HUN","","ALL","1978","45"
"HUN","","ALL","1979","45.5"
"HUN","","ALL","1980","46"
"HUN","","ALL","1981","46.5"
"HUN","","ALL","1982","46.9"
"HUN","","ALL","1983","47.4"
"HUN","","ALL","1984","47.8"
"HUN","","ALL","1985","48.2"
"HUN","","ALL","1986","48.6"
"HUN","","ALL","1987","49"
"HUN","","ALL","1988","49.4"
"HUN","","ALL","1989","49.8"
"HUN","","ALL","1990","50.2"
"HUN","","ALL","1991","50.6"
"HUN","","ALL","1992","50.9"
"HUN","","ALL","1993","51.3"
"HUN","","ALL","1994","51.6"
"HUN","","ALL","1995","52"
"HUN","","ALL","1996","52.3"
"HUN","","ALL","1997","52.6"
"HUN","","ALL","1998","53"
"HUN","","ALL","1999","53.3"
"HUN","","ALL","2000","53.7"
"HUN","","ALL","2001","54"
"HUN","","ALL","2002","54.5"
"HUN","","ALL","2003","54.9"
"HUN","","ALL","2004","55.3"
"HUN","","ALL","2005","55.8"
"HUN","","ALL","2006","56.3"
"HUN","","ALL","2007","56.8"
"HUN","","ALL","2008","57.4"
"HUN","","ALL","2009","57.9"
"HUN","","ALL","2010","58.4"
"HUN","","ALL","2011","59"
"HUN","","ALL","2012","59.5"
"HUN","","ALL","2013","60"
"HUN","","ALL","2014","60.6"
"HUN","","ALL","2015","61.1"
"HUN","","ALL","2016","61.6"
"IRL","","ALL","1975","33.8"
"IRL","","ALL","1976","34.5"
"IRL","","ALL","1977","35.2"
"IRL","","ALL","1978","35.9"
"IRL","","ALL","1979","36.6"
"IRL","","ALL","1980","37.3"
"IRL","","ALL","1981","38"
"IRL","","ALL","1982","38.7"
"IRL","","ALL","1983","39.3"
"IRL","","ALL","1984","40"
"IRL","","ALL","1985","40.7"
"IRL","","ALL","1986","41.4"
"IRL","","ALL","1987","42"
"IRL","","ALL","1988","42.7"
"IRL","","ALL","1989","43.4"
"IRL","","ALL","1990","44"
"IRL","","ALL","1991","44.7"
"IRL","","ALL","1992","45.4"
"IRL","","ALL","1993","46.1"
"IRL","","ALL","1994","46.7"
"IRL","","ALL","1995","47.4"
"IRL","","ALL","1996","48.1"
"IRL","","ALL","1997","48.8"
"IRL","","ALL","1998","49.5"
"IRL","","ALL","1999","50.2"
"IRL","","ALL","2000","50.9"
"IRL","","ALL","2001","51.5"
"IRL","","ALL","2002","52.2"
"IRL","","ALL","2003","52.9"
"IRL","","ALL","2004","53.5"
"IRL","","ALL","2005","54.2"
"IRL","","ALL","2006","54.8"
"IRL","","ALL","2007","55.4"
"IRL","","ALL","2008","56"
"IRL","","ALL","2009","56.6"
"IRL","","ALL","2010","57.2"
"IRL","","ALL","2011","57.7"
"IRL","","ALL","2012","58.3"
"IRL","","ALL","2013","58.9"
"IRL","","ALL","2014","59.5"
"IRL","","ALL","2015","60"
"IRL","","ALL","2016","60.6"
"ISL","","ALL","1975","40"
"ISL","","ALL","1976","40.6"
"ISL","","ALL","1977","41.2"
"ISL","","ALL","1978","41.8"
"ISL","","ALL","1979","42.3"
"ISL","","ALL","1980","42.9"
"ISL","","ALL","1981","43.5"
"ISL","","ALL","1982","44"
"ISL","","ALL","1983","44.6"
"ISL","","ALL","1984","45.1"
"ISL","","ALL","1985","45.7"
"ISL","","ALL","1986","46.3"
"ISL","","ALL","1987","46.8"
"ISL","","ALL","1988","47.4"
"ISL","","ALL","1989","47.9"
"ISL","","ALL","1990","48.4"
"ISL","","ALL","1991","49"
"ISL","","ALL","1992","49.5"
"ISL","","ALL","1993","50"
"ISL","","ALL","1994","50.5"
"ISL","","ALL","1995","51"
"ISL","","ALL","1996","51.5"
"ISL","","ALL","1997","51.9"
"ISL","","ALL","1998","52.4"
"ISL","","ALL","1999","52.8"
"ISL","","ALL","2000","53.3"
"ISL","","ALL","2001","53.7"
"ISL","","ALL","2002","54.1"
"ISL","","ALL","2003","54.5"
"ISL","","ALL","2004","55"
"ISL","","ALL","2005","55.3"
"ISL","","ALL","2006","55.7"
"ISL","","ALL","2007","56.1"
"ISL","","ALL","2008","56.4"
"ISL","","ALL","2009","56.8"
"ISL","","ALL","2010","57.1"
"ISL","","ALL","2011","57.4"
"ISL","","ALL","2012","57.8"
"ISL","","ALL","2013","58.1"
"ISL","","ALL","2014","58.4"
"ISL","","ALL","2015","58.8"
"ISL","","ALL","2016","59.1"
"ISR","","ALL","1975","46.2"
"ISR","","ALL","1976","46.8"
"ISR","","ALL","1977","47.4"
"ISR","","ALL","1978","48"
"ISR","","ALL","1979","48.5"
"ISR","","ALL","1980","49.1"
"ISR","","ALL","1981","49.7"
"ISR","","ALL","1982","50.2"
"ISR","","ALL","1983","50.7"
"ISR","","ALL","1984","51.3"
"ISR","","ALL","1985","51.8"
"ISR","","ALL","1986","52.3"
"ISR","","ALL","1987","52.8"
"ISR","","ALL","1988","53.3"
"ISR","","ALL","1989","53.8"
"ISR","","ALL","1990","54.2"
"ISR","","ALL","1991","54.7"
"ISR","","ALL","1992","55.1"
"ISR","","ALL","1993","55.6"
"ISR","","ALL","1994","56"
"ISR","","ALL","1995","56.5"
"ISR","","ALL","1996","56.9"
"ISR","","ALL","1997","57.3"
"ISR","","ALL","1998","57.8"
"ISR","","ALL","1999","58.2"
"ISR","","ALL","2000","58.6"
"ISR","","ALL","2001","59"
"ISR","","ALL","2002","59.4"
"ISR","","ALL","2003","59.8"
"ISR","","ALL","2004","60.2"
"ISR","","ALL","2005","60.6"
"ISR","","ALL","2006","60.9"
"ISR","","ALL","2007","61.3"
"ISR","","ALL","2008","61.6"
"ISR","","ALL","2009","62"
"ISR","","ALL","2010","62.3"
"ISR","","ALL","2011","62.7"
"ISR","","ALL","2012","63"
"ISR","","ALL","2013","63.3"
"ISR","","ALL","2014","63.6"
"ISR","","ALL","2015","64"
"ISR","","ALL","2016","64.3"
"ITA","","ALL","1975","39.5"
"ITA","","ALL","1976","40"
"ITA","","ALL","1977","40.5"
"ITA","","ALL","1978","41"
"ITA","","ALL","1979","41.5"
"ITA","","ALL","1980","42"
"ITA","","ALL","1981","42.5"
"ITA","","ALL","1982","43"
"ITA","","ALL","1983","43.5"
"ITA","","ALL","1984","44"
"ITA","","ALL","1985","44.5"
"ITA","","ALL","1986","44.9"
"ITA","","ALL","1987","45.4"
"ITA","","ALL","1988","45.8"
"ITA","","ALL","1989","46.3"
"ITA","","ALL","1990","46.7"
"ITA","","ALL","1991","47.2"
"ITA","","ALL","1992","47.7"
"ITA","","ALL","1993","48.1"
"ITA","","ALL","1994","48.6"
"ITA","","ALL","1995","49.1"
"ITA","","ALL","1996","49.5"
"ITA","","ALL","1997","50"
"ITA","","ALL","1998","50.5"
"ITA","","ALL","1999","51"
"ITA","","ALL","2000","51.5"
"ITA","","ALL","2001","52"
"ITA","","ALL","2002","52.4"
"ITA","","ALL","2003","52.9"
"ITA","","ALL","2004","53.4"
"ITA","","ALL","2005","53.8"
"ITA","","ALL","2006","54.3"
"ITA","","ALL","2007","54.7"
"ITA","","ALL","2008","55.1"
"ITA","","ALL","2009","55.6"
"ITA","","ALL","2010","56"
"ITA","","ALL","2011","56.4"
"ITA","","ALL","2012","56.8"
"ITA","","ALL","2013","57.2"
"ITA","","ALL","2014","57.6"
"ITA","","ALL","2015","58"
"ITA","","ALL","2016","58.5"
"KAZ","","ALL","1975","31.3"
"KAZ","","ALL","1976","31.9"
"KAZ","","ALL","1977","32.5"
"KAZ","","ALL","1978","33.1"
"KAZ","","ALL","1979","33.6"
"KAZ","","ALL","1980","34.2"
"KAZ","","ALL","1981","34.8"
"KAZ","","ALL","1982","35.3"
"KAZ","","ALL","1983","35.9"
"KAZ","","ALL","1984","36.5"
"KAZ","","ALL","1985","37.1"
"KAZ","","ALL","1986","37.6"
"KAZ","","ALL","1987","38.2"
"KAZ","","ALL","1988","38.7"
"KAZ","","ALL","1989","39.3"
"KAZ","","ALL","1990","39.8"
"KAZ","","ALL","1991","40.3"
"KAZ","","ALL","1992","40.8"
"KAZ","","ALL","1993","41.3"
"KAZ","","ALL","1994","41.8"
"KAZ","","ALL","1995","42.2"
"KAZ","","ALL","1996","42.7"
"KAZ","","ALL","1997","43.2"
"KAZ","","ALL","1998","43.7"
"KAZ","","ALL","1999","44.2"
"KAZ","","ALL","2000","44.8"
"KAZ","","ALL","2001","45.3"
"KAZ","","ALL","2002","45.8"
"KAZ","","ALL","2003","46.3"
"KAZ","","ALL","2004","46.8"
"KAZ","","ALL","2005","47.4"
"KAZ","","ALL","2006","47.9"
"KAZ","","ALL","2007","48.4"
"KAZ","","ALL","2008","49"
"KAZ","","ALL","2009","49.5"
"KAZ","","ALL","2010","50.1"
"KAZ","","ALL","2011","50.6"
"KAZ","","ALL","2012","51.2"
"KAZ","","ALL","2013","51.8"
"KAZ","","ALL","2014","52.4"
"KAZ","","ALL","2015","53"
"KAZ","","ALL","2016","53.6"
"KGZ","","ALL","1975","26.8"
"KGZ","","ALL","1976","27.3"
"KGZ","","ALL","1977","27.8"
"KGZ","","ALL","1978","28.2"
"KGZ","","ALL","1979","28.7"
"KGZ","","ALL","1980","29.2"
"KGZ","","ALL","1981","29.7"
"KGZ","","ALL","1982","30.1"
"KGZ","","ALL","1983","30.6"
"KGZ","","ALL","1984","31"
"KGZ","","ALL","1985","31.5"
"KGZ","","ALL","1986","32"
"KGZ","","ALL","1987","32.4"
"KGZ","","ALL","1988","32.9"
"KGZ","","ALL","1989","33.3"
"KGZ","","ALL","1990","33.8"
"KGZ","","ALL","1991","34.2"
"KGZ","","ALL","1992","34.7"
"KGZ","","ALL","1993","35.1"
"KGZ","","ALL","1994","35.5"
"KGZ","","ALL","1995","36"
"KGZ","","ALL","1996","36.4"
"KGZ","","ALL","1997","36.9"
"KGZ","","ALL","1998","37.3"
"KGZ","","ALL","1999","37.8"
"KGZ","","ALL","2000","38.3"
"KGZ","","ALL","2001","38.8"
"KGZ","","ALL","2002","39.3"
"KGZ","","ALL","2003","39.9"
"KGZ","","ALL","2004","40.5"
"KGZ","","ALL","2005","41"
"KGZ","","ALL","2006","41.6"
"KGZ","","ALL","2007","42.3"
"KGZ","","ALL","2008","42.9"
"KGZ","","ALL","2009","43.5"
"KGZ","","ALL","2010","44.2"
"KGZ","","ALL","2011","44.8"
"KGZ","","ALL","2012","45.5"
"KGZ","","ALL","2013","46.2"
"KGZ","","ALL","2014","46.9"
"KGZ","","ALL","2015","47.6"
"KGZ","","ALL","2016","48.3"
"LTU","","ALL","1975","41.9"
"LTU","","ALL","1976","42.6"
"LTU","","ALL","1977","43.4"
"LTU","","ALL","1978","44.1"
"LTU","","ALL","1979","44.8"
"LTU","","ALL","1980","45.6"
"LTU","","ALL","1981","46.3"
"LTU","","ALL","1982","46.9"
"LTU","","ALL","1983","47.6"
"LTU","","ALL","1984","48.2"
"LTU","","ALL","1985","48.8"
"LTU","","ALL","1986","49.3"
"LTU","","ALL","1987","49.9"
"LTU","","ALL","1988","50.4"
"LTU","","ALL","1989","50.8"
"LTU","","ALL","1990","51.3"
"LTU","","ALL","1991","51.7"
"LTU","","ALL","1992","52.1"
"LTU","","ALL","1993","52.4"
"LTU","","ALL","1994","52.8"
"LTU","","ALL","1995","53.1"
"LTU","","ALL","1996","53.3"
"LTU","","ALL","1997","53.6"
"LTU","","ALL","1998","53.9"
"LTU","","ALL","1999","54.2"
"LTU","","ALL","2000","54.5"
"LTU","","ALL","2001","54.7"
"LTU","","ALL","2002","55"
"LTU","","ALL","2003","55.3"
"LTU","","ALL","2004","55.6"
"LTU","","ALL","2005","55.9"
"LTU","","ALL","2006","56.3"
"LTU","","ALL","2007","56.6"
"LTU","","ALL","2008","56.9"
"LTU","","ALL","2009","57.2"
"LTU","","ALL","2010","57.6"
"LTU","","ALL","2011","57.9"
"LTU","","ALL","2012","58.2"
"LTU","","ALL","2013","58.6"
"LTU","","ALL","2014","58.9"
"LTU","","ALL","2015","59.2"
"LTU","","ALL","2016","59.6"
"LUX","","ALL","1975","37.3"
"LUX","","ALL","1976","37.9"
"LUX","","ALL","1977","38.6"
"LUX","","ALL","1978","39.2"
"LUX","","ALL","1979","39.9"
"LUX","","ALL","1980","40.5"
"LUX","","ALL","1981","41.1"
"LUX","","ALL","1982","41.7"
"LUX","","ALL","1983","42.3"
"LUX","","ALL","1984","42.9"
"LUX","","ALL","1985","43.5"
"LUX","","ALL","1986","44"
"LUX","","ALL","1987","44.5"
"LUX","","ALL","1988","45.1"
"LUX","","ALL","1989","45.6"
"LUX","","ALL","1990","46.1"
"LUX","","ALL","1991","46.6"
"LUX","","ALL","1992","47.1"
"LUX","","ALL","1993","47.7"
"LUX","","ALL","1994","48.2"
"LUX","","ALL","1995","48.8"
"LUX","","ALL","1996","49.3"
"LUX","","ALL","1997","49.8"
"LUX","","ALL","1998","50.4"
"LUX","","ALL","1999","50.9"
"LUX","","ALL","2000","51.4"
"LUX","","ALL","2001","51.9"
"LUX","","ALL","2002","52.4"
"LUX","","ALL","2003","52.9"
"LUX","","ALL","2004","53.4"
"LUX","","ALL","2005","53.9"
"LUX","","ALL","2006","54.4"
"LUX","","ALL","2007","54.8"
"LUX","","ALL","2008","55.3"
"LUX","","ALL","2009","55.7"
"LUX","","ALL","2010","56.2"
"LUX","","ALL","2011","56.6"
"LUX","","ALL","2012","57.1"
"LUX","","ALL","2013","57.5"
"LUX","","ALL","2014","57.9"
"LUX","","ALL","2015","58.3"
"LUX","","ALL","2016","58.7"
"LVA","","ALL","1975","43.6"
"LVA","","ALL","1976","44.1"
"LVA","","ALL","1977","44.6"
"LVA","","ALL","1978","45.1"
"LVA","","ALL","1979","45.6"
"LVA","","ALL","1980","46.1"
"LVA","","ALL","1981","46.5"
"LVA","","ALL","1982","47"
"LVA","","ALL","1983","47.4"
"LVA","","ALL","1984","47.8"
"LVA","","ALL","1985","48.2"
"LVA","","ALL","1986","48.5"
"LVA","","ALL","1987","48.9"
"LVA","","ALL","1988","49.2"
"LVA","","ALL","1989","49.5"
"LVA","","ALL","1990","49.8"
"LVA","","ALL","1991","50.1"
"LVA","","ALL","1992","50.4"
"LVA","","ALL","1993","50.7"
"LVA","","ALL","1994","51"
"LVA","","ALL","1995","51.2"
"LVA","","ALL","1996","51.5"
"LVA","","ALL","1997","51.7"
"LVA","","ALL","1998","52"
"LVA","","ALL","1999","52.3"
"LVA","","ALL","2000","52.5"
"LVA","","ALL","2001","52.8"
"LVA","","ALL","2002","53.1"
"LVA","","ALL","2003","53.4"
"LVA","","ALL","2004","53.8"
"LVA","","ALL","2005","54.1"
"LVA","","ALL","2006","54.4"
"LVA","","ALL","2007","54.8"
"LVA","","ALL","2008","55.1"
"LVA","","ALL","2009","55.4"
"LVA","","ALL","2010","55.8"
"LVA","","ALL","2011","56.1"
"LVA","","ALL","2012","56.5"
"LVA","","ALL","2013","56.8"
"LVA","","ALL","2014","57.2"
"LVA","","ALL","2015","57.5"
"LVA","","ALL","2016","57.8"
"MDA","","ALL","1975","32.8"
"MDA","","ALL","1976","33.4"
"MDA","","ALL","1977","34"
"MDA","","ALL","1978","34.6"
"MDA","","ALL","1979","35.2"
"MDA","","ALL","1980","35.8"
"MDA","","ALL","1981","36.4"
"MDA","","ALL","1982","37"
"MDA","","ALL","1983","37.6"
"MDA","","ALL","1984","38.2"
"MDA","","ALL","1985","38.8"
"MDA","","ALL","1986","39.4"
"MDA","","ALL","1987","40"
"MDA","","ALL","1988","40.5"
"MDA","","ALL","1989","41"
"MDA","","ALL","1990","41.6"
"MDA","","ALL","1991","42"
"MDA","","ALL","1992","42.5"
"MDA","","ALL","1993","42.9"
"MDA","","ALL","1994","43.2"
"MDA","","ALL","1995","43.6"
"MDA","","ALL","1996","43.9"
"MDA","","ALL","1997","44.3"
"MDA","","ALL","1998","44.6"
"MDA","","ALL","1999","45"
"MDA","","ALL","2000","45.3"
"MDA","","ALL","2001","45.7"
"MDA","","ALL","2002","46"
"MDA","","ALL","2003","46.4"
"MDA","","ALL","2004","46.8"
"MDA","","ALL","2005","47.2"
"MDA","","ALL","2006","47.6"
"MDA","","ALL","2007","48"
"MDA","","ALL","2008","48.4"
"MDA","","ALL","2009","48.8"
"MDA","","ALL","2010","49.2"
"MDA","","ALL","2011","49.6"
"MDA","","ALL","2012","50"
"MDA","","ALL","2013","50.5"
"MDA","","ALL","2014","50.9"
"MDA","","ALL","2015","51.3"
"MDA","","ALL","2016","51.8"
"MKD","","ALL","1975","38.6"
"MKD","","ALL","1976","39.2"
"MKD","","ALL","1977","39.9"
"MKD","","ALL","1978","40.5"
"MKD","","ALL","1979","41.1"
"MKD","","ALL","1980","41.6"
"MKD","","ALL","1981","42.2"
"MKD","","ALL","1982","42.8"
"MKD","","ALL","1983","43.3"
"MKD","","ALL","1984","43.9"
"MKD","","ALL","1985","44.4"
"MKD","","ALL","1986","44.9"
"MKD","","ALL","1987","45.4"
"MKD","","ALL","1988","46"
"MKD","","ALL","1989","46.5"
"MKD","","ALL","1990","47"
"MKD","","ALL","1991","47.5"
"MKD","","ALL","1992","48"
"MKD","","ALL","1993","48.4"
"MKD","","ALL","1994","48.9"
"MKD","","ALL","1995","49.4"
"MKD","","ALL","1996","49.9"
"MKD","","ALL","1997","50.3"
"MKD","","ALL","1998","50.8"
"MKD","","ALL","1999","51.2"
"MKD","","ALL","2000","51.6"
"MKD","","ALL","2001","51.9"
"MKD","","ALL","2002","52.3"
"MKD","","ALL","2003","52.7"
"MKD","","ALL","2004","53.1"
"MKD","","ALL","2005","53.4"
"MKD","","ALL","2006","53.8"
"MKD","","ALL","2007","54.2"
"MKD","","ALL","2008","54.6"
"MKD","","ALL","2009","55"
"MKD","","ALL","2010","55.5"
"MKD","","ALL","2011","55.9"
"MKD","","ALL","2012","56.3"
"MKD","","ALL","2013","56.7"
"MKD","","ALL","2014","57.2"
"MKD","","ALL","2015","57.6"
"MKD","","ALL","2016","58.1"
"MLT","","ALL","1975","49.2"
"MLT","","ALL","1976","49.6"
"MLT","","ALL","1977","50"
"MLT","","ALL","1978","50.5"
"MLT","","ALL","1979","50.9"
"MLT","","ALL","1980","51.3"
"MLT","","ALL","1981","51.7"
"MLT","","ALL","1982","52.2"
"MLT","","ALL","1983","52.6"
"MLT","","ALL","1984","53.1"
"MLT","","ALL","1985","53.5"
"MLT","","ALL","1986","53.9"
"MLT","","ALL","1987","54.4"
"MLT","","ALL","1988","54.8"
"MLT","","ALL","1989","55.3"
"MLT","","ALL","1990","55.7"
"MLT","","ALL","1991","56.2"
"MLT","","ALL","1992","56.6"
"MLT","","ALL","1993","57.1"
"MLT","","ALL","1994","57.5"
"MLT","","ALL","1995","58"
"MLT","","ALL","1996","58.4"
"MLT","","ALL","1997","58.9"
"MLT","","ALL","1998","59.3"
"MLT","","ALL","1999","59.8"
"MLT","","ALL","2000","60.3"
"MLT","","ALL","2001","60.7"
"MLT","","ALL","2002","61.2"
"MLT","","ALL","2003","61.6"
"MLT","","ALL","2004","62"
"MLT","","ALL","2005","62.4"
"MLT","","ALL","2006","62.8"
"MLT","","ALL","2007","63.2"
"MLT","","ALL","2008","63.6"
"MLT","","ALL","2009","64"
"MLT","","ALL","2010","64.4"
"MLT","","ALL","2011","64.7"
"MLT","","ALL","2012","65.1"
"MLT","","ALL","2013","65.4"
"MLT","","ALL","2014","65.7"
"MLT","","ALL","2015","66.1"
"MLT","","ALL","2016","66.4"
"MNE","","ALL","1975","31.4"
"MNE","","ALL","1976","32.1"
"MNE","","ALL","1977","32.9"
"MNE","","ALL","1978","33.6"
"MNE","","ALL","1979","34.3"
"MNE","","ALL","1980","35.1"
"MNE","","ALL","1981","35.9"
"MNE","","ALL","1982","36.6"
"MNE","","ALL","1983","37.4"
"MNE","","ALL","1984","38.2"
"MNE","","ALL","1985","38.9"
"MNE","","ALL","1986","39.7"
"MNE","","ALL","1987","40.5"
"MNE","","ALL","1988","41.3"
"MNE","","ALL","1989","42.1"
"MNE","","ALL","1990","42.8"
"MNE","","ALL","1991","43.6"
"MNE","","ALL","1992","44.4"
"MNE","","ALL","1993","45.1"
"MNE","","ALL","1994","45.9"
"MNE","","ALL","1995","46.6"
"MNE","","ALL","1996","47.4"
"MNE","","ALL","1997","48.1"
"MNE","","ALL","1998","48.8"
"MNE","","ALL","1999","49.5"
"MNE","","ALL","2000","50.3"
"MNE","","ALL","2001","51"
"MNE","","ALL","2002","51.7"
"MNE","","ALL","2003","52.4"
"MNE","","ALL","2004","53"
"MNE","","ALL","2005","53.7"
"MNE","","ALL","2006","54.3"
"MNE","","ALL","2007","54.9"
"MNE","","ALL","2008","55.5"
"MNE","","ALL","2009","56"
"MNE","","ALL","2010","56.5"
"MNE","","ALL","2011","57"
"MNE","","ALL","2012","57.5"
"MNE","","ALL","2013","58"
"MNE","","ALL","2014","58.5"
"MNE","","ALL","2015","58.9"
"MNE","","ALL","2016","59.4"
"NLD","","ALL","1975","33.1"
"NLD","","ALL","1976","33.7"
"NLD","","ALL","1977","34.3"
"NLD","","ALL","1978","34.8"
"NLD","","ALL","1979","35.4"
"NLD","","ALL","1980","36"
"NLD","","ALL","1981","36.6"
"NLD","","ALL","1982","37.2"
"NLD","","ALL","1983","37.8"
"NLD","","ALL","1984","38.5"
"NLD","","ALL","1985","39.1"
"NLD","","ALL","1986","39.7"
"NLD","","ALL","1987","40.4"
"NLD","","ALL","1988","41"
"NLD","","ALL","1989","41.6"
"NLD","","ALL","1990","42.3"
"NLD","","ALL","1991","42.9"
"NLD","","ALL","1992","43.6"
"NLD","","ALL","1993","44.2"
"NLD","","ALL","1994","44.9"
"NLD","","ALL","1995","45.6"
"NLD","","ALL","1996","46.3"
"NLD","","ALL","1997","47"
"NLD","","ALL","1998","47.6"
"NLD","","ALL","1999","48.3"
"NLD","","ALL","2000","48.9"
"NLD","","ALL","2001","49.6"
"NLD","","ALL","2002","50.2"
"NLD","","ALL","2003","50.9"
"NLD","","ALL","2004","51.5"
"NLD","","ALL","2005","52.1"
"NLD","","ALL","2006","52.8"
"NLD","","ALL","2007","53.3"
"NLD","","ALL","2008","53.9"
"NLD","","ALL","2009","54.5"
"NLD","","ALL","2010","55"
"NLD","","ALL","2011","55.5"
"NLD","","ALL","2012","56"
"NLD","","ALL","2013","56.5"
"NLD","","ALL","2014","56.9"
"NLD","","ALL","2015","57.4"
"NLD","","ALL","2016","57.8"
"NOR","","ALL","1975","35.8"
"NOR","","ALL","1976","36.5"
"NOR","","ALL","1977","37.2"
"NOR","","ALL","1978","37.8"
"NOR","","ALL","1979","38.5"
"NOR","","ALL","1980","39.1"
"NOR","","ALL","1981","39.7"
"NOR","","ALL","1982","40.3"
"NOR","","ALL","1983","40.9"
"NOR","","ALL","1984","41.5"
"NOR","","ALL","1985","42.1"
"NOR","","ALL","1986","42.6"
"NOR","","ALL","1987","43.2"
"NOR","","ALL","1988","43.7"
"NOR","","ALL","1989","44.3"
"NOR","","ALL","1990","44.8"
"NOR","","ALL","1991","45.4"
"NOR","","ALL","1992","46"
"NOR","","ALL","1993","46.6"
"NOR","","ALL","1994","47.1"
"NOR","","ALL","1995","47.7"
"NOR","","ALL","1996","48.3"
"NOR","","ALL","1997","48.9"
"NOR","","ALL","1998","49.5"
"NOR","","ALL","1999","50.1"
"NOR","","ALL","2000","50.7"
"NOR","","ALL","2001","51.2"
"NOR","","ALL","2002","51.8"
"NOR","","ALL","2003","52.3"
"NOR","","ALL","2004","52.8"
"NOR","","ALL","2005","53.3"
"NOR","","ALL","2006","53.8"
"NOR","","ALL","2007","54.3"
"NOR","","ALL","2008","54.8"
"NOR","","ALL","2009","55.2"
"NOR","","ALL","2010","55.7"
"NOR","","ALL","2011","56.1"
"NOR","","ALL","2012","56.6"
"NOR","","ALL","2013","57"
"NOR","","ALL","2014","57.4"
"NOR","","ALL","2015","57.9"
"NOR","","ALL","2016","58.3"
"POL","","ALL","1975","40.2"
"POL","","ALL","1976","40.8"
"POL","","ALL","1977","41.3"
"POL","","ALL","1978","41.8"
"POL","","ALL","1979","42.4"
"POL","","ALL","1980","42.9"
"POL","","ALL","1981","43.4"
"POL","","ALL","1982","43.9"
"POL","","ALL","1983","44.4"
"POL","","ALL","1984","44.8"
"POL","","ALL","1985","45.3"
"POL","","ALL","1986","45.7"
"POL","","ALL","1987","46.2"
"POL","","ALL","1988","46.6"
"POL","","ALL","1989","47"
"POL","","ALL","1990","47.4"
"POL","","ALL","1991","47.8"
"POL","","ALL","1992","48.2"
"POL","","ALL","1993","48.6"
"POL","","ALL","1994","49"
"POL","","ALL","1995","49.3"
"POL","","ALL","1996","49.7"
"POL","","ALL","1997","50.1"
"POL","","ALL","1998","50.5"
"POL","","ALL","1999","50.9"
"POL","","ALL","2000","51.3"
"POL","","ALL","2001","51.7"
"POL","","ALL","2002","52.1"
"POL","","ALL","2003","52.5"
"POL","","ALL","2004","53"
"POL","","ALL","2005","53.4"
"POL","","ALL","2006","53.8"
"POL","","ALL","2007","54.3"
"POL","","ALL","2008","54.7"
"POL","","ALL","2009","55.2"
"POL","","ALL","2010","55.6"
"POL","","ALL","2011","56.1"
"POL","","ALL","2012","56.5"
"POL","","ALL","2013","57"
"POL","","ALL","2014","57.4"
"POL","","ALL","2015","57.8"
"POL","","ALL","2016","58.3"
"PRT","","ALL","1975","30.9"
"PRT","","ALL","1976","31.5"
"PRT","","ALL","1977","32.1"
"PRT","","ALL","1978","32.8"
"PRT","","ALL","1979","33.4"
"PRT","","ALL","1980","34"
"PRT","","ALL","1981","34.7"
"PRT","","ALL","1982","35.3"
"PRT","","ALL","1983","36"
"PRT","","ALL","1984","36.7"
"PRT","","ALL","1985","37.3"
"PRT","","ALL","1986","38"
"PRT","","ALL","1987","38.7"
"PRT","","ALL","1988","39.4"
"PRT","","ALL","1989","40.1"
"PRT","","ALL","1990","40.8"
"PRT","","ALL","1991","41.5"
"PRT","","ALL","1992","42.2"
"PRT","","ALL","1993","42.9"
"PRT","","ALL","1994","43.6"
"PRT","","ALL","1995","44.3"
"PRT","","ALL","1996","45.1"
"PRT","","ALL","1997","45.8"
"PRT","","ALL","1998","46.5"
"PRT","","ALL","1999","47.2"
"PRT","","ALL","2000","47.9"
"PRT","","ALL","2001","48.6"
"PRT","","ALL","2002","49.3"
"PRT","","ALL","2003","49.9"
"PRT","","ALL","2004","50.6"
"PRT","","ALL","2005","51.2"
"PRT","","ALL","2006","51.8"
"PRT","","ALL","2007","52.4"
"PRT","","ALL","2008","53"
"PRT","","ALL","2009","53.6"
"PRT","","ALL","2010","54.2"
"PRT","","ALL","2011","54.8"
"PRT","","ALL","2012","55.4"
"PRT","","ALL","2013","55.9"
"PRT","","ALL","2014","56.5"
"PRT","","ALL","2015","57"
"PRT","","ALL","2016","57.5"
"ROU","","ALL","1975","36"
"ROU","","ALL","1976","36.5"
"ROU","","ALL","1977","37.1"
"ROU","","ALL","1978","37.7"
"ROU","","ALL","1979","38.3"
"ROU","","ALL","1980","38.9"
"ROU","","ALL","1981","39.5"
"ROU","","ALL","1982","40.1"
"ROU","","ALL","1983","40.7"
"ROU","","ALL","1984","41.3"
"ROU","","ALL","1985","41.9"
"ROU","","ALL","1986","42.6"
"ROU","","ALL","1987","43.2"
"ROU","","ALL","1988","43.8"
"ROU","","ALL","1989","44.4"
"ROU","","ALL","1990","45"
"ROU","","ALL","1991","45.6"
"ROU","","ALL","1992","46.2"
"ROU","","ALL","1993","46.7"
"ROU","","ALL","1994","47.2"
"ROU","","ALL","1995","47.7"
"ROU","","ALL","1996","48.1"
"ROU","","ALL","1997","48.5"
"ROU","","ALL","1998","48.9"
"ROU","","ALL","1999","49.4"
"ROU","","ALL","2000","49.8"
"ROU","","ALL","2001","50.2"
"ROU","","ALL","2002","50.6"
"ROU","","ALL","2003","51"
"ROU","","ALL","2004","51.5"
"ROU","","ALL","2005","52"
"ROU","","ALL","2006","52.5"
"ROU","","ALL","2007","53"
"ROU","","ALL","2008","53.5"
"ROU","","ALL","2009","54"
"ROU","","ALL","2010","54.5"
"ROU","","ALL","2011","55"
"ROU","","ALL","2012","55.6"
"ROU","","ALL","2013","56.1"
"ROU","","ALL","2014","56.6"
"ROU","","ALL","2015","57.1"
"ROU","","ALL","2016","57.7"
"RUS","","ALL","1975","43.4"
"RUS","","ALL","1976","43.8"
"RUS","","ALL","1977","44.3"
"RUS","","ALL","1978","44.7"
"RUS","","ALL","1979","45.2"
"RUS","","ALL","1980","45.6"
"RUS","","ALL","1981","46"
"RUS","","ALL","1982","46.4"
"RUS","","ALL","1983","46.8"
"RUS","","ALL","1984","47.2"
"RUS","","ALL","1985","47.5"
"RUS","","ALL","1986","47.8"
"RUS","","ALL","1987","48.1"
"RUS","","ALL","1988","48.4"
"RUS","","ALL","1989","48.7"
"RUS","","ALL","1990","49"
"RUS","","ALL","1991","49.2"
"RUS","","ALL","1992","49.5"
"RUS","","ALL","1993","49.7"
"RUS","","ALL","1994","50"
"RUS","","ALL","1995","50.2"
"RUS","","ALL","1996","50.5"
"RUS","","ALL","1997","50.7"
"RUS","","ALL","1998","51"
"RUS","","ALL","1999","51.2"
"RUS","","ALL","2000","51.5"
"RUS","","ALL","2001","51.8"
"RUS","","ALL","2002","52.1"
"RUS","","ALL","2003","52.4"
"RUS","","ALL","2004","52.8"
"RUS","","ALL","2005","53.1"
"RUS","","ALL","2006","53.5"
"RUS","","ALL","2007","53.8"
"RUS","","ALL","2008","54.2"
"RUS","","ALL","2009","54.5"
"RUS","","ALL","2010","54.9"
"RUS","","ALL","2011","55.3"
"RUS","","ALL","2012","55.6"
"RUS","","ALL","2013","56"
"RUS","","ALL","2014","56.3"
"RUS","","ALL","2015","56.7"
"RUS","","ALL","2016","57.1"
"SRB","","ALL","1975","35.8"
"SRB","","ALL","1976","36.5"
"SRB","","ALL","1977","37.1"
"SRB","","ALL","1978","37.7"
"SRB","","ALL","1979","38.3"
"SRB","","ALL","1980","38.9"
"SRB","","ALL","1981","39.5"
"SRB","","ALL","1982","40.1"
"SRB","","ALL","1983","40.6"
"SRB","","ALL","1984","41.2"
"SRB","","ALL","1985","41.8"
"SRB","","ALL","1986","42.3"
"SRB","","ALL","1987","42.8"
"SRB","","ALL","1988","43.3"
"SRB","","ALL","1989","43.9"
"SRB","","ALL","1990","44.4"
"SRB","","ALL","1991","44.9"
"SRB","","ALL","1992","45.4"
"SRB","","ALL","1993","45.9"
"SRB","","ALL","1994","46.3"
"SRB","","ALL","1995","46.8"
"SRB","","ALL","1996","47.3"
"SRB","","ALL","1997","47.8"
"SRB","","ALL","1998","48.3"
"SRB","","ALL","1999","48.8"
"SRB","","ALL","2000","49.3"
"SRB","","ALL","2001","49.7"
"SRB","","ALL","2002","50.2"
"SRB","","ALL","2003","50.7"
"SRB","","ALL","2004","51.3"
"SRB","","ALL","2005","51.8"
"SRB","","ALL","2006","52.3"
"SRB","","ALL","2007","52.8"
"SRB","","ALL","2008","53.3"
"SRB","","ALL","2009","53.8"
"SRB","","ALL","2010","54.3"
"SRB","","ALL","2011","54.8"
"SRB","","ALL","2012","55.2"
"SRB","","ALL","2013","55.7"
"SRB","","ALL","2014","56.2"
"SRB","","ALL","2015","56.7"
"SRB","","ALL","2016","57.1"
"SVK","","ALL","1975","36.3"
"SVK","","ALL","1976","37"
"SVK","","ALL","1977","37.7"
"SVK","","ALL","1978","38.5"
"SVK","","ALL","1979","39.2"
"SVK","","ALL","1980","39.9"
"SVK","","ALL","1981","40.6"
"SVK","","ALL","1982","41.3"
"SVK","","ALL","1983","41.9"
"SVK","","ALL","1984","42.5"
"SVK","","ALL","1985","43.1"
"SVK","","ALL","1986","43.7"
"SVK","","ALL","1987","44.2"
"SVK","","ALL","1988","44.7"
"SVK","","ALL","1989","45.2"
"SVK","","ALL","1990","45.7"
"SVK","","ALL","1991","46.2"
"SVK","","ALL","1992","46.7"
"SVK","","ALL","1993","47.1"
"SVK","","ALL","1994","47.5"
"SVK","","ALL","1995","47.9"
"SVK","","ALL","1996","48.3"
"SVK","","ALL","1997","48.6"
"SVK","","ALL","1998","49"
"SVK","","ALL","1999","49.4"
"SVK","","ALL","2000","49.8"
"SVK","","ALL","2001","50.1"
"SVK","","ALL","2002","50.5"
"SVK","","ALL","2003","50.9"
"SVK","","ALL","2004","51.3"
"SVK","","ALL","2005","51.7"
"SVK","","ALL","2006","52.1"
"SVK","","ALL","2007","52.5"
"SVK","","ALL","2008","52.9"
"SVK","","ALL","2009","53.3"
"SVK","","ALL","2010","53.7"
"SVK","","ALL","2011","54.1"
"SVK","","ALL","2012","54.5"
"SVK","","ALL","2013","54.9"
"SVK","","ALL","2014","55.3"
"SVK","","ALL","2015","55.8"
"SVK","","ALL","2016","56.2"
"SVN","","ALL","1975","35.4"
"SVN","","ALL","1976","36.1"
"SVN","","ALL","1977","36.9"
"SVN","","ALL","1978","37.6"
"SVN","","ALL","1979","38.4"
"SVN","","ALL","1980","39.2"
"SVN","","ALL","1981","39.9"
"SVN","","ALL","1982","40.6"
"SVN","","ALL","1983","41.2"
"SVN","","ALL","1984","41.8"
"SVN","","ALL","1985","42.4"
"SVN","","ALL","1986","42.9"
"SVN","","ALL","1987","43.4"
"SVN","","ALL","1988","43.9"
"SVN","","ALL","1989","44.3"
"SVN","","ALL","1990","44.7"
"SVN","","ALL","1991","45.2"
"SVN","","ALL","1992","45.6"
"SVN","","ALL","1993","46"
"SVN","","ALL","1994","46.4"
"SVN","","ALL","1995","46.8"
"SVN","","ALL","1996","47.2"
"SVN","","ALL","1997","47.7"
"SVN","","ALL","1998","48.1"
"SVN","","ALL","1999","48.5"
"SVN","","ALL","2000","49"
"SVN","","ALL","2001","49.4"
"SVN","","ALL","2002","49.8"
"SVN","","ALL","2003","50.3"
"SVN","","ALL","2004","50.7"
"SVN","","ALL","2005","51.2"
"SVN","","ALL","2006","51.6"
"SVN","","ALL","2007","52.1"
"SVN","","ALL","2008","52.5"
"SVN","","ALL","2009","53"
"SVN","","ALL","2010","53.5"
"SVN","","ALL","2011","53.9"
"SVN","","ALL","2012","54.4"
"SVN","","ALL","2013","54.8"
"SVN","","ALL","2014","55.2"
"SVN","","ALL","2015","55.7"
"SVN","","ALL","2016","56.1"
"SWE","","ALL","1975","37.5"
"SWE","","ALL","1976","38.1"
"SWE","","ALL","1977","38.6"
"SWE","","ALL","1978","39.1"
"SWE","","ALL","1979","39.6"
"SWE","","ALL","1980","40"
"SWE","","ALL","1981","40.5"
"SWE","","ALL","1982","41"
"SWE","","ALL","1983","41.4"
"SWE","","ALL","1984","41.9"
"SWE","","ALL","1985","42.3"
"SWE","","ALL","1986","42.8"
"SWE","","ALL","1987","43.3"
"SWE","","ALL","1988","43.7"
"SWE","","ALL","1989","44.2"
"SWE","","ALL","1990","44.7"
"SWE","","ALL","1991","45.2"
"SWE","","ALL","1992","45.6"
"SWE","","ALL","1993","46.1"
"SWE","","ALL","1994","46.6"
"SWE","","ALL","1995","47.1"
"SWE","","ALL","1996","47.6"
"SWE","","ALL","1997","48.1"
"SWE","","ALL","1998","48.6"
"SWE","","ALL","1999","49.1"
"SWE","","ALL","2000","49.6"
"SWE","","ALL","2001","50.1"
"SWE","","ALL","2002","50.5"
"SWE","","ALL","2003","51"
"SWE","","ALL","2004","51.4"
"SWE","","ALL","2005","51.8"
"SWE","","ALL","2006","52.3"
"SWE","","ALL","2007","52.7"
"SWE","","ALL","2008","53.1"
"SWE","","ALL","2009","53.5"
"SWE","","ALL","2010","53.9"
"SWE","","ALL","2011","54.4"
"SWE","","ALL","2012","54.8"
"SWE","","ALL","2013","55.2"
"SWE","","ALL","2014","55.6"
"SWE","","ALL","2015","56"
"SWE","","ALL","2016","56.4"
"TJK","","ALL","1975","26"
"TJK","","ALL","1976","26.4"
"TJK","","ALL","1977","26.7"
"TJK","","ALL","1978","27.1"
"TJK","","ALL","1979","27.4"
"TJK","","ALL","1980","27.8"
"TJK","","ALL","1981","28.1"
"TJK","","ALL","1982","28.5"
"TJK","","ALL","1983","28.9"
"TJK","","ALL","1984","29.2"
"TJK","","ALL","1985","29.6"
"TJK","","ALL","1986","30"
"TJK","","ALL","1987","30.4"
"TJK","","ALL","1988","30.8"
"TJK","","ALL","1989","31.2"
"TJK","","ALL","1990","31.6"
"TJK","","ALL","1991","32"
"TJK","","ALL","1992","32.3"
"TJK","","ALL","1993","32.7"
"TJK","","ALL","1994","33.1"
"TJK","","ALL","1995","33.4"
"TJK","","ALL","1996","33.8"
"TJK","","ALL","1997","34.2"
"TJK","","ALL","1998","34.5"
"TJK","","ALL","1999","34.9"
"TJK","","ALL","2000","35.3"
"TJK","","ALL","2001","35.8"
"TJK","","ALL","2002","36.3"
"TJK","","ALL","2003","36.8"
"TJK","","ALL","2004","37.3"
"TJK","","ALL","2005","37.9"
"TJK","","ALL","2006","38.5"
"TJK","","ALL","2007","39.1"
"TJK","","ALL","2008","39.8"
"TJK","","ALL","2009","40.4"
"TJK","","ALL","2010","41.1"
"TJK","","ALL","2011","41.8"
"TJK","","ALL","2012","42.5"
"TJK","","ALL","2013","43.2"
"TJK","","ALL","2014","43.9"
"TJK","","ALL","2015","44.6"
"TJK","","ALL","2016","45.3"
"TKM","","ALL","1975","30"
"TKM","","ALL","1976","30.4"
"TKM","","ALL","1977","30.8"
"TKM","","ALL","1978","31.2"
"TKM","","ALL","1979","31.6"
"TKM","","ALL","1980","32"
"TKM","","ALL","1981","32.4"
"TKM","","ALL","1982","32.8"
"TKM","","ALL","1983","33.2"
"TKM","","ALL","1984","33.6"
"TKM","","ALL","1985","34"
"TKM","","ALL","1986","34.4"
"TKM","","ALL","1987","34.8"
"TKM","","ALL","1988","35.2"
"TKM","","ALL","1989","35.6"
"TKM","","ALL","1990","36"
"TKM","","ALL","1991","36.4"
"TKM","","ALL","1992","36.9"
"TKM","","ALL","1993","37.3"
"TKM","","ALL","1994","37.8"
"TKM","","ALL","1995","38.3"
"TKM","","ALL","1996","38.8"
"TKM","","ALL","1997","39.3"
"TKM","","ALL","1998","39.8"
"TKM","","ALL","1999","40.4"
"TKM","","ALL","2000","41"
"TKM","","ALL","2001","41.6"
"TKM","","ALL","2002","42.2"
"TKM","","ALL","2003","42.8"
"TKM","","ALL","2004","43.5"
"TKM","","ALL","2005","44.1"
"TKM","","ALL","2006","44.8"
"TKM","","ALL","2007","45.5"
"TKM","","ALL","2008","46.1"
"TKM","","ALL","2009","46.8"
"TKM","","ALL","2010","47.5"
"TKM","","ALL","2011","48.2"
"TKM","","ALL","2012","48.9"
"TKM","","ALL","2013","49.6"
"TKM","","ALL","2014","50.4"
"TKM","","ALL","2015","51.1"
"TKM","","ALL","2016","51.8"
"TUR","","ALL","1975","34.5"
"TUR","","ALL","1976","35.2"
"TUR","","ALL","1977","36"
"TUR","","ALL","1978","36.7"
"TUR","","ALL","1979","37.5"
"TUR","","ALL","1980","38.2"
"TUR","","ALL","1981","39.1"
"TUR","","ALL","1982","39.9"
"TUR","","ALL","1983","40.9"
"TUR","","ALL","1984","41.9"
"TUR","","ALL","1985","43"
"TUR","","ALL","1986","44.1"
"TUR","","ALL","1987","45.1"
"TUR","","ALL","1988","46.2"
"TUR","","ALL","1989","47.3"
"TUR","","ALL","1990","48.4"
"TUR","","ALL","1991","49.3"
"TUR","","ALL","1992","50.3"
"TUR","","ALL","1993","51.2"
"TUR","","ALL","1994","52"
"TUR","","ALL","1995","52.8"
"TUR","","ALL","1996","53.5"
"TUR","","ALL","1997","54.3"
"TUR","","ALL","1998","55"
"TUR","","ALL","1999","55.7"
"TUR","","ALL","2000","56.4"
"TUR","","ALL","2001","57.1"
"TUR","","ALL","2002","57.7"
"TUR","","ALL","2003","58.4"
"TUR","","ALL","2004","59.1"
"TUR","","ALL","2005","59.8"
"TUR","","ALL","2006","60.5"
"TUR","","ALL","2007","61.1"
"TUR","","ALL","2008","61.8"
"TUR","","ALL","2009","62.4"
"TUR","","ALL","2010","63.1"
"TUR","","ALL","2011","63.7"
"TUR","","ALL","2012","64.4"
"TUR","","ALL","2013","65"
"TUR","","ALL","2014","65.6"
"TUR","","ALL","2015","66.2"
"TUR","","ALL","2016","66.8"
"UKR","","ALL","1975","41.7"
"UKR","","ALL","1976","42.2"
"UKR","","ALL","1977","42.7"
"UKR","","ALL","1978","43.2"
"UKR","","ALL","1979","43.7"
"UKR","","ALL","1980","44.2"
"UKR","","ALL","1981","44.7"
"UKR","","ALL","1982","45.2"
"UKR","","ALL","1983","45.7"
"UKR","","ALL","1984","46.2"
"UKR","","ALL","1985","46.7"
"UKR","","ALL","1986","47.1"
"UKR","","ALL","1987","47.6"
"UKR","","ALL","1988","48"
"UKR","","ALL","1989","48.4"
"UKR","","ALL","1990","48.9"
"UKR","","ALL","1991","49.3"
"UKR","","ALL","1992","49.6"
"UKR","","ALL","1993","50"
"UKR","","ALL","1994","50.3"
"UKR","","ALL","1995","50.6"
"UKR","","ALL","1996","51"
"UKR","","ALL","1997","51.3"
"UKR","","ALL","1998","51.6"
"UKR","","ALL","1999","51.9"
"UKR","","ALL","2000","52.2"
"UKR","","ALL","2001","52.6"
"UKR","","ALL","2002","52.9"
"UKR","","ALL","2003","53.3"
"UKR","","ALL","2004","53.7"
"UKR","","ALL","2005","54"
"UKR","","ALL","2006","54.4"
"UKR","","ALL","2007","54.8"
"UKR","","ALL","2008","55.2"
"UKR","","ALL","2009","55.6"
"UKR","","ALL","2010","56"
"UKR","","ALL","2011","56.4"
"UKR","","ALL","2012","56.8"
"UKR","","ALL","2013","57.2"
"UKR","","ALL","2014","57.6"
"UKR","","ALL","2015","58"
"UKR","","ALL","2016","58.4"
"UZB","","ALL","1975","26.6"
"UZB","","ALL","1976","27.1"
"UZB","","ALL","1977","27.7"
"UZB","","ALL","1978","28.2"
"UZB","","ALL","1979","28.8"
"UZB","","ALL","1980","29.3"
"UZB","","ALL","1981","29.9"
"UZB","","ALL","1982","30.4"
"UZB","","ALL","1983","30.9"
"UZB","","ALL","1984","31.4"
"UZB","","ALL","1985","31.9"
"UZB","","ALL","1986","32.3"
"UZB","","ALL","1987","32.8"
"UZB","","ALL","1988","33.2"
"UZB","","ALL","1989","33.7"
"UZB","","ALL","1990","34.1"
"UZB","","ALL","1991","34.6"
"UZB","","ALL","1992","35"
"UZB","","ALL","1993","35.4"
"UZB","","ALL","1994","35.8"
"UZB","","ALL","1995","36.3"
"UZB","","ALL","1996","36.7"
"UZB","","ALL","1997","37.1"
"UZB","","ALL","1998","37.6"
"UZB","","ALL","1999","38"
"UZB","","ALL","2000","38.5"
"UZB","","ALL","2001","39"
"UZB","","ALL","2002","39.5"
"UZB","","ALL","2003","40.1"
"UZB","","ALL","2004","40.6"
"UZB","","ALL","2005","41.2"
"UZB","","ALL","2006","41.8"
"UZB","","ALL","2007","42.3"
"UZB","","ALL","2008","42.9"
"UZB","","ALL","2009","43.6"
"UZB","","ALL","2010","44.2"
"UZB","","ALL","2011","44.8"
"UZB","","ALL","2012","45.5"
"UZB","","ALL","2013","46.1"
"UZB","","ALL","2014","46.8"
"UZB","","ALL","2015","47.5"
"UZB","","ALL","2016","48.2"
"","CARINFONET","ALL","1980","31.1002455"
"","CARINFONET","ALL","1981","31.63831149"
"","CARINFONET","ALL","1982","32.09728604"
"","CARINFONET","ALL","1983","32.59879379"
"","CARINFONET","ALL","1984","33.08021606"
"","CARINFONET","ALL","1985","33.58070411"
"","CARINFONET","ALL","1986","34.00428634"
"","CARINFONET","ALL","1987","34.49426158"
"","CARINFONET","ALL","1988","34.92001409"
"","CARINFONET","ALL","1989","35.40946337"
"","CARINFONET","ALL","1990","35.8337519"
"","CARINFONET","ALL","1991","36.29825544"
"","CARINFONET","ALL","1992","36.70260831"
"","CARINFONET","ALL","1993","37.13813344"
"","CARINFONET","ALL","1994","37.53998799"
"","CARINFONET","ALL","1995","37.94130698"
"","CARINFONET","ALL","1996","38.31644115"
"","CARINFONET","ALL","1997","38.72722979"
"","CARINFONET","ALL","1998","39.11807091"
"","CARINFONET","ALL","1999","39.527833"
"","CARINFONET","ALL","2000","40.02653023"
"","CARINFONET","ALL","2001","40.52074683"
"","CARINFONET","ALL","2002","41.01053065"
"","CARINFONET","ALL","2003","41.55593316"
"","CARINFONET","ALL","2004","42.07266397"
"","CARINFONET","ALL","2005","42.64537587"
"","CARINFONET","ALL","2006","43.25929784"
"","CARINFONET","ALL","2007","43.76646336"
"","CARINFONET","ALL","2008","44.37116351"
"","CARINFONET","ALL","2009","44.99404296"
"","CARINFONET","ALL","2010","45.62517406"
"","CARINFONET","ALL","2011","46.20429398"
"","CARINFONET","ALL","2012","46.87314772"
"","CARINFONET","ALL","2013","47.49394799"
"","CARINFONET","ALL","2014","48.20165836"
"","CARINFONET","ALL","2015","48.86558093"
"","CARINFONET","ALL","2016","49.54092509"
"","CIS","ALL","1980","42.24187658"
"","CIS","ALL","1981","42.68410268"
"","CIS","ALL","1982","43.10371626"
"","CIS","ALL","1983","43.52203003"
"","CIS","ALL","1984","43.95415958"
"","CIS","ALL","1985","44.32295598"
"","CIS","ALL","1986","44.66190622"
"","CIS","ALL","1987","45.02898758"
"","CIS","ALL","1988","45.36559933"
"","CIS","ALL","1989","45.71520111"
"","CIS","ALL","1990","46.06669616"
"","CIS","ALL","1991","46.3575596"
"","CIS","ALL","1992","46.63962462"
"","CIS","ALL","1993","46.91400037"
"","CIS","ALL","1994","47.2233043"
"","CIS","ALL","1995","47.47865043"
"","CIS","ALL","1996","47.81738253"
"","CIS","ALL","1997","48.08066332"
"","CIS","ALL","1998","48.39400622"
"","CIS","ALL","1999","48.65558921"
"","CIS","ALL","2000","48.97309583"
"","CIS","ALL","2001","49.30681933"
"","CIS","ALL","2002","49.61914087"
"","CIS","ALL","2003","49.99101017"
"","CIS","ALL","2004","50.39872971"
"","CIS","ALL","2005","50.74427859"
"","CIS","ALL","2006","51.17992483"
"","CIS","ALL","2007","51.52390554"
"","CIS","ALL","2008","51.94336633"
"","CIS","ALL","2009","52.31868712"
"","CIS","ALL","2010","52.75019426"
"","CIS","ALL","2011","53.16616351"
"","CIS","ALL","2012","53.56344958"
"","CIS","ALL","2013","53.9960873"
"","CIS","ALL","2014","54.43177405"
"","CIS","ALL","2015","54.87632236"
"","CIS","ALL","2016","55.33649019"
"","EU_AFTER_MAY2004","ALL","1975","40.09504854"
"","EU_AFTER_MAY2004","ALL","1976","40.69212853"
"","EU_AFTER_MAY2004","ALL","1977","41.28913825"
"","EU_AFTER_MAY2004","ALL","1978","41.88117967"
"","EU_AFTER_MAY2004","ALL","1979","42.49419457"
"","EU_AFTER_MAY2004","ALL","1980","43.08340126"
"","EU_AFTER_MAY2004","ALL","1981","43.64032371"
"","EU_AFTER_MAY2004","ALL","1982","44.18835431"
"","EU_AFTER_MAY2004","ALL","1983","44.72981096"
"","EU_AFTER_MAY2004","ALL","1984","45.21301406"
"","EU_AFTER_MAY2004","ALL","1985","45.715208"
"","EU_AFTER_MAY2004","ALL","1986","46.21167243"
"","EU_AFTER_MAY2004","ALL","1987","46.699554"
"","EU_AFTER_MAY2004","ALL","1988","47.14818324"
"","EU_AFTER_MAY2004","ALL","1989","47.58383086"
"","EU_AFTER_MAY2004","ALL","1990","48.02761324"
"","EU_AFTER_MAY2004","ALL","1991","48.46431935"
"","EU_AFTER_MAY2004","ALL","1992","48.8976543"
"","EU_AFTER_MAY2004","ALL","1993","49.30602039"
"","EU_AFTER_MAY2004","ALL","1994","49.69300242"
"","EU_AFTER_MAY2004","ALL","1995","50.07092466"
"","EU_AFTER_MAY2004","ALL","1996","50.44253452"
"","EU_AFTER_MAY2004","ALL","1997","50.80494785"
"","EU_AFTER_MAY2004","ALL","1998","51.19604475"
"","EU_AFTER_MAY2004","ALL","1999","51.593113"
"","EU_AFTER_MAY2004","ALL","2000","51.98350658"
"","EU_AFTER_MAY2004","ALL","2001","52.34997363"
"","EU_AFTER_MAY2004","ALL","2002","52.75797632"
"","EU_AFTER_MAY2004","ALL","2003","53.15571022"
"","EU_AFTER_MAY2004","ALL","2004","53.61790094"
"","EU_AFTER_MAY2004","ALL","2005","54.04543331"
"","EU_AFTER_MAY2004","ALL","2006","54.48307324"
"","EU_AFTER_MAY2004","ALL","2007","54.95267289"
"","EU_AFTER_MAY2004","ALL","2008","55.39911915"
"","EU_AFTER_MAY2004","ALL","2009","55.86354032"
"","EU_AFTER_MAY2004","ALL","2010","56.30458269"
"","EU_AFTER_MAY2004","ALL","2011","56.77812064"
"","EU_AFTER_MAY2004","ALL","2012","57.22326818"
"","EU_AFTER_MAY2004","ALL","2013","57.67931485"
"","EU_AFTER_MAY2004","ALL","2014","58.15262138"
"","EU_AFTER_MAY2004","ALL","2015","58.58716079"
"","EU_AFTER_MAY2004","ALL","2016","59.06836272"
"","EU_BEFORE_MAY2004","ALL","1975","38.84338899"
"","EU_BEFORE_MAY2004","ALL","1976","39.37891797"
"","EU_BEFORE_MAY2004","ALL","1977","39.93249153"
"","EU_BEFORE_MAY2004","ALL","1978","40.51080074"
"","EU_BEFORE_MAY2004","ALL","1979","41.04780825"
"","EU_BEFORE_MAY2004","ALL","1980","41.60452774"
"","EU_BEFORE_MAY2004","ALL","1981","42.15751798"
"","EU_BEFORE_MAY2004","ALL","1982","42.71917886"
"","EU_BEFORE_MAY2004","ALL","1983","43.2614757"
"","EU_BEFORE_MAY2004","ALL","1984","43.80809857"
"","EU_BEFORE_MAY2004","ALL","1985","44.31971541"
"","EU_BEFORE_MAY2004","ALL","1986","44.84623626"
"","EU_BEFORE_MAY2004","ALL","1987","45.38393193"
"","EU_BEFORE_MAY2004","ALL","1988","45.9167987"
"","EU_BEFORE_MAY2004","ALL","1989","46.43209756"
"","EU_BEFORE_MAY2004","ALL","1990","46.96518622"
"","EU_BEFORE_MAY2004","ALL","1991","47.51285466"
"","EU_BEFORE_MAY2004","ALL","1992","48.04224814"
"","EU_BEFORE_MAY2004","ALL","1993","48.56623308"
"","EU_BEFORE_MAY2004","ALL","1994","49.09433656"
"","EU_BEFORE_MAY2004","ALL","1995","49.61617207"
"","EU_BEFORE_MAY2004","ALL","1996","50.13167885"
"","EU_BEFORE_MAY2004","ALL","1997","50.65342979"
"","EU_BEFORE_MAY2004","ALL","1998","51.17808322"
"","EU_BEFORE_MAY2004","ALL","1999","51.67174894"
"","EU_BEFORE_MAY2004","ALL","2000","52.17648882"
"","EU_BEFORE_MAY2004","ALL","2001","52.66873588"
"","EU_BEFORE_MAY2004","ALL","2002","53.15638507"
"","EU_BEFORE_MAY2004","ALL","2003","53.63382508"
"","EU_BEFORE_MAY2004","ALL","2004","54.11923312"
"","EU_BEFORE_MAY2004","ALL","2005","54.57000507"
"","EU_BEFORE_MAY2004","ALL","2006","55.07505088"
"","EU_BEFORE_MAY2004","ALL","2007","55.51038945"
"","EU_BEFORE_MAY2004","ALL","2008","55.97806183"
"","EU_BEFORE_MAY2004","ALL","2009","56.42813093"
"","EU_BEFORE_MAY2004","ALL","2010","56.85703775"
"","EU_BEFORE_MAY2004","ALL","2011","57.28540319"
"","EU_BEFORE_MAY2004","ALL","2012","57.73245396"
"","EU_BEFORE_MAY2004","ALL","2013","58.16380325"
"","EU_BEFORE_MAY2004","ALL","2014","58.56533877"
"","EU_BEFORE_MAY2004","ALL","2015","58.98939749"
"","EU_BEFORE_MAY2004","ALL","2016","59.42794072"
"","EU_MEMBERS","ALL","1975","39.13031498"
"","EU_MEMBERS","ALL","1976","39.68002386"
"","EU_MEMBERS","ALL","1977","40.24443571"
"","EU_MEMBERS","ALL","1978","40.8266451"
"","EU_MEMBERS","ALL","1979","41.38230441"
"","EU_MEMBERS","ALL","1980","41.94644834"
"","EU_MEMBERS","ALL","1981","42.50110282"
"","EU_MEMBERS","ALL","1982","43.06080423"
"","EU_MEMBERS","ALL","1983","43.60365343"
"","EU_MEMBERS","ALL","1984","44.13613616"
"","EU_MEMBERS","ALL","1985","44.64626006"
"","EU_MEMBERS","ALL","1986","45.16630274"
"","EU_MEMBERS","ALL","1987","45.69282005"
"","EU_MEMBERS","ALL","1988","46.20632855"
"","EU_MEMBERS","ALL","1989","46.70294606"
"","EU_MEMBERS","ALL","1990","47.21448899"
"","EU_MEMBERS","ALL","1991","47.73561266"
"","EU_MEMBERS","ALL","1992","48.2410516"
"","EU_MEMBERS","ALL","1993","48.7375061"
"","EU_MEMBERS","ALL","1994","49.23257854"
"","EU_MEMBERS","ALL","1995","49.72086603"
"","EU_MEMBERS","ALL","1996","50.2028753"
"","EU_MEMBERS","ALL","1997","50.68804558"
"","EU_MEMBERS","ALL","1998","51.18217337"
"","EU_MEMBERS","ALL","1999","51.65388169"
"","EU_MEMBERS","ALL","2000","52.13298239"
"","EU_MEMBERS","ALL","2001","52.59728566"
"","EU_MEMBERS","ALL","2002","53.06795897"
"","EU_MEMBERS","ALL","2003","53.52837878"
"","EU_MEMBERS","ALL","2004","54.00935039"
"","EU_MEMBERS","ALL","2005","54.45553425"
"","EU_MEMBERS","ALL","2006","54.94676616"
"","EU_MEMBERS","ALL","2007","55.39017203"
"","EU_MEMBERS","ALL","2008","55.85381715"
"","EU_MEMBERS","ALL","2009","56.30737743"
"","EU_MEMBERS","ALL","2010","56.73945247"
"","EU_MEMBERS","ALL","2011","57.17779598"
"","EU_MEMBERS","ALL","2012","57.62520002"
"","EU_MEMBERS","ALL","2013","58.06110512"
"","EU_MEMBERS","ALL","2014","58.47930134"
"","EU_MEMBERS","ALL","2015","58.90615689"
"","EU_MEMBERS","ALL","2016","59.35383903"
"","NORDIC","ALL","1975","36.36751609"
"","NORDIC","ALL","1976","37.00713882"
"","NORDIC","ALL","1977","37.63261726"
"","NORDIC","ALL","1978","38.23820707"
"","NORDIC","ALL","1979","38.83967223"
"","NORDIC","ALL","1980","39.40838707"
"","NORDIC","ALL","1981","39.992638"
"","NORDIC","ALL","1982","40.57458617"
"","NORDIC","ALL","1983","41.12244226"
"","NORDIC","ALL","1984","41.70528909"
"","NORDIC","ALL","1985","42.2537078"
"","NORDIC","ALL","1986","42.819679"
"","NORDIC","ALL","1987","43.40380348"
"","NORDIC","ALL","1988","43.93325097"
"","NORDIC","ALL","1989","44.49484068"
"","NORDIC","ALL","1990","45.03793746"
"","NORDIC","ALL","1991","45.60079957"
"","NORDIC","ALL","1992","46.12555724"
"","NORDIC","ALL","1993","46.66550163"
"","NORDIC","ALL","1994","47.18670043"
"","NORDIC","ALL","1995","47.7261334"
"","NORDIC","ALL","1996","48.24452783"
"","NORDIC","ALL","1997","48.76175846"
"","NORDIC","ALL","1998","49.28099567"
"","NORDIC","ALL","1999","49.77704036"
"","NORDIC","ALL","2000","50.27371066"
"","NORDIC","ALL","2001","50.72970915"
"","NORDIC","ALL","2002","51.21052591"
"","NORDIC","ALL","2003","51.66607248"
"","NORDIC","ALL","2004","52.08646668"
"","NORDIC","ALL","2005","52.50479148"
"","NORDIC","ALL","2006","52.93945484"
"","NORDIC","ALL","2007","53.35925755"
"","NORDIC","ALL","2008","53.77800917"
"","NORDIC","ALL","2009","54.15712522"
"","NORDIC","ALL","2010","54.57543981"
"","NORDIC","ALL","2011","54.96949843"
"","NORDIC","ALL","2012","55.39053457"
"","NORDIC","ALL","2013","55.74819305"
"","NORDIC","ALL","2014","56.12720143"
"","NORDIC","ALL","2015","56.54753457"
"","NORDIC","ALL","2016","56.90456662"
"","SEEHN","ALL","1975","36.66014217"
"","SEEHN","ALL","1976","37.35716003"
"","SEEHN","ALL","1977","37.99550312"
"","SEEHN","ALL","1978","38.62244429"
"","SEEHN","ALL","1979","39.2384768"
"","SEEHN","ALL","1980","39.8742486"
"","SEEHN","ALL","1981","40.47297858"
"","SEEHN","ALL","1982","41.05991999"
"","SEEHN","ALL","1983","41.63325739"
"","SEEHN","ALL","1984","42.23317515"
"","SEEHN","ALL","1985","42.79906383"
"","SEEHN","ALL","1986","43.40961653"
"","SEEHN","ALL","1987","43.95898511"
"","SEEHN","ALL","1988","44.4970368"
"","SEEHN","ALL","1989","45.0546489"
"","SEEHN","ALL","1990","45.60272784"
"","SEEHN","ALL","1991","46.15378876"
"","SEEHN","ALL","1992","46.71004083"
"","SEEHN","ALL","1993","47.21406231"
"","SEEHN","ALL","1994","47.69761373"
"","SEEHN","ALL","1995","48.22393792"
"","SEEHN","ALL","1996","48.67651765"
"","SEEHN","ALL","1997","49.15167934"
"","SEEHN","ALL","1998","49.63435611"
"","SEEHN","ALL","1999","50.11247852"
"","SEEHN","ALL","2000","50.58218187"
"","SEEHN","ALL","2001","51.01877075"
"","SEEHN","ALL","2002","51.4711481"
"","SEEHN","ALL","2003","51.93889249"
"","SEEHN","ALL","2004","52.44112178"
"","SEEHN","ALL","2005","52.9575369"
"","SEEHN","ALL","2006","53.46485016"
"","SEEHN","ALL","2007","53.97696254"
"","SEEHN","ALL","2008","54.46869807"
"","SEEHN","ALL","2009","54.97885196"
"","SEEHN","ALL","2010","55.47674088"
"","SEEHN","ALL","2011","55.96363289"
"","SEEHN","ALL","2012","56.4786538"
"","SEEHN","ALL","2013","56.956594"
"","SEEHN","ALL","2014","57.46478651"
"","SEEHN","ALL","2015","57.89519207"
"","SEEHN","ALL","2016","58.4740343"
"","SMALL","ALL","1975","36.64616172"
"","SMALL","ALL","1976","37.36497131"
"","SMALL","ALL","1977","38.13459978"
"","SMALL","ALL","1978","38.87387115"
"","SMALL","ALL","1979","39.60788194"
"","SMALL","ALL","1980","40.42152121"
"","SMALL","ALL","1981","41.16142478"
"","SMALL","ALL","1982","41.90270644"
"","SMALL","ALL","1983","42.64968168"
"","SMALL","ALL","1984","43.37240789"
"","SMALL","ALL","1985","44.06510626"
"","SMALL","ALL","1986","44.79307693"
"","SMALL","ALL","1987","45.44159536"
"","SMALL","ALL","1988","46.11057727"
"","SMALL","ALL","1989","46.76893604"
"","SMALL","ALL","1990","47.35466727"
"","SMALL","ALL","1991","48.06122683"
"","SMALL","ALL","1992","48.66037399"
"","SMALL","ALL","1993","49.25951499"
"","SMALL","ALL","1994","49.84951597"
"","SMALL","ALL","1995","50.43772902"
"","SMALL","ALL","1996","50.99043556"
"","SMALL","ALL","1997","51.55175261"
"","SMALL","ALL","1998","52.10185501"
"","SMALL","ALL","1999","52.63366893"
"","SMALL","ALL","2000","53.25531939"
"","SMALL","ALL","2001","53.78878529"
"","SMALL","ALL","2002","54.32488562"
"","SMALL","ALL","2003","54.84598268"
"","SMALL","ALL","2004","55.32835045"
"","SMALL","ALL","2005","55.83213432"
"","SMALL","ALL","2006","56.29008779"
"","SMALL","ALL","2007","56.72445367"
"","SMALL","ALL","2008","57.16305327"
"","SMALL","ALL","2009","57.57175766"
"","SMALL","ALL","2010","57.99558871"
"","SMALL","ALL","2011","58.37130197"
"","SMALL","ALL","2012","58.79254016"
"","SMALL","ALL","2013","59.15183065"
"","SMALL","ALL","2014","59.51827161"
"","SMALL","ALL","2015","59.90485704"
"","SMALL","ALL","2016","60.26489997"
"","WHO_EURO","ALL","1975","38.88695822"
"","WHO_EURO","ALL","1976","39.42575068"
"","WHO_EURO","ALL","1977","39.99124744"
"","WHO_EURO","ALL","1978","40.54134473"
"","WHO_EURO","ALL","1979","41.09995347"
"","WHO_EURO","ALL","1980","41.63974875"
"","WHO_EURO","ALL","1981","42.17683062"
"","WHO_EURO","ALL","1982","42.70416612"
"","WHO_EURO","ALL","1983","43.23347646"
"","WHO_EURO","ALL","1984","43.76361698"
"","WHO_EURO","ALL","1985","44.26741491"
"","WHO_EURO","ALL","1986","44.76698461"
"","WHO_EURO","ALL","1987","45.27369856"
"","WHO_EURO","ALL","1988","45.77118364"
"","WHO_EURO","ALL","1989","46.26474155"
"","WHO_EURO","ALL","1990","46.7657124"
"","WHO_EURO","ALL","1991","47.24323349"
"","WHO_EURO","ALL","1992","47.71498622"
"","WHO_EURO","ALL","1993","48.17898012"
"","WHO_EURO","ALL","1994","48.64282034"
"","WHO_EURO","ALL","1995","49.08720167"
"","WHO_EURO","ALL","1996","49.54753248"
"","WHO_EURO","ALL","1997","49.99187078"
"","WHO_EURO","ALL","1998","50.45124314"
"","WHO_EURO","ALL","1999","50.88187865"
"","WHO_EURO","ALL","2000","51.33655282"
"","WHO_EURO","ALL","2001","51.78431601"
"","WHO_EURO","ALL","2002","52.2270055"
"","WHO_EURO","ALL","2003","52.68528672"
"","WHO_EURO","ALL","2004","53.16689414"
"","WHO_EURO","ALL","2005","53.61325034"
"","WHO_EURO","ALL","2006","54.1143421"
"","WHO_EURO","ALL","2007","54.55176222"
"","WHO_EURO","ALL","2008","55.02719402"
"","WHO_EURO","ALL","2009","55.47228615"
"","WHO_EURO","ALL","2010","55.93157527"
"","WHO_EURO","ALL","2011","56.38258912"
"","WHO_EURO","ALL","2012","56.84225213"
"","WHO_EURO","ALL","2013","57.29736211"
"","WHO_EURO","ALL","2014","57.74912612"
"","WHO_EURO","ALL","2015","58.20777131"
"","WHO_EURO","ALL","2016","58.67674556"

"Last update","2022.06.29 22:01:28 GMT"
"Description","Prevalence of overweight (%)"
"Reference link","https://dw.euro.who.int/api/v3/measures/EPW_23?lang=En"

"Copyright"
"© WHO Regional Office for Europe 2022. All rights reserved.","https://www.who.int/about/policies/publishing/copyright"
