"INDICATOR","HFA_426"

"HFA_426","Pure alcohol consumption, litres per capita, age 15+"

"UNIT_TYPE","Unit"
"LITRES_PCAPITA","litres per capita"

"EXTERNID","ID in the originating data source"

"DATA_SOURCE","Data source"
"HFA","European Health for All database"

"DATA_TYPE_REPRESENTATION","Data type representation"
"RATIO","Ratio"

"DATA_SET","Data set"
"HFA","European Health for All database (WHO)"

"DATA_MASK","Mask for controlling the output format of values"

"SEX","Sex"
"FEMALE","Female"
"MALE","Male"
"ALL","All"

"COUNTRY","COUNTRY_GRP","SEX","YEAR","VALUE"
"ALB","","ALL","1962","1.17"
"ALB","","ALL","1963","0.91"
"ALB","","ALL","1964","1.04"
"ALB","","ALL","1965","1.04"
"ALB","","ALL","1966","1.03"
"ALB","","ALL","1967","1.17"
"ALB","","ALL","1968","1.44"
"ALB","","ALL","1969","1.73"
"ALB","","ALL","1970","1.77"
"ALB","","ALL","1971","1.2"
"ALB","","ALL","1972","1.56"
"ALB","","ALL","1973","1.59"
"ALB","","ALL","1974","1.58"
"ALB","","ALL","1975","1.35"
"ALB","","ALL","1976","1.33"
"ALB","","ALL","1977","1.37"
"ALB","","ALL","1978","1.65"
"ALB","","ALL","1979","1.4"
"ALB","","ALL","1980","1.79"
"ALB","","ALL","1981","1.84"
"ALB","","ALL","1982","1.51"
"ALB","","ALL","1983","1.68"
"ALB","","ALL","1984","1.58"
"ALB","","ALL","1985","1.6"
"ALB","","ALL","1986","1.39"
"ALB","","ALL","1987","1.63"
"ALB","","ALL","1988","1.67"
"ALB","","ALL","1989","1.73"
"ALB","","ALL","1990","2.03"
"ALB","","ALL","1991","1.28"
"ALB","","ALL","1992","1.35"
"ALB","","ALL","1993","1.49"
"ALB","","ALL","1994","2.77"
"ALB","","ALL","1995","2.87"
"ALB","","ALL","1996","3.12"
"ALB","","ALL","1997","2.22"
"ALB","","ALL","1998","1.54"
"ALB","","ALL","1999","2.19"
"ALB","","ALL","2000","3.92"
"ALB","","ALL","2001","4.51"
"ALB","","ALL","2002","3.96"
"ALB","","ALL","2003","4.33"
"ALB","","ALL","2004","4.42"
"ALB","","ALL","2005","4.98"
"ALB","","ALL","2006","5.17"
"ALB","","ALL","2007","5.46"
"ALB","","ALL","2008","5.56"
"ALB","","ALL","2009","5.79"
"ALB","","ALL","2010","4.88"
"ALB","","ALL","2011","5.03"
"ALB","","ALL","2012","4.43"
"ALB","","ALL","2013","4.28"
"ALB","","ALL","2014","4.1"
"ALB","","ALL","2015","4.33"
"ALB","","ALL","2016","4.38"
"ALB","","ALL","2017","4.39"
"ALB","","ALL","2018","4.44"
"ALB","","ALL","2019","4.4"
"AND","","ALL","2000","12.77"
"AND","","ALL","2001","13.08"
"AND","","ALL","2002","12.16"
"AND","","ALL","2003","12.25"
"AND","","ALL","2004","12.23"
"AND","","ALL","2005","11.82"
"AND","","ALL","2006","11.89"
"AND","","ALL","2007","11.53"
"AND","","ALL","2008","10.96"
"AND","","ALL","2009","10.86"
"AND","","ALL","2010","10.53"
"AND","","ALL","2011","10.46"
"AND","","ALL","2012","10.33"
"AND","","ALL","2013","10.06"
"AND","","ALL","2014","9.88"
"AND","","ALL","2015","11.02"
"AND","","ALL","2016","11.18"
"AND","","ALL","2017","11.18"
"AND","","ALL","2018","10.72"
"AND","","ALL","2019","10.99"
"ARM","","ALL","1990","3.18"
"ARM","","ALL","1991","2.98"
"ARM","","ALL","1992","2.52"
"ARM","","ALL","1993","2.71"
"ARM","","ALL","1994","4.34"
"ARM","","ALL","1995","2.98"
"ARM","","ALL","1996","2.92"
"ARM","","ALL","1997","2.84"
"ARM","","ALL","1998","1.9"
"ARM","","ALL","1999","2.16"
"ARM","","ALL","2000","2.91"
"ARM","","ALL","2001","2.87"
"ARM","","ALL","2002","2.87"
"ARM","","ALL","2003","3"
"ARM","","ALL","2004","3.73"
"ARM","","ALL","2005","4.17"
"ARM","","ALL","2006","3.99"
"ARM","","ALL","2007","3.91"
"ARM","","ALL","2008","3.96"
"ARM","","ALL","2009","3.97"
"ARM","","ALL","2010","4.23"
"ARM","","ALL","2011","4.07"
"ARM","","ALL","2012","3.89"
"ARM","","ALL","2013","3.92"
"ARM","","ALL","2014","4.22"
"ARM","","ALL","2015","4.04"
"ARM","","ALL","2016","3.83"
"ARM","","ALL","2017","3.83"
"ARM","","ALL","2018","3.69"
"ARM","","ALL","2019","3.77"
"AUT","","ALL","1960","8.91"
"AUT","","ALL","1961","9.31"
"AUT","","ALL","1962","9.7"
"AUT","","ALL","1963","9.8"
"AUT","","ALL","1964","10.7"
"AUT","","ALL","1965","11.6"
"AUT","","ALL","1966","12.4"
"AUT","","ALL","1967","13.1"
"AUT","","ALL","1968","13.2"
"AUT","","ALL","1969","13"
"AUT","","ALL","1970","13.4"
"AUT","","ALL","1971","13.6"
"AUT","","ALL","1972","14.2"
"AUT","","ALL","1973","14.6"
"AUT","","ALL","1974","14.5"
"AUT","","ALL","1975","14.1"
"AUT","","ALL","1976","14.3"
"AUT","","ALL","1977","14.2"
"AUT","","ALL","1978","14"
"AUT","","ALL","1979","13.4"
"AUT","","ALL","1980","13.6"
"AUT","","ALL","1981","13.5"
"AUT","","ALL","1982","13.5"
"AUT","","ALL","1983","14"
"AUT","","ALL","1984","13.9"
"AUT","","ALL","1985","13.3"
"AUT","","ALL","1986","13.6"
"AUT","","ALL","1987","13.5"
"AUT","","ALL","1988","13.7"
"AUT","","ALL","1989","13.9"
"AUT","","ALL","1990","13.9"
"AUT","","ALL","1991","14.1"
"AUT","","ALL","1992","13.6"
"AUT","","ALL","1993","13.5"
"AUT","","ALL","1994","12.5"
"AUT","","ALL","1995","13.4"
"AUT","","ALL","1996","13.5"
"AUT","","ALL","1997","12.9"
"AUT","","ALL","1998","12.9"
"AUT","","ALL","1999","12.8"
"AUT","","ALL","2000","13.35"
"AUT","","ALL","2001","12.35"
"AUT","","ALL","2002","12.09"
"AUT","","ALL","2003","12.31"
"AUT","","ALL","2004","12.17"
"AUT","","ALL","2005","12.14"
"AUT","","ALL","2006","12.58"
"AUT","","ALL","2007","12.54"
"AUT","","ALL","2008","12.03"
"AUT","","ALL","2009","11.87"
"AUT","","ALL","2010","12.1"
"AUT","","ALL","2011","11.9"
"AUT","","ALL","2012","12.1"
"AUT","","ALL","2013","12.1"
"AUT","","ALL","2014","12.4"
"AUT","","ALL","2015","11.6"
"AUT","","ALL","2016","11.7"
"AUT","","ALL","2017","11.6"
"AUT","","ALL","2018","11.6"
"AUT","","ALL","2019","11.9"
"AZE","","ALL","1990","2.92"
"AZE","","ALL","1991","2.88"
"AZE","","ALL","1992","4.31"
"AZE","","ALL","1993","2.91"
"AZE","","ALL","1994","1.37"
"AZE","","ALL","1995","1.23"
"AZE","","ALL","1996","1.44"
"AZE","","ALL","1997","0.71"
"AZE","","ALL","1998","1.7"
"AZE","","ALL","1999","1.16"
"AZE","","ALL","2000","0.66"
"AZE","","ALL","2001","0.5"
"AZE","","ALL","2002","0.55"
"AZE","","ALL","2003","0.55"
"AZE","","ALL","2004","0.63"
"AZE","","ALL","2005","0.73"
"AZE","","ALL","2006","0.85"
"AZE","","ALL","2007","0.95"
"AZE","","ALL","2008","1.12"
"AZE","","ALL","2009","1.92"
"AZE","","ALL","2010","0.99"
"AZE","","ALL","2011","0.6"
"AZE","","ALL","2012","0.52"
"AZE","","ALL","2013","0.52"
"AZE","","ALL","2014","0.36"
"AZE","","ALL","2015","0.51"
"AZE","","ALL","2016","0.39"
"AZE","","ALL","2017","0.44"
"AZE","","ALL","2018","0.88"
"AZE","","ALL","2019","1.38"
"BEL","","ALL","1963","9.88"
"BEL","","ALL","1964","10.48"
"BEL","","ALL","1965","10.76"
"BEL","","ALL","1966","10.3"
"BEL","","ALL","1967","10.73"
"BEL","","ALL","1968","11.15"
"BEL","","ALL","1969","11.46"
"BEL","","ALL","1970","12.43"
"BEL","","ALL","1971","12.62"
"BEL","","ALL","1972","13"
"BEL","","ALL","1973","13.81"
"BEL","","ALL","1974","13.35"
"BEL","","ALL","1975","13.46"
"BEL","","ALL","1976","13.6"
"BEL","","ALL","1977","13.47"
"BEL","","ALL","1978","13.4"
"BEL","","ALL","1979","13.56"
"BEL","","ALL","1980","13.99"
"BEL","","ALL","1981","13.25"
"BEL","","ALL","1982","13.72"
"BEL","","ALL","1983","13.55"
"BEL","","ALL","1984","13.26"
"BEL","","ALL","1985","13.14"
"BEL","","ALL","1986","12.72"
"BEL","","ALL","1987","13.16"
"BEL","","ALL","1988","12.52"
"BEL","","ALL","1989","11.61"
"BEL","","ALL","1990","12.18"
"BEL","","ALL","1991","11.44"
"BEL","","ALL","1992","11.65"
"BEL","","ALL","1993","11.66"
"BEL","","ALL","1994","11.12"
"BEL","","ALL","1995","11.04"
"BEL","","ALL","1996","10.94"
"BEL","","ALL","1997","10.92"
"BEL","","ALL","1998","9.92"
"BEL","","ALL","1999","10.1"
"BEL","","ALL","2000","11.21"
"BEL","","ALL","2001","11.01"
"BEL","","ALL","2002","11.29"
"BEL","","ALL","2003","11.28"
"BEL","","ALL","2004","12.05"
"BEL","","ALL","2005","12.21"
"BEL","","ALL","2006","10.94"
"BEL","","ALL","2007","13.43"
"BEL","","ALL","2008","10.51"
"BEL","","ALL","2009","10.1"
"BEL","","ALL","2010","10.27"
"BEL","","ALL","2011","10.14"
"BEL","","ALL","2012","10.09"
"BEL","","ALL","2013","10.33"
"BEL","","ALL","2014","10.57"
"BEL","","ALL","2015","10.36"
"BEL","","ALL","2016","9.42"
"BEL","","ALL","2017","9.3"
"BEL","","ALL","2018","9.22"
"BEL","","ALL","2019","9.15"
"BGR","","ALL","1963","7.25"
"BGR","","ALL","1964","6.52"
"BGR","","ALL","1965","7.25"
"BGR","","ALL","1966","7.31"
"BGR","","ALL","1967","7.84"
"BGR","","ALL","1968","9.01"
"BGR","","ALL","1969","8.71"
"BGR","","ALL","1970","8.44"
"BGR","","ALL","1971","8.88"
"BGR","","ALL","1972","9.18"
"BGR","","ALL","1973","10.14"
"BGR","","ALL","1974","10.22"
"BGR","","ALL","1975","10.15"
"BGR","","ALL","1976","10.86"
"BGR","","ALL","1977","10.52"
"BGR","","ALL","1978","11.27"
"BGR","","ALL","1979","10.91"
"BGR","","ALL","1980","10.84"
"BGR","","ALL","1981","11.34"
"BGR","","ALL","1982","11.2"
"BGR","","ALL","1983","10.96"
"BGR","","ALL","1984","11.37"
"BGR","","ALL","1985","10.92"
"BGR","","ALL","1986","11.47"
"BGR","","ALL","1987","10.91"
"BGR","","ALL","1988","11.17"
"BGR","","ALL","1989","11.43"
"BGR","","ALL","1990","11.46"
"BGR","","ALL","1991","9.47"
"BGR","","ALL","1992","10.15"
"BGR","","ALL","1993","9.86"
"BGR","","ALL","1994","9.7"
"BGR","","ALL","1995","9.51"
"BGR","","ALL","1996","9.18"
"BGR","","ALL","1997","8.13"
"BGR","","ALL","1998","7.86"
"BGR","","ALL","1999","7.65"
"BGR","","ALL","2000","10.26"
"BGR","","ALL","2001","11.07"
"BGR","","ALL","2002","10.8"
"BGR","","ALL","2003","10.92"
"BGR","","ALL","2004","10.7"
"BGR","","ALL","2005","10.22"
"BGR","","ALL","2006","10.18"
"BGR","","ALL","2007","10.66"
"BGR","","ALL","2008","10.73"
"BGR","","ALL","2009","10.53"
"BGR","","ALL","2010","9.82"
"BGR","","ALL","2011","9.88"
"BGR","","ALL","2012","10.88"
"BGR","","ALL","2013","10.32"
"BGR","","ALL","2014","10.3"
"BGR","","ALL","2015","10.89"
"BGR","","ALL","2016","11.13"
"BGR","","ALL","2017","10.93"
"BGR","","ALL","2018","11.53"
"BGR","","ALL","2019","11.18"
"BIH","","ALL","1990","11.87"
"BIH","","ALL","1991","13.79"
"BIH","","ALL","1992","10.03"
"BIH","","ALL","1993","8.55"
"BIH","","ALL","1994","8.19"
"BIH","","ALL","1995","8.47"
"BIH","","ALL","1996","9.68"
"BIH","","ALL","1997","10"
"BIH","","ALL","1998","8.37"
"BIH","","ALL","1999","8.57"
"BIH","","ALL","2000","3.87"
"BIH","","ALL","2001","4.11"
"BIH","","ALL","2002","4.08"
"BIH","","ALL","2003","4.29"
"BIH","","ALL","2004","4.38"
"BIH","","ALL","2005","4.5"
"BIH","","ALL","2006","4.72"
"BIH","","ALL","2007","5.03"
"BIH","","ALL","2008","5.03"
"BIH","","ALL","2009","4.69"
"BIH","","ALL","2010","4.57"
"BIH","","ALL","2011","4.71"
"BIH","","ALL","2012","4.83"
"BIH","","ALL","2013","4.69"
"BIH","","ALL","2014","4.69"
"BIH","","ALL","2015","4.9"
"BIH","","ALL","2016","5.04"
"BIH","","ALL","2017","5.25"
"BIH","","ALL","2018","5.44"
"BIH","","ALL","2019","5.46"
"BLR","","ALL","1980","13.23"
"BLR","","ALL","1981","13.2"
"BLR","","ALL","1982","12.67"
"BLR","","ALL","1983","12.43"
"BLR","","ALL","1984","12.7"
"BLR","","ALL","1985","11.41"
"BLR","","ALL","1986","7.57"
"BLR","","ALL","1987","5.71"
"BLR","","ALL","1988","4.55"
"BLR","","ALL","1989","7.98"
"BLR","","ALL","1990","7.85"
"BLR","","ALL","1991","8.87"
"BLR","","ALL","1992","8.7"
"BLR","","ALL","1993","10.23"
"BLR","","ALL","1994","9.86"
"BLR","","ALL","1995","9.35"
"BLR","","ALL","1996","10.45"
"BLR","","ALL","1997","11.02"
"BLR","","ALL","1998","11.72"
"BLR","","ALL","1999","12.72"
"BLR","","ALL","2000","12.92"
"BLR","","ALL","2001","10.74"
"BLR","","ALL","2002","11.78"
"BLR","","ALL","2003","11.17"
"BLR","","ALL","2004","12.08"
"BLR","","ALL","2005","11.19"
"BLR","","ALL","2006","12.61"
"BLR","","ALL","2007","13.91"
"BLR","","ALL","2008","14.58"
"BLR","","ALL","2009","13.98"
"BLR","","ALL","2010","14.43"
"BLR","","ALL","2011","14.5"
"BLR","","ALL","2012","13.56"
"BLR","","ALL","2013","12.58"
"BLR","","ALL","2014","11.29"
"BLR","","ALL","2015","9.79"
"BLR","","ALL","2016","9.74"
"BLR","","ALL","2017","9.76"
"BLR","","ALL","2018","10.08"
"BLR","","ALL","2019","10.57"
"","CARINFONET","ALL","1992","4.73"
"","CARINFONET","ALL","1993","4.16"
"","CARINFONET","ALL","1994","4.06"
"","CARINFONET","ALL","1995","2.79"
"","CARINFONET","ALL","1996","2.17"
"","CARINFONET","ALL","1997","2.17"
"","CARINFONET","ALL","1998","2.32"
"","CARINFONET","ALL","1999","2.04"
"","CARINFONET","ALL","2000","3.72"
"","CARINFONET","ALL","2001","3.58"
"","CARINFONET","ALL","2002","3.56"
"","CARINFONET","ALL","2003","3.8"
"","CARINFONET","ALL","2004","3.78"
"","CARINFONET","ALL","2005","3.37"
"","CARINFONET","ALL","2006","3.47"
"","CARINFONET","ALL","2007","2.68"
"","CARINFONET","ALL","2008","2.54"
"","CARINFONET","ALL","2009","2.35"
"","CARINFONET","ALL","2010","2.65"
"","CARINFONET","ALL","2011","2.49"
"","CARINFONET","ALL","2012","2.69"
"","CARINFONET","ALL","2013","2.73"
"","CARINFONET","ALL","2014","2.97"
"","CARINFONET","ALL","2015","2.88"
"","CARINFONET","ALL","2016","2.85"
"","CARINFONET","ALL","2017","2.99"
"","CARINFONET","ALL","2018","2.9"
"","CARINFONET","ALL","2019","2.75"
"CHE","","ALL","1966","14.22"
"CHE","","ALL","1967","14.19"
"CHE","","ALL","1968","14.23"
"CHE","","ALL","1969","14.65"
"CHE","","ALL","1970","14.79"
"CHE","","ALL","1971","14.77"
"CHE","","ALL","1972","15.02"
"CHE","","ALL","1973","15.63"
"CHE","","ALL","1974","15.24"
"CHE","","ALL","1975","14.28"
"CHE","","ALL","1976","13.96"
"CHE","","ALL","1977","14.04"
"CHE","","ALL","1978","14.16"
"CHE","","ALL","1979","14.06"
"CHE","","ALL","1980","14.25"
"CHE","","ALL","1981","14.58"
"CHE","","ALL","1982","14.71"
"CHE","","ALL","1983","14.41"
"CHE","","ALL","1984","14.33"
"CHE","","ALL","1985","14.37"
"CHE","","ALL","1986","14.07"
"CHE","","ALL","1987","14.02"
"CHE","","ALL","1988","14.03"
"CHE","","ALL","1989","13.86"
"CHE","","ALL","1990","12.99"
"CHE","","ALL","1991","12.9"
"CHE","","ALL","1992","12.33"
"CHE","","ALL","1993","12.33"
"CHE","","ALL","1994","11.79"
"CHE","","ALL","1995","11.45"
"CHE","","ALL","1996","11.33"
"CHE","","ALL","1997","11.21"
"CHE","","ALL","1998","11.07"
"CHE","","ALL","1999","11.05"
"CHE","","ALL","2000","11.26"
"CHE","","ALL","2001","11.12"
"CHE","","ALL","2002","10.85"
"CHE","","ALL","2003","10.82"
"CHE","","ALL","2004","10.54"
"CHE","","ALL","2005","10.15"
"CHE","","ALL","2006","10.24"
"CHE","","ALL","2007","10.44"
"CHE","","ALL","2008","10.29"
"CHE","","ALL","2009","10.15"
"CHE","","ALL","2010","10.01"
"CHE","","ALL","2011","9.99"
"CHE","","ALL","2012","9.87"
"CHE","","ALL","2013","9.74"
"CHE","","ALL","2014","9.62"
"CHE","","ALL","2015","9.62"
"CHE","","ALL","2016","9.28"
"CHE","","ALL","2017","9.16"
"CHE","","ALL","2018","9.17"
"CHE","","ALL","2019","9.41"
"","CIS","ALL","1990","6.54"
"","CIS","ALL","1991","7.02"
"","CIS","ALL","1992","6.32"
"","CIS","ALL","1993","6.92"
"","CIS","ALL","1994","6.86"
"","CIS","ALL","1995","7.83"
"","CIS","ALL","1996","6.62"
"","CIS","ALL","1997","6.74"
"","CIS","ALL","1998","7.1"
"","CIS","ALL","1999","7.5"
"","CIS","ALL","2000","8.01"
"","CIS","ALL","2001","8.07"
"","CIS","ALL","2002","8.26"
"","CIS","ALL","2003","8.47"
"","CIS","ALL","2004","8.56"
"","CIS","ALL","2005","8.59"
"","CIS","ALL","2006","8.82"
"","CIS","ALL","2007","9"
"","CIS","ALL","2008","9.11"
"","CIS","ALL","2009","8.51"
"","CIS","ALL","2010","8.13"
"","CIS","ALL","2011","8.2"
"","CIS","ALL","2012","8.06"
"","CIS","ALL","2013","7.64"
"","CIS","ALL","2014","6.99"
"","CIS","ALL","2015","6.24"
"","CIS","ALL","2016","5.99"
"","CIS","ALL","2017","5.64"
"","CIS","ALL","2018","5.75"
"","CIS","ALL","2019","5.78"
"CYP","","ALL","1961","5.15"
"CYP","","ALL","1962","4.44"
"CYP","","ALL","1963","5.14"
"CYP","","ALL","1964","5.22"
"CYP","","ALL","1965","5.5"
"CYP","","ALL","1966","4.83"
"CYP","","ALL","1967","5.18"
"CYP","","ALL","1968","4.75"
"CYP","","ALL","1969","4.75"
"CYP","","ALL","1970","4.76"
"CYP","","ALL","1971","5"
"CYP","","ALL","1972","5.42"
"CYP","","ALL","1973","5.27"
"CYP","","ALL","1974","4.27"
"CYP","","ALL","1975","4.67"
"CYP","","ALL","1976","4.75"
"CYP","","ALL","1977","5.21"
"CYP","","ALL","1978","5.69"
"CYP","","ALL","1979","5.99"
"CYP","","ALL","1980","6.28"
"CYP","","ALL","1981","6.71"
"CYP","","ALL","1982","6.99"
"CYP","","ALL","1983","7.46"
"CYP","","ALL","1984","7.61"
"CYP","","ALL","1985","7.93"
"CYP","","ALL","1986","8.33"
"CYP","","ALL","1987","8.88"
"CYP","","ALL","1988","9.61"
"CYP","","ALL","1989","9.29"
"CYP","","ALL","1990","9.46"
"CYP","","ALL","1991","9.16"
"CYP","","ALL","1992","10.38"
"CYP","","ALL","1993","9.41"
"CYP","","ALL","1994","9.53"
"CYP","","ALL","1995","9.47"
"CYP","","ALL","1996","8.49"
"CYP","","ALL","1997","8.33"
"CYP","","ALL","1998","8.68"
"CYP","","ALL","1999","8.93"
"CYP","","ALL","2000","9.56"
"CYP","","ALL","2001","10.16"
"CYP","","ALL","2002","11.68"
"CYP","","ALL","2003","10.62"
"CYP","","ALL","2004","13.03"
"CYP","","ALL","2005","11.41"
"CYP","","ALL","2006","11.48"
"CYP","","ALL","2007","11.58"
"CYP","","ALL","2008","12.03"
"CYP","","ALL","2009","10.81"
"CYP","","ALL","2010","11.33"
"CYP","","ALL","2011","10.71"
"CYP","","ALL","2012","10.58"
"CYP","","ALL","2013","9.07"
"CYP","","ALL","2014","9.63"
"CYP","","ALL","2015","9.59"
"CYP","","ALL","2016","9.59"
"CYP","","ALL","2017","9.59"
"CYP","","ALL","2018","9.59"
"CYP","","ALL","2019","9.59"
"CZE","","ALL","1961","9"
"CZE","","ALL","1962","9.12"
"CZE","","ALL","1963","9.06"
"CZE","","ALL","1964","9.36"
"CZE","","ALL","1965","10.18"
"CZE","","ALL","1966","10.49"
"CZE","","ALL","1967","10.64"
"CZE","","ALL","1968","10.61"
"CZE","","ALL","1969","11.42"
"CZE","","ALL","1970","11.9"
"CZE","","ALL","1971","11.57"
"CZE","","ALL","1972","12.66"
"CZE","","ALL","1973","12.95"
"CZE","","ALL","1974","13.11"
"CZE","","ALL","1975","13.33"
"CZE","","ALL","1976","13.62"
"CZE","","ALL","1977","14.2"
"CZE","","ALL","1978","14.64"
"CZE","","ALL","1979","13.17"
"CZE","","ALL","1980","13.99"
"CZE","","ALL","1981","14.23"
"CZE","","ALL","1982","14.12"
"CZE","","ALL","1983","14.14"
"CZE","","ALL","1984","14.29"
"CZE","","ALL","1985","14.24"
"CZE","","ALL","1986","13.01"
"CZE","","ALL","1987","13.2"
"CZE","","ALL","1988","12.84"
"CZE","","ALL","1989","13.01"
"CZE","","ALL","1990","12.98"
"CZE","","ALL","1991","13.74"
"CZE","","ALL","1992","14.39"
"CZE","","ALL","1993","13.72"
"CZE","","ALL","1994","13.83"
"CZE","","ALL","1995","13.74"
"CZE","","ALL","1996","13.78"
"CZE","","ALL","1997","14.05"
"CZE","","ALL","1998","13.92"
"CZE","","ALL","1999","13.85"
"CZE","","ALL","2000","13.9"
"CZE","","ALL","2001","13.64"
"CZE","","ALL","2002","13.77"
"CZE","","ALL","2003","13.87"
"CZE","","ALL","2004","13.42"
"CZE","","ALL","2005","13.66"
"CZE","","ALL","2006","13.58"
"CZE","","ALL","2007","13.83"
"CZE","","ALL","2008","13.65"
"CZE","","ALL","2009","13.43"
"CZE","","ALL","2010","12.68"
"CZE","","ALL","2011","12.56"
"CZE","","ALL","2012","12.83"
"CZE","","ALL","2013","12.54"
"CZE","","ALL","2014","12.75"
"CZE","","ALL","2015","12.76"
"CZE","","ALL","2016","12.92"
"CZE","","ALL","2017","12.73"
"CZE","","ALL","2018","12.73"
"CZE","","ALL","2019","12.73"
"DEU","","ALL","1961","11.03"
"DEU","","ALL","1962","12.05"
"DEU","","ALL","1963","12.85"
"DEU","","ALL","1964","13.71"
"DEU","","ALL","1965","14"
"DEU","","ALL","1966","13.59"
"DEU","","ALL","1967","13.51"
"DEU","","ALL","1968","14.04"
"DEU","","ALL","1969","14.98"
"DEU","","ALL","1970","15.53"
"DEU","","ALL","1971","16.54"
"DEU","","ALL","1972","16.25"
"DEU","","ALL","1973","16.74"
"DEU","","ALL","1974","15.92"
"DEU","","ALL","1975","16.84"
"DEU","","ALL","1976","17.23"
"DEU","","ALL","1977","16.44"
"DEU","","ALL","1978","16.27"
"DEU","","ALL","1979","16.67"
"DEU","","ALL","1980","16.45"
"DEU","","ALL","1981","16.01"
"DEU","","ALL","1982","15.69"
"DEU","","ALL","1983","15.75"
"DEU","","ALL","1984","15.14"
"DEU","","ALL","1985","15.14"
"DEU","","ALL","1986","14.72"
"DEU","","ALL","1987","14.82"
"DEU","","ALL","1988","14.61"
"DEU","","ALL","1989","14.64"
"DEU","","ALL","1990","14.89"
"DEU","","ALL","1991","13.92"
"DEU","","ALL","1992","13.84"
"DEU","","ALL","1993","13.5"
"DEU","","ALL","1994","13.37"
"DEU","","ALL","1995","13.35"
"DEU","","ALL","1996","13.12"
"DEU","","ALL","1997","13"
"DEU","","ALL","1998","12.74"
"DEU","","ALL","1999","12.94"
"DEU","","ALL","2000","12.91"
"DEU","","ALL","2001","12.46"
"DEU","","ALL","2002","12.25"
"DEU","","ALL","2003","11.92"
"DEU","","ALL","2004","11.83"
"DEU","","ALL","2005","11.68"
"DEU","","ALL","2006","11.76"
"DEU","","ALL","2007","11.51"
"DEU","","ALL","2008","11.37"
"DEU","","ALL","2009","11.23"
"DEU","","ALL","2010","11.58"
"DEU","","ALL","2011","11.33"
"DEU","","ALL","2012","11.32"
"DEU","","ALL","2013","11.08"
"DEU","","ALL","2014","11.07"
"DEU","","ALL","2015","11.06"
"DEU","","ALL","2016","10.96"
"DEU","","ALL","2017","10.86"
"DEU","","ALL","2018","10.88"
"DEU","","ALL","2019","10.56"
"DNK","","ALL","1961","6.54"
"DNK","","ALL","1962","6.56"
"DNK","","ALL","1963","6.65"
"DNK","","ALL","1964","7.23"
"DNK","","ALL","1965","7"
"DNK","","ALL","1966","7.67"
"DNK","","ALL","1967","7.89"
"DNK","","ALL","1968","8.06"
"DNK","","ALL","1969","8.86"
"DNK","","ALL","1970","9.58"
"DNK","","ALL","1971","9.4"
"DNK","","ALL","1972","10.1"
"DNK","","ALL","1973","10.89"
"DNK","","ALL","1974","10.68"
"DNK","","ALL","1975","11.47"
"DNK","","ALL","1976","11.84"
"DNK","","ALL","1977","11.43"
"DNK","","ALL","1978","10.91"
"DNK","","ALL","1979","11.41"
"DNK","","ALL","1980","11.5"
"DNK","","ALL","1981","12.09"
"DNK","","ALL","1982","12.47"
"DNK","","ALL","1983","12.81"
"DNK","","ALL","1984","12.4"
"DNK","","ALL","1985","12.2"
"DNK","","ALL","1986","12.26"
"DNK","","ALL","1987","11.74"
"DNK","","ALL","1988","11.9"
"DNK","","ALL","1989","11.65"
"DNK","","ALL","1990","11.85"
"DNK","","ALL","1991","11.76"
"DNK","","ALL","1992","11.94"
"DNK","","ALL","1993","11.89"
"DNK","","ALL","1994","12.14"
"DNK","","ALL","1995","12.16"
"DNK","","ALL","1996","12.27"
"DNK","","ALL","1997","12.2"
"DNK","","ALL","1998","11.69"
"DNK","","ALL","1999","11.62"
"DNK","","ALL","2000","11.68"
"DNK","","ALL","2001","11.54"
"DNK","","ALL","2002","11.32"
"DNK","","ALL","2003","11.53"
"DNK","","ALL","2004","11.26"
"DNK","","ALL","2005","11.26"
"DNK","","ALL","2006","11.02"
"DNK","","ALL","2007","10.99"
"DNK","","ALL","2008","10.7"
"DNK","","ALL","2009","10.08"
"DNK","","ALL","2010","10.27"
"DNK","","ALL","2011","10.45"
"DNK","","ALL","2012","9.23"
"DNK","","ALL","2013","9.44"
"DNK","","ALL","2014","9.55"
"DNK","","ALL","2015","9.42"
"DNK","","ALL","2016","9.51"
"DNK","","ALL","2017","9.3"
"DNK","","ALL","2018","9.32"
"DNK","","ALL","2019","9.16"
"ESP","","ALL","1962","14.64"
"ESP","","ALL","1963","13.56"
"ESP","","ALL","1964","13.88"
"ESP","","ALL","1965","14.59"
"ESP","","ALL","1966","16.03"
"ESP","","ALL","1967","14.54"
"ESP","","ALL","1968","14.91"
"ESP","","ALL","1969","15.22"
"ESP","","ALL","1970","15.25"
"ESP","","ALL","1971","15.11"
"ESP","","ALL","1972","16.33"
"ESP","","ALL","1973","17.98"
"ESP","","ALL","1974","18.38"
"ESP","","ALL","1975","18.53"
"ESP","","ALL","1976","17.93"
"ESP","","ALL","1977","17.07"
"ESP","","ALL","1978","18.28"
"ESP","","ALL","1979","17.71"
"ESP","","ALL","1980","17.69"
"ESP","","ALL","1981","16.84"
"ESP","","ALL","1982","16.23"
"ESP","","ALL","1983","16.18"
"ESP","","ALL","1984","14.49"
"ESP","","ALL","1985","14.47"
"ESP","","ALL","1986","14.37"
"ESP","","ALL","1987","14.41"
"ESP","","ALL","1988","13.52"
"ESP","","ALL","1989","13.28"
"ESP","","ALL","1990","12.98"
"ESP","","ALL","1991","12.88"
"ESP","","ALL","1992","12.19"
"ESP","","ALL","1993","11.67"
"ESP","","ALL","1994","11.36"
"ESP","","ALL","1995","11.09"
"ESP","","ALL","1996","10.86"
"ESP","","ALL","1997","11.69"
"ESP","","ALL","1998","11.58"
"ESP","","ALL","1999","11.33"
"ESP","","ALL","2000","11.61"
"ESP","","ALL","2001","12.01"
"ESP","","ALL","2002","10.41"
"ESP","","ALL","2003","11.04"
"ESP","","ALL","2004","11.32"
"ESP","","ALL","2005","11.92"
"ESP","","ALL","2006","11.86"
"ESP","","ALL","2007","11.05"
"ESP","","ALL","2008","10.24"
"ESP","","ALL","2009","9.99"
"ESP","","ALL","2010","8.94"
"ESP","","ALL","2011","8.74"
"ESP","","ALL","2012","8.6"
"ESP","","ALL","2013","8.55"
"ESP","","ALL","2014","7.85"
"ESP","","ALL","2015","10.35"
"ESP","","ALL","2016","10.81"
"ESP","","ALL","2017","10.85"
"ESP","","ALL","2018","10.39"
"ESP","","ALL","2019","10.73"
"EST","","ALL","1990","9.84"
"EST","","ALL","1991","9.13"
"EST","","ALL","1992","7.84"
"EST","","ALL","1993","8.1"
"EST","","ALL","1994","8.18"
"EST","","ALL","1995","8.27"
"EST","","ALL","1996","7.97"
"EST","","ALL","1997","8.3"
"EST","","ALL","1998","8.01"
"EST","","ALL","1999","8.85"
"EST","","ALL","2000","9.03"
"EST","","ALL","2001","10.1"
"EST","","ALL","2002","12.16"
"EST","","ALL","2003","11.64"
"EST","","ALL","2004","15.52"
"EST","","ALL","2005","16.58"
"EST","","ALL","2006","17.87"
"EST","","ALL","2007","17.47"
"EST","","ALL","2008","16.61"
"EST","","ALL","2009","14.66"
"EST","","ALL","2010","14.97"
"EST","","ALL","2011","16.27"
"EST","","ALL","2012","16.96"
"EST","","ALL","2013","17.75"
"EST","","ALL","2014","17.29"
"EST","","ALL","2015","16.72"
"EST","","ALL","2016","15.61"
"EST","","ALL","2017","13.08"
"EST","","ALL","2018","10.81"
"EST","","ALL","2019","11.65"
"","EU_AFTER_MAY2004","ALL","1970","9.78"
"","EU_AFTER_MAY2004","ALL","1971","10.08"
"","EU_AFTER_MAY2004","ALL","1972","10.42"
"","EU_AFTER_MAY2004","ALL","1973","10.78"
"","EU_AFTER_MAY2004","ALL","1974","10.92"
"","EU_AFTER_MAY2004","ALL","1975","10.83"
"","EU_AFTER_MAY2004","ALL","1976","11.18"
"","EU_AFTER_MAY2004","ALL","1977","11.73"
"","EU_AFTER_MAY2004","ALL","1978","12.16"
"","EU_AFTER_MAY2004","ALL","1979","12.01"
"","EU_AFTER_MAY2004","ALL","1980","12.18"
"","EU_AFTER_MAY2004","ALL","1981","12.32"
"","EU_AFTER_MAY2004","ALL","1982","11.41"
"","EU_AFTER_MAY2004","ALL","1983","11.18"
"","EU_AFTER_MAY2004","ALL","1984","11.24"
"","EU_AFTER_MAY2004","ALL","1985","11.1"
"","EU_AFTER_MAY2004","ALL","1986","11.14"
"","EU_AFTER_MAY2004","ALL","1987","10.95"
"","EU_AFTER_MAY2004","ALL","1988","10.85"
"","EU_AFTER_MAY2004","ALL","1989","10.57"
"","EU_AFTER_MAY2004","ALL","1990","10.41"
"","EU_AFTER_MAY2004","ALL","1991","10.31"
"","EU_AFTER_MAY2004","ALL","1992","10.01"
"","EU_AFTER_MAY2004","ALL","1993","9.93"
"","EU_AFTER_MAY2004","ALL","1994","9.7"
"","EU_AFTER_MAY2004","ALL","1995","9.54"
"","EU_AFTER_MAY2004","ALL","1996","9.46"
"","EU_AFTER_MAY2004","ALL","1997","9.84"
"","EU_AFTER_MAY2004","ALL","1998","9.47"
"","EU_AFTER_MAY2004","ALL","1999","9.35"
"","EU_AFTER_MAY2004","ALL","2000","9.98"
"","EU_AFTER_MAY2004","ALL","2001","10.51"
"","EU_AFTER_MAY2004","ALL","2002","10.87"
"","EU_AFTER_MAY2004","ALL","2003","10.89"
"","EU_AFTER_MAY2004","ALL","2004","10.99"
"","EU_AFTER_MAY2004","ALL","2005","10.49"
"","EU_AFTER_MAY2004","ALL","2006","10.88"
"","EU_AFTER_MAY2004","ALL","2007","11.38"
"","EU_AFTER_MAY2004","ALL","2008","11.73"
"","EU_AFTER_MAY2004","ALL","2009","11.03"
"","EU_AFTER_MAY2004","ALL","2010","10.54"
"","EU_AFTER_MAY2004","ALL","2011","10.65"
"","EU_AFTER_MAY2004","ALL","2012","10.72"
"","EU_AFTER_MAY2004","ALL","2013","10.77"
"","EU_AFTER_MAY2004","ALL","2014","10.69"
"","EU_AFTER_MAY2004","ALL","2015","10.73"
"","EU_AFTER_MAY2004","ALL","2016","10.75"
"","EU_AFTER_MAY2004","ALL","2017","10.73"
"","EU_AFTER_MAY2004","ALL","2018","10.96"
"","EU_AFTER_MAY2004","ALL","2019","11.1"
"","EU_BEFORE_MAY2004","ALL","1970","15.04"
"","EU_BEFORE_MAY2004","ALL","1971","15.19"
"","EU_BEFORE_MAY2004","ALL","1972","15.33"
"","EU_BEFORE_MAY2004","ALL","1973","16.03"
"","EU_BEFORE_MAY2004","ALL","1974","15.9"
"","EU_BEFORE_MAY2004","ALL","1975","16"
"","EU_BEFORE_MAY2004","ALL","1976","15.85"
"","EU_BEFORE_MAY2004","ALL","1977","15.3"
"","EU_BEFORE_MAY2004","ALL","1978","15.29"
"","EU_BEFORE_MAY2004","ALL","1979","15.32"
"","EU_BEFORE_MAY2004","ALL","1980","15.22"
"","EU_BEFORE_MAY2004","ALL","1981","14.55"
"","EU_BEFORE_MAY2004","ALL","1982","14.28"
"","EU_BEFORE_MAY2004","ALL","1983","14.24"
"","EU_BEFORE_MAY2004","ALL","1984","13.71"
"","EU_BEFORE_MAY2004","ALL","1985","13.43"
"","EU_BEFORE_MAY2004","ALL","1986","13.06"
"","EU_BEFORE_MAY2004","ALL","1987","12.82"
"","EU_BEFORE_MAY2004","ALL","1988","12.71"
"","EU_BEFORE_MAY2004","ALL","1989","12.68"
"","EU_BEFORE_MAY2004","ALL","1990","12.69"
"","EU_BEFORE_MAY2004","ALL","1991","12.29"
"","EU_BEFORE_MAY2004","ALL","1992","12.06"
"","EU_BEFORE_MAY2004","ALL","1993","11.78"
"","EU_BEFORE_MAY2004","ALL","1994","11.63"
"","EU_BEFORE_MAY2004","ALL","1995","11.56"
"","EU_BEFORE_MAY2004","ALL","1996","11.33"
"","EU_BEFORE_MAY2004","ALL","1997","11.35"
"","EU_BEFORE_MAY2004","ALL","1998","11.22"
"","EU_BEFORE_MAY2004","ALL","1999","11.25"
"","EU_BEFORE_MAY2004","ALL","2000","11.62"
"","EU_BEFORE_MAY2004","ALL","2001","11.64"
"","EU_BEFORE_MAY2004","ALL","2002","11.31"
"","EU_BEFORE_MAY2004","ALL","2003","11.23"
"","EU_BEFORE_MAY2004","ALL","2004","11.22"
"","EU_BEFORE_MAY2004","ALL","2005","11.13"
"","EU_BEFORE_MAY2004","ALL","2006","11.03"
"","EU_BEFORE_MAY2004","ALL","2007","10.94"
"","EU_BEFORE_MAY2004","ALL","2008","10.52"
"","EU_BEFORE_MAY2004","ALL","2009","10.2"
"","EU_BEFORE_MAY2004","ALL","2010","10.07"
"","EU_BEFORE_MAY2004","ALL","2011","9.93"
"","EU_BEFORE_MAY2004","ALL","2012","9.87"
"","EU_BEFORE_MAY2004","ALL","2013","9.67"
"","EU_BEFORE_MAY2004","ALL","2014","9.69"
"","EU_BEFORE_MAY2004","ALL","2015","9.86"
"","EU_BEFORE_MAY2004","ALL","2016","9.86"
"","EU_BEFORE_MAY2004","ALL","2017","9.9"
"","EU_BEFORE_MAY2004","ALL","2018","9.86"
"","EU_BEFORE_MAY2004","ALL","2019","9.8"
"","EU_MEMBERS","ALL","1970","13.84"
"","EU_MEMBERS","ALL","1971","14.02"
"","EU_MEMBERS","ALL","1972","14.21"
"","EU_MEMBERS","ALL","1973","14.83"
"","EU_MEMBERS","ALL","1974","14.76"
"","EU_MEMBERS","ALL","1975","14.81"
"","EU_MEMBERS","ALL","1976","14.78"
"","EU_MEMBERS","ALL","1977","14.48"
"","EU_MEMBERS","ALL","1978","14.57"
"","EU_MEMBERS","ALL","1979","14.56"
"","EU_MEMBERS","ALL","1980","14.52"
"","EU_MEMBERS","ALL","1981","14.03"
"","EU_MEMBERS","ALL","1982","13.61"
"","EU_MEMBERS","ALL","1983","13.52"
"","EU_MEMBERS","ALL","1984","13.13"
"","EU_MEMBERS","ALL","1985","12.88"
"","EU_MEMBERS","ALL","1986","12.61"
"","EU_MEMBERS","ALL","1987","12.38"
"","EU_MEMBERS","ALL","1988","12.27"
"","EU_MEMBERS","ALL","1989","12.18"
"","EU_MEMBERS","ALL","1990","12.16"
"","EU_MEMBERS","ALL","1991","11.83"
"","EU_MEMBERS","ALL","1992","11.59"
"","EU_MEMBERS","ALL","1993","11.35"
"","EU_MEMBERS","ALL","1994","11.18"
"","EU_MEMBERS","ALL","1995","11.09"
"","EU_MEMBERS","ALL","1996","10.9"
"","EU_MEMBERS","ALL","1997","11"
"","EU_MEMBERS","ALL","1998","10.82"
"","EU_MEMBERS","ALL","1999","10.82"
"","EU_MEMBERS","ALL","2000","11.25"
"","EU_MEMBERS","ALL","2001","11.38"
"","EU_MEMBERS","ALL","2002","11.21"
"","EU_MEMBERS","ALL","2003","11.16"
"","EU_MEMBERS","ALL","2004","11.17"
"","EU_MEMBERS","ALL","2005","10.99"
"","EU_MEMBERS","ALL","2006","11"
"","EU_MEMBERS","ALL","2007","11.04"
"","EU_MEMBERS","ALL","2008","10.78"
"","EU_MEMBERS","ALL","2009","10.38"
"","EU_MEMBERS","ALL","2010","10.17"
"","EU_MEMBERS","ALL","2011","10.08"
"","EU_MEMBERS","ALL","2012","10.05"
"","EU_MEMBERS","ALL","2013","9.9"
"","EU_MEMBERS","ALL","2014","9.9"
"","EU_MEMBERS","ALL","2015","10.04"
"","EU_MEMBERS","ALL","2016","10.05"
"","EU_MEMBERS","ALL","2017","10.07"
"","EU_MEMBERS","ALL","2018","10.09"
"","EU_MEMBERS","ALL","2019","10.07"
"FIN","","ALL","1961","2.91"
"FIN","","ALL","1962","3.02"
"FIN","","ALL","1963","3.07"
"FIN","","ALL","1964","3.1"
"FIN","","ALL","1965","3.28"
"FIN","","ALL","1966","3.46"
"FIN","","ALL","1967","3.63"
"FIN","","ALL","1968","3.93"
"FIN","","ALL","1969","5.72"
"FIN","","ALL","1970","5.84"
"FIN","","ALL","1971","6.39"
"FIN","","ALL","1972","6.8"
"FIN","","ALL","1973","7.38"
"FIN","","ALL","1974","8.42"
"FIN","","ALL","1975","8"
"FIN","","ALL","1976","8.09"
"FIN","","ALL","1977","8.15"
"FIN","","ALL","1978","7.89"
"FIN","","ALL","1979","7.84"
"FIN","","ALL","1980","7.94"
"FIN","","ALL","1981","8.01"
"FIN","","ALL","1982","7.92"
"FIN","","ALL","1983","7.94"
"FIN","","ALL","1984","8.06"
"FIN","","ALL","1985","8.02"
"FIN","","ALL","1986","8.51"
"FIN","","ALL","1987","8.75"
"FIN","","ALL","1988","9.03"
"FIN","","ALL","1989","9.42"
"FIN","","ALL","1990","9.53"
"FIN","","ALL","1991","9.22"
"FIN","","ALL","1992","8.88"
"FIN","","ALL","1993","8.39"
"FIN","","ALL","1994","8.16"
"FIN","","ALL","1995","8.31"
"FIN","","ALL","1996","8.24"
"FIN","","ALL","1997","8.56"
"FIN","","ALL","1998","8.6"
"FIN","","ALL","1999","8.62"
"FIN","","ALL","2000","8.88"
"FIN","","ALL","2001","8.94"
"FIN","","ALL","2002","9.25"
"FIN","","ALL","2003","9.31"
"FIN","","ALL","2004","9.89"
"FIN","","ALL","2005","9.95"
"FIN","","ALL","2006","10.15"
"FIN","","ALL","2007","10.45"
"FIN","","ALL","2008","10.26"
"FIN","","ALL","2009","9.96"
"FIN","","ALL","2010","9.72"
"FIN","","ALL","2011","9.81"
"FIN","","ALL","2012","9.27"
"FIN","","ALL","2013","9.08"
"FIN","","ALL","2014","8.76"
"FIN","","ALL","2015","8.52"
"FIN","","ALL","2016","8.44"
"FIN","","ALL","2017","8.37"
"FIN","","ALL","2018","8.37"
"FIN","","ALL","2019","8.23"
"FRA","","ALL","1961","26.04"
"FRA","","ALL","1962","24.6"
"FRA","","ALL","1963","24.63"
"FRA","","ALL","1964","23.96"
"FRA","","ALL","1965","23.37"
"FRA","","ALL","1966","23.32"
"FRA","","ALL","1967","23.05"
"FRA","","ALL","1968","22.48"
"FRA","","ALL","1969","22.15"
"FRA","","ALL","1970","21.77"
"FRA","","ALL","1971","21.44"
"FRA","","ALL","1972","21.2"
"FRA","","ALL","1973","21.4"
"FRA","","ALL","1974","21.15"
"FRA","","ALL","1975","21.12"
"FRA","","ALL","1976","20.84"
"FRA","","ALL","1977","20.74"
"FRA","","ALL","1978","19.88"
"FRA","","ALL","1979","19.4"
"FRA","","ALL","1980","18.97"
"FRA","","ALL","1981","18.33"
"FRA","","ALL","1982","18.25"
"FRA","","ALL","1983","17.72"
"FRA","","ALL","1984","16.89"
"FRA","","ALL","1985","16.59"
"FRA","","ALL","1986","16.13"
"FRA","","ALL","1987","15.9"
"FRA","","ALL","1988","15.86"
"FRA","","ALL","1989","16.05"
"FRA","","ALL","1990","15.73"
"FRA","","ALL","1991","14.85"
"FRA","","ALL","1992","14.72"
"FRA","","ALL","1993","14.24"
"FRA","","ALL","1994","14.11"
"FRA","","ALL","1995","14.12"
"FRA","","ALL","1996","13.77"
"FRA","","ALL","1997","13.31"
"FRA","","ALL","1998","13.27"
"FRA","","ALL","1999","13.15"
"FRA","","ALL","2000","13.92"
"FRA","","ALL","2001","14.15"
"FRA","","ALL","2002","13.92"
"FRA","","ALL","2003","13.45"
"FRA","","ALL","2004","13.14"
"FRA","","ALL","2005","12.88"
"FRA","","ALL","2006","13.05"
"FRA","","ALL","2007","12.95"
"FRA","","ALL","2008","12.53"
"FRA","","ALL","2009","12.66"
"FRA","","ALL","2010","12.3"
"FRA","","ALL","2011","12.35"
"FRA","","ALL","2012","12.22"
"FRA","","ALL","2013","11.73"
"FRA","","ALL","2014","12.07"
"FRA","","ALL","2015","11.87"
"FRA","","ALL","2016","11.74"
"FRA","","ALL","2017","11.69"
"FRA","","ALL","2018","11.24"
"FRA","","ALL","2019","11.44"
"GBR","","ALL","1961","7.14"
"GBR","","ALL","1962","7.09"
"GBR","","ALL","1963","7.18"
"GBR","","ALL","1964","7.53"
"GBR","","ALL","1965","7.4"
"GBR","","ALL","1966","7.56"
"GBR","","ALL","1967","7.68"
"GBR","","ALL","1968","7.91"
"GBR","","ALL","1969","8.11"
"GBR","","ALL","1970","8.46"
"GBR","","ALL","1971","8.83"
"GBR","","ALL","1972","9.14"
"GBR","","ALL","1973","10.04"
"GBR","","ALL","1974","10.39"
"GBR","","ALL","1975","10.4"
"GBR","","ALL","1976","10.81"
"GBR","","ALL","1977","10.28"
"GBR","","ALL","1978","10.89"
"GBR","","ALL","1979","11.24"
"GBR","","ALL","1980","10.71"
"GBR","","ALL","1981","10.27"
"GBR","","ALL","1982","9.91"
"GBR","","ALL","1983","10.1"
"GBR","","ALL","1984","10.16"
"GBR","","ALL","1985","10.24"
"GBR","","ALL","1986","10.26"
"GBR","","ALL","1987","9.53"
"GBR","","ALL","1988","9.94"
"GBR","","ALL","1989","9.99"
"GBR","","ALL","1990","9.96"
"GBR","","ALL","1991","10.01"
"GBR","","ALL","1992","9.65"
"GBR","","ALL","1993","9.45"
"GBR","","ALL","1994","9.41"
"GBR","","ALL","1995","9.7"
"GBR","","ALL","1996","9.75"
"GBR","","ALL","1997","9.97"
"GBR","","ALL","1998","10.14"
"GBR","","ALL","1999","10.16"
"GBR","","ALL","2000","10.82"
"GBR","","ALL","2001","11.31"
"GBR","","ALL","2002","11.33"
"GBR","","ALL","2003","11.28"
"GBR","","ALL","2004","11.58"
"GBR","","ALL","2005","11.38"
"GBR","","ALL","2006","10.93"
"GBR","","ALL","2007","11.06"
"GBR","","ALL","2008","10.66"
"GBR","","ALL","2009","9.98"
"GBR","","ALL","2010","10.01"
"GBR","","ALL","2011","9.8"
"GBR","","ALL","2012","9.53"
"GBR","","ALL","2013","9.42"
"GBR","","ALL","2014","9.45"
"GBR","","ALL","2015","9.59"
"GBR","","ALL","2016","9.69"
"GBR","","ALL","2017","9.88"
"GBR","","ALL","2018","10.01"
"GBR","","ALL","2019","9.8"
"GEO","","ALL","1990","4.84"
"GEO","","ALL","1991","3.17"
"GEO","","ALL","1992","6.76"
"GEO","","ALL","1993","6.51"
"GEO","","ALL","1994","5.39"
"GEO","","ALL","1995","3.35"
"GEO","","ALL","1996","3.5"
"GEO","","ALL","1997","2.62"
"GEO","","ALL","1998","2.09"
"GEO","","ALL","1999","2.06"
"GEO","","ALL","2000","3.29"
"GEO","","ALL","2001","2.77"
"GEO","","ALL","2002","2.74"
"GEO","","ALL","2003","2.79"
"GEO","","ALL","2004","2.89"
"GEO","","ALL","2005","4.36"
"GEO","","ALL","2006","5.69"
"GEO","","ALL","2007","6.89"
"GEO","","ALL","2008","7.27"
"GEO","","ALL","2009","6.26"
"GEO","","ALL","2010","7.72"
"GEO","","ALL","2011","8.29"
"GEO","","ALL","2012","7.23"
"GEO","","ALL","2013","6.76"
"GEO","","ALL","2014","6.49"
"GEO","","ALL","2015","6.95"
"GEO","","ALL","2016","6.85"
"GEO","","ALL","2017","6.88"
"GEO","","ALL","2018","7.25"
"GEO","","ALL","2019","7.45"
"GRC","","ALL","1963","9.67"
"GRC","","ALL","1964","9.82"
"GRC","","ALL","1965","9.99"
"GRC","","ALL","1966","10.1"
"GRC","","ALL","1967","10.09"
"GRC","","ALL","1968","10.15"
"GRC","","ALL","1969","10.18"
"GRC","","ALL","1970","10.33"
"GRC","","ALL","1971","10.39"
"GRC","","ALL","1972","10.43"
"GRC","","ALL","1973","10.67"
"GRC","","ALL","1974","10.88"
"GRC","","ALL","1975","10.88"
"GRC","","ALL","1976","11.01"
"GRC","","ALL","1977","10.92"
"GRC","","ALL","1978","11.39"
"GRC","","ALL","1979","11.59"
"GRC","","ALL","1980","13.21"
"GRC","","ALL","1981","12.04"
"GRC","","ALL","1982","11.01"
"GRC","","ALL","1983","11.78"
"GRC","","ALL","1984","11.59"
"GRC","","ALL","1985","10.88"
"GRC","","ALL","1986","8.92"
"GRC","","ALL","1987","9.82"
"GRC","","ALL","1988","10.1"
"GRC","","ALL","1989","10.15"
"GRC","","ALL","1990","10.33"
"GRC","","ALL","1991","10.18"
"GRC","","ALL","1992","9.99"
"GRC","","ALL","1993","10.67"
"GRC","","ALL","1994","10.43"
"GRC","","ALL","1995","10.09"
"GRC","","ALL","1996","9.67"
"GRC","","ALL","1997","9.5"
"GRC","","ALL","1998","9.03"
"GRC","","ALL","1999","9.47"
"GRC","","ALL","2000","8.6"
"GRC","","ALL","2001","8.75"
"GRC","","ALL","2002","8.22"
"GRC","","ALL","2003","8.91"
"GRC","","ALL","2004","9.1"
"GRC","","ALL","2005","9.15"
"GRC","","ALL","2006","8.68"
"GRC","","ALL","2007","8.89"
"GRC","","ALL","2008","8.73"
"GRC","","ALL","2009","8.32"
"GRC","","ALL","2010","8.33"
"GRC","","ALL","2011","7.48"
"GRC","","ALL","2012","7.62"
"GRC","","ALL","2013","7.55"
"GRC","","ALL","2014","7.06"
"GRC","","ALL","2015","6.68"
"GRC","","ALL","2016","6.68"
"GRC","","ALL","2017","6.67"
"GRC","","ALL","2018","6.45"
"GRC","","ALL","2019","6.33"
"HRV","","ALL","1987","13.51"
"HRV","","ALL","1988","11.07"
"HRV","","ALL","1989","10.92"
"HRV","","ALL","1990","15.9"
"HRV","","ALL","1991","13.69"
"HRV","","ALL","1992","11.47"
"HRV","","ALL","1993","11.26"
"HRV","","ALL","1994","11.61"
"HRV","","ALL","1995","10.91"
"HRV","","ALL","1996","11.1"
"HRV","","ALL","1997","13.21"
"HRV","","ALL","1998","13.84"
"HRV","","ALL","1999","12.15"
"HRV","","ALL","2000","13.24"
"HRV","","ALL","2001","13.69"
"HRV","","ALL","2002","13.88"
"HRV","","ALL","2003","12.99"
"HRV","","ALL","2004","12.42"
"HRV","","ALL","2005","10.72"
"HRV","","ALL","2006","10.98"
"HRV","","ALL","2007","11.36"
"HRV","","ALL","2008","11.36"
"HRV","","ALL","2009","11.11"
"HRV","","ALL","2010","10.71"
"HRV","","ALL","2011","11.01"
"HRV","","ALL","2012","10.58"
"HRV","","ALL","2013","10.39"
"HRV","","ALL","2014","9.5"
"HRV","","ALL","2015","9.64"
"HRV","","ALL","2016","10"
"HRV","","ALL","2017","9.7"
"HRV","","ALL","2018","9.63"
"HRV","","ALL","2019","9.64"
"HUN","","ALL","1961","9.02"
"HUN","","ALL","1962","9.26"
"HUN","","ALL","1963","9.14"
"HUN","","ALL","1964","10.21"
"HUN","","ALL","1965","9.53"
"HUN","","ALL","1966","9.58"
"HUN","","ALL","1967","10.42"
"HUN","","ALL","1968","10.64"
"HUN","","ALL","1969","11.77"
"HUN","","ALL","1970","12.4"
"HUN","","ALL","1971","12.79"
"HUN","","ALL","1972","12.73"
"HUN","","ALL","1973","12.82"
"HUN","","ALL","1974","12.86"
"HUN","","ALL","1975","13.79"
"HUN","","ALL","1976","14.72"
"HUN","","ALL","1977","15.67"
"HUN","","ALL","1978","16.06"
"HUN","","ALL","1979","15.59"
"HUN","","ALL","1980","16.88"
"HUN","","ALL","1981","16.73"
"HUN","","ALL","1982","16.82"
"HUN","","ALL","1983","16.39"
"HUN","","ALL","1984","16.82"
"HUN","","ALL","1985","16.74"
"HUN","","ALL","1986","16.67"
"HUN","","ALL","1987","15.7"
"HUN","","ALL","1988","15.34"
"HUN","","ALL","1989","16.29"
"HUN","","ALL","1990","16.15"
"HUN","","ALL","1991","15.43"
"HUN","","ALL","1992","14.82"
"HUN","","ALL","1993","14.16"
"HUN","","ALL","1994","13.71"
"HUN","","ALL","1995","12.56"
"HUN","","ALL","1996","12.55"
"HUN","","ALL","1997","12.51"
"HUN","","ALL","1998","12.69"
"HUN","","ALL","1999","12.09"
"HUN","","ALL","2000","12.23"
"HUN","","ALL","2001","13.18"
"HUN","","ALL","2002","13.28"
"HUN","","ALL","2003","13.24"
"HUN","","ALL","2004","13.28"
"HUN","","ALL","2005","12.95"
"HUN","","ALL","2006","13.25"
"HUN","","ALL","2007","12.54"
"HUN","","ALL","2008","11.75"
"HUN","","ALL","2009","11.52"
"HUN","","ALL","2010","10.7"
"HUN","","ALL","2011","11.37"
"HUN","","ALL","2012","11.13"
"HUN","","ALL","2013","10.73"
"HUN","","ALL","2014","10.92"
"HUN","","ALL","2015","10.95"
"HUN","","ALL","2016","11.28"
"HUN","","ALL","2017","10.79"
"HUN","","ALL","2018","10.79"
"HUN","","ALL","2019","10.79"
"IRL","","ALL","1963","7.39"
"IRL","","ALL","1964","7.67"
"IRL","","ALL","1965","7.7"
"IRL","","ALL","1966","7.87"
"IRL","","ALL","1967","8.02"
"IRL","","ALL","1968","8.77"
"IRL","","ALL","1969","9.17"
"IRL","","ALL","1970","10.58"
"IRL","","ALL","1971","11.13"
"IRL","","ALL","1972","12"
"IRL","","ALL","1973","13.11"
"IRL","","ALL","1974","13.67"
"IRL","","ALL","1975","13.84"
"IRL","","ALL","1976","13.55"
"IRL","","ALL","1977","13.56"
"IRL","","ALL","1978","13.86"
"IRL","","ALL","1979","13.83"
"IRL","","ALL","1980","13.19"
"IRL","","ALL","1981","12.51"
"IRL","","ALL","1982","11.9"
"IRL","","ALL","1983","10.87"
"IRL","","ALL","1984","11.07"
"IRL","","ALL","1985","11.62"
"IRL","","ALL","1986","11.23"
"IRL","","ALL","1987","10.99"
"IRL","","ALL","1988","11.39"
"IRL","","ALL","1989","11.79"
"IRL","","ALL","1990","12.13"
"IRL","","ALL","1991","12.2"
"IRL","","ALL","1992","12.51"
"IRL","","ALL","1993","12.34"
"IRL","","ALL","1994","12.67"
"IRL","","ALL","1995","12.86"
"IRL","","ALL","1996","13.66"
"IRL","","ALL","1997","14.18"
"IRL","","ALL","1998","14.44"
"IRL","","ALL","1999","14.95"
"IRL","","ALL","2000","13.84"
"IRL","","ALL","2001","14.04"
"IRL","","ALL","2002","13.95"
"IRL","","ALL","2003","13.04"
"IRL","","ALL","2004","13.11"
"IRL","","ALL","2005","13.06"
"IRL","","ALL","2006","13.12"
"IRL","","ALL","2007","13.17"
"IRL","","ALL","2008","12.18"
"IRL","","ALL","2009","10.93"
"IRL","","ALL","2010","11.57"
"IRL","","ALL","2011","11.49"
"IRL","","ALL","2012","11.38"
"IRL","","ALL","2013","10.51"
"IRL","","ALL","2014","10.88"
"IRL","","ALL","2015","10.81"
"IRL","","ALL","2016","11.3"
"IRL","","ALL","2017","11.13"
"IRL","","ALL","2018","11.15"
"IRL","","ALL","2019","10.91"
"ISL","","ALL","1961","3.04"
"ISL","","ALL","1962","3.41"
"ISL","","ALL","1963","3.55"
"ISL","","ALL","1964","3.64"
"ISL","","ALL","1965","3.79"
"ISL","","ALL","1966","4.2"
"ISL","","ALL","1967","4.42"
"ISL","","ALL","1968","3.87"
"ISL","","ALL","1969","3.91"
"ISL","","ALL","1970","4.57"
"ISL","","ALL","1971","4.88"
"ISL","","ALL","1972","5.04"
"ISL","","ALL","1973","5.19"
"ISL","","ALL","1974","5.3"
"ISL","","ALL","1975","4.75"
"ISL","","ALL","1976","4.76"
"ISL","","ALL","1977","5.09"
"ISL","","ALL","1978","4.8"
"ISL","","ALL","1979","5.12"
"ISL","","ALL","1980","4.97"
"ISL","","ALL","1981","5.05"
"ISL","","ALL","1982","4.92"
"ISL","","ALL","1983","5.11"
"ISL","","ALL","1984","5.37"
"ISL","","ALL","1985","5.34"
"ISL","","ALL","1986","5.47"
"ISL","","ALL","1987","5.64"
"ISL","","ALL","1988","5.47"
"ISL","","ALL","1989","5.35"
"ISL","","ALL","1990","5.24"
"ISL","","ALL","1991","5.14"
"ISL","","ALL","1992","4.73"
"ISL","","ALL","1993","4.45"
"ISL","","ALL","1994","4.61"
"ISL","","ALL","1995","4.76"
"ISL","","ALL","1996","4.9"
"ISL","","ALL","1997","5.1"
"ISL","","ALL","1998","5.56"
"ISL","","ALL","1999","5.9"
"ISL","","ALL","2000","6.14"
"ISL","","ALL","2001","6.32"
"ISL","","ALL","2002","6.53"
"ISL","","ALL","2003","6.52"
"ISL","","ALL","2004","6.71"
"ISL","","ALL","2005","7.05"
"ISL","","ALL","2006","7.2"
"ISL","","ALL","2007","7.53"
"ISL","","ALL","2008","7.19"
"ISL","","ALL","2009","7.24"
"ISL","","ALL","2010","6.79"
"ISL","","ALL","2011","6.84"
"ISL","","ALL","2012","6.82"
"ISL","","ALL","2013","6.8"
"ISL","","ALL","2014","7.01"
"ISL","","ALL","2015","7.66"
"ISL","","ALL","2016","7.49"
"ISL","","ALL","2017","7.75"
"ISL","","ALL","2018","7.72"
"ISL","","ALL","2019","7.72"
"ISR","","ALL","1961","4.39"
"ISR","","ALL","1962","4.8"
"ISR","","ALL","1963","4.12"
"ISR","","ALL","1964","5.05"
"ISR","","ALL","1965","4.86"
"ISR","","ALL","1966","4.38"
"ISR","","ALL","1967","4.48"
"ISR","","ALL","1968","4.51"
"ISR","","ALL","1969","4.89"
"ISR","","ALL","1970","4.56"
"ISR","","ALL","1971","4.66"
"ISR","","ALL","1972","4.91"
"ISR","","ALL","1973","4.86"
"ISR","","ALL","1974","4.74"
"ISR","","ALL","1975","5.09"
"ISR","","ALL","1976","5"
"ISR","","ALL","1977","3.92"
"ISR","","ALL","1978","3.52"
"ISR","","ALL","1979","3.05"
"ISR","","ALL","1980","2.92"
"ISR","","ALL","1981","2.8"
"ISR","","ALL","1982","2.65"
"ISR","","ALL","1983","2.8"
"ISR","","ALL","1984","2.65"
"ISR","","ALL","1985","2.69"
"ISR","","ALL","1986","2.26"
"ISR","","ALL","1987","2.26"
"ISR","","ALL","1988","2.18"
"ISR","","ALL","1989","2.03"
"ISR","","ALL","1990","1.84"
"ISR","","ALL","1991","1.73"
"ISR","","ALL","1992","1.81"
"ISR","","ALL","1993","2.18"
"ISR","","ALL","1994","1.72"
"ISR","","ALL","1995","1.5"
"ISR","","ALL","1996","1.62"
"ISR","","ALL","1997","2.03"
"ISR","","ALL","1998","2.09"
"ISR","","ALL","1999","2"
"ISR","","ALL","2000","2.58"
"ISR","","ALL","2001","2.83"
"ISR","","ALL","2002","2.79"
"ISR","","ALL","2003","2.58"
"ISR","","ALL","2004","2.44"
"ISR","","ALL","2005","2.46"
"ISR","","ALL","2006","2.3"
"ISR","","ALL","2007","2.46"
"ISR","","ALL","2008","2.59"
"ISR","","ALL","2009","2.67"
"ISR","","ALL","2010","2.78"
"ISR","","ALL","2011","2.81"
"ISR","","ALL","2012","2.89"
"ISR","","ALL","2013","2.9"
"ISR","","ALL","2014","2.71"
"ISR","","ALL","2015","2.74"
"ISR","","ALL","2016","2.72"
"ISR","","ALL","2017","2.91"
"ISR","","ALL","2018","3.04"
"ISR","","ALL","2019","3.07"
"ITA","","ALL","1961","19.24"
"ITA","","ALL","1962","19.44"
"ITA","","ALL","1963","18.18"
"ITA","","ALL","1964","17.75"
"ITA","","ALL","1965","18.42"
"ITA","","ALL","1966","18.73"
"ITA","","ALL","1967","19.01"
"ITA","","ALL","1968","19.71"
"ITA","","ALL","1969","19.73"
"ITA","","ALL","1970","19.72"
"ITA","","ALL","1971","19.56"
"ITA","","ALL","1972","19.49"
"ITA","","ALL","1973","19.89"
"ITA","","ALL","1974","19.65"
"ITA","","ALL","1975","18.32"
"ITA","","ALL","1976","17.6"
"ITA","","ALL","1977","16.99"
"ITA","","ALL","1978","16.53"
"ITA","","ALL","1979","16.49"
"ITA","","ALL","1980","16.73"
"ITA","","ALL","1981","15.07"
"ITA","","ALL","1982","14.5"
"ITA","","ALL","1983","14.55"
"ITA","","ALL","1984","14.08"
"ITA","","ALL","1985","13.22"
"ITA","","ALL","1986","12.37"
"ITA","","ALL","1987","11.76"
"ITA","","ALL","1988","11.41"
"ITA","","ALL","1989","10.95"
"ITA","","ALL","1990","10.99"
"ITA","","ALL","1991","10.82"
"ITA","","ALL","1992","10.55"
"ITA","","ALL","1993","10.27"
"ITA","","ALL","1994","10.12"
"ITA","","ALL","1995","9.62"
"ITA","","ALL","1996","9.13"
"ITA","","ALL","1997","9.12"
"ITA","","ALL","1998","8.98"
"ITA","","ALL","1999","8.86"
"ITA","","ALL","2000","9.78"
"ITA","","ALL","2001","9.68"
"ITA","","ALL","2002","9.25"
"ITA","","ALL","2003","9.3"
"ITA","","ALL","2004","8.98"
"ITA","","ALL","2005","8.65"
"ITA","","ALL","2006","8.44"
"ITA","","ALL","2007","8.37"
"ITA","","ALL","2008","7.96"
"ITA","","ALL","2009","7.25"
"ITA","","ALL","2010","6.95"
"ITA","","ALL","2011","6.98"
"ITA","","ALL","2012","7.48"
"ITA","","ALL","2013","7.35"
"ITA","","ALL","2014","7.56"
"ITA","","ALL","2015","7.14"
"ITA","","ALL","2016","7.1"
"ITA","","ALL","2017","7.37"
"ITA","","ALL","2018","7.81"
"ITA","","ALL","2019","7.65"
"KAZ","","ALL","1990","11.9"
"KAZ","","ALL","1991","12.77"
"KAZ","","ALL","1992","10.96"
"KAZ","","ALL","1993","10.43"
"KAZ","","ALL","1994","8.78"
"KAZ","","ALL","1995","4.91"
"KAZ","","ALL","1996","3.08"
"KAZ","","ALL","1997","3.4"
"KAZ","","ALL","1998","3.89"
"KAZ","","ALL","1999","3.52"
"KAZ","","ALL","2000","5.81"
"KAZ","","ALL","2001","5.55"
"KAZ","","ALL","2002","5.78"
"KAZ","","ALL","2003","6.22"
"KAZ","","ALL","2004","6.23"
"KAZ","","ALL","2005","6.57"
"KAZ","","ALL","2006","6.76"
"KAZ","","ALL","2007","3.99"
"KAZ","","ALL","2008","3.42"
"KAZ","","ALL","2009","3.16"
"KAZ","","ALL","2010","3.94"
"KAZ","","ALL","2011","3.41"
"KAZ","","ALL","2012","3.73"
"KAZ","","ALL","2013","3.8"
"KAZ","","ALL","2014","3.64"
"KAZ","","ALL","2015","3.33"
"KAZ","","ALL","2016","3.58"
"KAZ","","ALL","2017","3.68"
"KAZ","","ALL","2018","4.16"
"KAZ","","ALL","2019","3.73"
"KGZ","","ALL","1985","7.08"
"KGZ","","ALL","1986","3.42"
"KGZ","","ALL","1987","3.01"
"KGZ","","ALL","1988","3.51"
"KGZ","","ALL","1989","4.29"
"KGZ","","ALL","1990","4.53"
"KGZ","","ALL","1991","4.66"
"KGZ","","ALL","1992","4.25"
"KGZ","","ALL","1993","2"
"KGZ","","ALL","1994","2.98"
"KGZ","","ALL","1995","1.66"
"KGZ","","ALL","1996","2.53"
"KGZ","","ALL","1997","2.64"
"KGZ","","ALL","1998","3.31"
"KGZ","","ALL","1999","1.69"
"KGZ","","ALL","2000","5.33"
"KGZ","","ALL","2001","5.7"
"KGZ","","ALL","2002","5.84"
"KGZ","","ALL","2003","6.35"
"KGZ","","ALL","2004","6.65"
"KGZ","","ALL","2005","6.52"
"KGZ","","ALL","2006","6.78"
"KGZ","","ALL","2007","6.98"
"KGZ","","ALL","2008","7.29"
"KGZ","","ALL","2009","5.98"
"KGZ","","ALL","2010","6.02"
"KGZ","","ALL","2011","5.95"
"KGZ","","ALL","2012","5.98"
"KGZ","","ALL","2013","6.03"
"KGZ","","ALL","2014","6.18"
"KGZ","","ALL","2015","5.37"
"KGZ","","ALL","2016","5.32"
"KGZ","","ALL","2017","4.87"
"KGZ","","ALL","2018","4.42"
"KGZ","","ALL","2019","4.02"
"LTU","","ALL","1984","13.01"
"LTU","","ALL","1985","11.56"
"LTU","","ALL","1986","8.04"
"LTU","","ALL","1987","6.22"
"LTU","","ALL","1988","7.11"
"LTU","","ALL","1989","8.14"
"LTU","","ALL","1990","7.05"
"LTU","","ALL","1991","8.03"
"LTU","","ALL","1992","3.97"
"LTU","","ALL","1993","3.88"
"LTU","","ALL","1994","3.62"
"LTU","","ALL","1995","6.09"
"LTU","","ALL","1996","7.13"
"LTU","","ALL","1997","7.34"
"LTU","","ALL","1998","6.35"
"LTU","","ALL","1999","6.75"
"LTU","","ALL","2000","9.87"
"LTU","","ALL","2001","10.2"
"LTU","","ALL","2002","11"
"LTU","","ALL","2003","11.29"
"LTU","","ALL","2004","12.1"
"LTU","","ALL","2005","12.42"
"LTU","","ALL","2006","13.34"
"LTU","","ALL","2007","13.79"
"LTU","","ALL","2008","13.79"
"LTU","","ALL","2009","12.97"
"LTU","","ALL","2010","13.22"
"LTU","","ALL","2011","14.76"
"LTU","","ALL","2012","14.97"
"LTU","","ALL","2013","14.92"
"LTU","","ALL","2014","14.9"
"LTU","","ALL","2015","14.2"
"LTU","","ALL","2016","13.47"
"LTU","","ALL","2017","12.14"
"LTU","","ALL","2018","11.77"
"LTU","","ALL","2019","11.93"
"LUX","","ALL","1961","18.54"
"LUX","","ALL","1962","18.33"
"LUX","","ALL","1963","18.74"
"LUX","","ALL","1964","18.84"
"LUX","","ALL","1965","18.69"
"LUX","","ALL","1966","18.46"
"LUX","","ALL","1967","18.28"
"LUX","","ALL","1968","18.26"
"LUX","","ALL","1969","18.56"
"LUX","","ALL","1970","18.65"
"LUX","","ALL","1971","18.99"
"LUX","","ALL","1972","18.73"
"LUX","","ALL","1973","19.07"
"LUX","","ALL","1974","18.54"
"LUX","","ALL","1975","18.98"
"LUX","","ALL","1976","19.03"
"LUX","","ALL","1977","18.59"
"LUX","","ALL","1978","18.08"
"LUX","","ALL","1979","18.03"
"LUX","","ALL","1980","17.57"
"LUX","","ALL","1981","17.04"
"LUX","","ALL","1982","16.84"
"LUX","","ALL","1983","16.61"
"LUX","","ALL","1984","15.9"
"LUX","","ALL","1985","15.74"
"LUX","","ALL","1986","15.3"
"LUX","","ALL","1987","15.23"
"LUX","","ALL","1988","15.11"
"LUX","","ALL","1989","15.21"
"LUX","","ALL","1990","15.03"
"LUX","","ALL","1991","14.26"
"LUX","","ALL","1992","14.18"
"LUX","","ALL","1993","13.74"
"LUX","","ALL","1994","13.61"
"LUX","","ALL","1995","13.61"
"LUX","","ALL","1996","13.31"
"LUX","","ALL","1997","13.03"
"LUX","","ALL","1998","12.88"
"LUX","","ALL","1999","12.92"
"LUX","","ALL","2000","13.21"
"LUX","","ALL","2001","13.1"
"LUX","","ALL","2002","12.88"
"LUX","","ALL","2003","12.52"
"LUX","","ALL","2004","12.34"
"LUX","","ALL","2005","12.31"
"LUX","","ALL","2006","12.5"
"LUX","","ALL","2007","12.27"
"LUX","","ALL","2008","11.99"
"LUX","","ALL","2009","11.98"
"LUX","","ALL","2010","11.84"
"LUX","","ALL","2011","11.74"
"LUX","","ALL","2012","11.67"
"LUX","","ALL","2013","11.25"
"LUX","","ALL","2014","11.42"
"LUX","","ALL","2015","11.37"
"LUX","","ALL","2016","11.25"
"LUX","","ALL","2017","11.18"
"LUX","","ALL","2018","10.98"
"LUX","","ALL","2019","11"
"LVA","","ALL","1980","13.03"
"LVA","","ALL","1981","12.79"
"LVA","","ALL","1982","12.43"
"LVA","","ALL","1983","12.33"
"LVA","","ALL","1984","12.35"
"LVA","","ALL","1985","10.85"
"LVA","","ALL","1986","7.79"
"LVA","","ALL","1987","5.75"
"LVA","","ALL","1988","6.27"
"LVA","","ALL","1989","7.51"
"LVA","","ALL","1990","6.72"
"LVA","","ALL","1991","6.74"
"LVA","","ALL","1992","6.88"
"LVA","","ALL","1993","7.95"
"LVA","","ALL","1994","9.59"
"LVA","","ALL","1995","9.08"
"LVA","","ALL","1996","8.37"
"LVA","","ALL","1997","8.36"
"LVA","","ALL","1998","8.94"
"LVA","","ALL","1999","8.84"
"LVA","","ALL","2000","7.13"
"LVA","","ALL","2001","6.68"
"LVA","","ALL","2002","7.44"
"LVA","","ALL","2003","8.24"
"LVA","","ALL","2004","8.81"
"LVA","","ALL","2005","9.92"
"LVA","","ALL","2006","10.4"
"LVA","","ALL","2007","12.12"
"LVA","","ALL","2008","11.84"
"LVA","","ALL","2009","9.85"
"LVA","","ALL","2010","9.83"
"LVA","","ALL","2011","10.11"
"LVA","","ALL","2012","10.2"
"LVA","","ALL","2013","10.43"
"LVA","","ALL","2014","10.6"
"LVA","","ALL","2015","10.8"
"LVA","","ALL","2016","11.3"
"LVA","","ALL","2017","12.6"
"LVA","","ALL","2018","13.2"
"LVA","","ALL","2019","12.9"
"MDA","","ALL","1992","10.06"
"MDA","","ALL","1993","11.6"
"MDA","","ALL","1994","16.31"
"MDA","","ALL","1995","15.82"
"MDA","","ALL","1996","16.44"
"MDA","","ALL","1997","16.4"
"MDA","","ALL","1998","16.87"
"MDA","","ALL","1999","14.37"
"MDA","","ALL","2000","6.76"
"MDA","","ALL","2001","6.34"
"MDA","","ALL","2002","5.84"
"MDA","","ALL","2003","6.27"
"MDA","","ALL","2004","7.61"
"MDA","","ALL","2005","11.81"
"MDA","","ALL","2006","7.94"
"MDA","","ALL","2007","7.81"
"MDA","","ALL","2008","7.72"
"MDA","","ALL","2009","6.24"
"MDA","","ALL","2010","6.92"
"MDA","","ALL","2011","8.21"
"MDA","","ALL","2012","8.3"
"MDA","","ALL","2013","8.48"
"MDA","","ALL","2014","7.4"
"MDA","","ALL","2015","6.76"
"MDA","","ALL","2016","7.22"
"MDA","","ALL","2017","7.44"
"MDA","","ALL","2018","7.45"
"MDA","","ALL","2019","7.45"
"MKD","","ALL","1992","7"
"MKD","","ALL","1993","5.09"
"MKD","","ALL","1994","7.54"
"MKD","","ALL","1995","6.63"
"MKD","","ALL","1996","5.68"
"MKD","","ALL","1997","5.53"
"MKD","","ALL","1998","6.24"
"MKD","","ALL","1999","5.03"
"MKD","","ALL","2000","4.49"
"MKD","","ALL","2001","4.4"
"MKD","","ALL","2002","4.67"
"MKD","","ALL","2003","5.18"
"MKD","","ALL","2004","4.98"
"MKD","","ALL","2005","4.24"
"MKD","","ALL","2006","3.79"
"MKD","","ALL","2007","3.84"
"MKD","","ALL","2008","4.02"
"MKD","","ALL","2009","3.67"
"MKD","","ALL","2010","3.53"
"MKD","","ALL","2011","3.52"
"MKD","","ALL","2012","3.54"
"MKD","","ALL","2013","3.61"
"MKD","","ALL","2014","3.56"
"MKD","","ALL","2015","3.57"
"MKD","","ALL","2016","3.63"
"MKD","","ALL","2017","3.77"
"MKD","","ALL","2018","3.89"
"MKD","","ALL","2019","3.9"
"MLT","","ALL","1961","1.99"
"MLT","","ALL","1962","1.51"
"MLT","","ALL","1963","1.71"
"MLT","","ALL","1964","2.07"
"MLT","","ALL","1965","2.18"
"MLT","","ALL","1966","2.85"
"MLT","","ALL","1967","2.81"
"MLT","","ALL","1968","2.55"
"MLT","","ALL","1969","2.9"
"MLT","","ALL","1970","3.65"
"MLT","","ALL","1971","3.28"
"MLT","","ALL","1972","2.89"
"MLT","","ALL","1973","3.88"
"MLT","","ALL","1974","4.06"
"MLT","","ALL","1975","4.25"
"MLT","","ALL","1976","5.32"
"MLT","","ALL","1977","5"
"MLT","","ALL","1978","5.8"
"MLT","","ALL","1979","5.73"
"MLT","","ALL","1980","5.38"
"MLT","","ALL","1981","5.24"
"MLT","","ALL","1982","4.94"
"MLT","","ALL","1983","4.29"
"MLT","","ALL","1984","5.05"
"MLT","","ALL","1985","4.91"
"MLT","","ALL","1986","5.33"
"MLT","","ALL","1987","5"
"MLT","","ALL","1988","7.15"
"MLT","","ALL","1989","7.13"
"MLT","","ALL","1990","7.21"
"MLT","","ALL","1991","7.22"
"MLT","","ALL","1992","7.17"
"MLT","","ALL","1993","7.21"
"MLT","","ALL","1994","7.2"
"MLT","","ALL","1995","7.19"
"MLT","","ALL","1996","7.22"
"MLT","","ALL","1997","6.46"
"MLT","","ALL","1998","6.7"
"MLT","","ALL","1999","6.81"
"MLT","","ALL","2000","5.94"
"MLT","","ALL","2001","5.99"
"MLT","","ALL","2002","6.12"
"MLT","","ALL","2003","6.54"
"MLT","","ALL","2004","6.61"
"MLT","","ALL","2005","6.14"
"MLT","","ALL","2006","8.25"
"MLT","","ALL","2007","7.47"
"MLT","","ALL","2008","6.87"
"MLT","","ALL","2009","7.1"
"MLT","","ALL","2010","6.99"
"MLT","","ALL","2011","6.89"
"MLT","","ALL","2012","7.18"
"MLT","","ALL","2013","7.32"
"MLT","","ALL","2014","7.14"
"MLT","","ALL","2015","7.37"
"MLT","","ALL","2016","7.59"
"MLT","","ALL","2017","7.91"
"MLT","","ALL","2018","7.95"
"MLT","","ALL","2019","8.07"
"MNE","","ALL","2006","10.38"
"MNE","","ALL","2007","9.68"
"MNE","","ALL","2008","10.89"
"MNE","","ALL","2009","10.17"
"MNE","","ALL","2010","9.94"
"MNE","","ALL","2011","9.02"
"MNE","","ALL","2012","9.37"
"MNE","","ALL","2013","9.62"
"MNE","","ALL","2014","8.55"
"MNE","","ALL","2015","8.49"
"MNE","","ALL","2016","9.13"
"MNE","","ALL","2017","9.56"
"MNE","","ALL","2018","9.87"
"MNE","","ALL","2019","9.91"
"NLD","","ALL","1961","3.97"
"NLD","","ALL","1962","4.29"
"NLD","","ALL","1963","4.63"
"NLD","","ALL","1964","4.97"
"NLD","","ALL","1965","5.74"
"NLD","","ALL","1966","5.24"
"NLD","","ALL","1967","5.98"
"NLD","","ALL","1968","6.22"
"NLD","","ALL","1969","6.9"
"NLD","","ALL","1970","7.54"
"NLD","","ALL","1971","8.09"
"NLD","","ALL","1972","8.76"
"NLD","","ALL","1973","9.77"
"NLD","","ALL","1974","10.34"
"NLD","","ALL","1975","11.41"
"NLD","","ALL","1976","10.53"
"NLD","","ALL","1977","11.07"
"NLD","","ALL","1978","11.25"
"NLD","","ALL","1979","11.65"
"NLD","","ALL","1980","11.33"
"NLD","","ALL","1981","11.25"
"NLD","","ALL","1982","11.04"
"NLD","","ALL","1983","11.22"
"NLD","","ALL","1984","10.76"
"NLD","","ALL","1985","10.55"
"NLD","","ALL","1986","10.62"
"NLD","","ALL","1987","10.2"
"NLD","","ALL","1988","10.17"
"NLD","","ALL","1989","10.03"
"NLD","","ALL","1990","9.91"
"NLD","","ALL","1991","10.03"
"NLD","","ALL","1992","10.03"
"NLD","","ALL","1993","9.67"
"NLD","","ALL","1994","9.68"
"NLD","","ALL","1995","9.8"
"NLD","","ALL","1996","9.8"
"NLD","","ALL","1997","10.05"
"NLD","","ALL","1998","9.93"
"NLD","","ALL","1999","10.06"
"NLD","","ALL","2000","10.13"
"NLD","","ALL","2001","9.82"
"NLD","","ALL","2002","9.72"
"NLD","","ALL","2003","9.48"
"NLD","","ALL","2004","9.57"
"NLD","","ALL","2005","9.5"
"NLD","","ALL","2006","9.58"
"NLD","","ALL","2007","9.45"
"NLD","","ALL","2008","9.51"
"NLD","","ALL","2009","9.12"
"NLD","","ALL","2010","9.34"
"NLD","","ALL","2011","8.95"
"NLD","","ALL","2012","9"
"NLD","","ALL","2013","8.59"
"NLD","","ALL","2014","8.38"
"NLD","","ALL","2015","8.3"
"NLD","","ALL","2016","8.29"
"NLD","","ALL","2017","8.31"
"NLD","","ALL","2018","8.33"
"NLD","","ALL","2019","8.23"
"NOR","","ALL","1961","3.74"
"NOR","","ALL","1962","3.64"
"NOR","","ALL","1963","3.74"
"NOR","","ALL","1964","3.7"
"NOR","","ALL","1965","3.84"
"NOR","","ALL","1966","3.96"
"NOR","","ALL","1967","4.15"
"NOR","","ALL","1968","4.39"
"NOR","","ALL","1969","4.58"
"NOR","","ALL","1970","4.84"
"NOR","","ALL","1971","5.07"
"NOR","","ALL","1972","5.3"
"NOR","","ALL","1973","5.4"
"NOR","","ALL","1974","5.74"
"NOR","","ALL","1975","5.87"
"NOR","","ALL","1976","5.84"
"NOR","","ALL","1977","5.93"
"NOR","","ALL","1978","5.41"
"NOR","","ALL","1979","5.83"
"NOR","","ALL","1980","5.98"
"NOR","","ALL","1981","5.32"
"NOR","","ALL","1982","4.83"
"NOR","","ALL","1983","4.85"
"NOR","","ALL","1984","4.98"
"NOR","","ALL","1985","5.22"
"NOR","","ALL","1986","5.27"
"NOR","","ALL","1987","5.38"
"NOR","","ALL","1988","5.26"
"NOR","","ALL","1989","5.08"
"NOR","","ALL","1990","4.99"
"NOR","","ALL","1991","4.9"
"NOR","","ALL","1992","4.67"
"NOR","","ALL","1993","4.55"
"NOR","","ALL","1994","4.74"
"NOR","","ALL","1995","4.79"
"NOR","","ALL","1996","5.04"
"NOR","","ALL","1997","5.28"
"NOR","","ALL","1998","5.24"
"NOR","","ALL","1999","5.45"
"NOR","","ALL","2000","5.67"
"NOR","","ALL","2001","5.49"
"NOR","","ALL","2002","5.89"
"NOR","","ALL","2003","6.04"
"NOR","","ALL","2004","6.22"
"NOR","","ALL","2005","6.37"
"NOR","","ALL","2006","6.47"
"NOR","","ALL","2007","6.6"
"NOR","","ALL","2008","6.75"
"NOR","","ALL","2009","6.68"
"NOR","","ALL","2010","6.59"
"NOR","","ALL","2011","6.44"
"NOR","","ALL","2012","6.21"
"NOR","","ALL","2013","6.21"
"NOR","","ALL","2014","6.06"
"NOR","","ALL","2015","5.97"
"NOR","","ALL","2016","6.03"
"NOR","","ALL","2017","6"
"NOR","","ALL","2018","6.02"
"NOR","","ALL","2019","6.05"
"","NORDIC","ALL","1970","7.25"
"","NORDIC","ALL","1971","7.34"
"","NORDIC","ALL","1972","7.73"
"","NORDIC","ALL","1973","8.01"
"","NORDIC","ALL","1974","8.44"
"","NORDIC","ALL","1975","8.63"
"","NORDIC","ALL","1976","8.76"
"","NORDIC","ALL","1977","8.56"
"","NORDIC","ALL","1978","8.16"
"","NORDIC","ALL","1979","8.35"
"","NORDIC","ALL","1980","8.26"
"","NORDIC","ALL","1981","8.1"
"","NORDIC","ALL","1982","8.12"
"","NORDIC","ALL","1983","8.09"
"","NORDIC","ALL","1984","7.99"
"","NORDIC","ALL","1985","8.01"
"","NORDIC","ALL","1986","8.25"
"","NORDIC","ALL","1987","8.15"
"","NORDIC","ALL","1988","8.31"
"","NORDIC","ALL","1989","8.36"
"","NORDIC","ALL","1990","8.38"
"","NORDIC","ALL","1991","8.3"
"","NORDIC","ALL","1992","8.23"
"","NORDIC","ALL","1993","8.09"
"","NORDIC","ALL","1994","8.2"
"","NORDIC","ALL","1995","8.11"
"","NORDIC","ALL","1996","8.01"
"","NORDIC","ALL","1997","8.19"
"","NORDIC","ALL","1998","7.96"
"","NORDIC","ALL","1999","8.02"
"","NORDIC","ALL","2000","7.89"
"","NORDIC","ALL","2001","7.95"
"","NORDIC","ALL","2002","8.18"
"","NORDIC","ALL","2003","8.26"
"","NORDIC","ALL","2004","8.23"
"","NORDIC","ALL","2005","8.28"
"","NORDIC","ALL","2006","8.39"
"","NORDIC","ALL","2007","8.53"
"","NORDIC","ALL","2008","8.46"
"","NORDIC","ALL","2009","8.35"
"","NORDIC","ALL","2010","8.34"
"","NORDIC","ALL","2011","8.34"
"","NORDIC","ALL","2012","7.89"
"","NORDIC","ALL","2013","7.92"
"","NORDIC","ALL","2014","7.8"
"","NORDIC","ALL","2015","7.69"
"","NORDIC","ALL","2016","7.71"
"","NORDIC","ALL","2017","7.6"
"","NORDIC","ALL","2018","7.67"
"","NORDIC","ALL","2019","7.57"
"POL","","ALL","1961","6.27"
"POL","","ALL","1962","6.06"
"POL","","ALL","1963","6.22"
"POL","","ALL","1964","6.16"
"POL","","ALL","1965","6.29"
"POL","","ALL","1966","6.57"
"POL","","ALL","1967","6.94"
"POL","","ALL","1968","7.41"
"POL","","ALL","1969","7.64"
"POL","","ALL","1970","7.62"
"POL","","ALL","1971","8.03"
"POL","","ALL","1972","8.7"
"POL","","ALL","1973","8.67"
"POL","","ALL","1974","9.01"
"POL","","ALL","1975","8.62"
"POL","","ALL","1976","9.45"
"POL","","ALL","1977","10.47"
"POL","","ALL","1978","10.99"
"POL","","ALL","1979","10.62"
"POL","","ALL","1980","10.66"
"POL","","ALL","1981","11.21"
"POL","","ALL","1982","8.54"
"POL","","ALL","1983","8.25"
"POL","","ALL","1984","8.31"
"POL","","ALL","1985","8.5"
"POL","","ALL","1986","9.18"
"POL","","ALL","1987","9.41"
"POL","","ALL","1988","9.52"
"POL","","ALL","1989","9.33"
"POL","","ALL","1990","8.16"
"POL","","ALL","1991","8.63"
"POL","","ALL","1992","8.27"
"POL","","ALL","1993","8.39"
"POL","","ALL","1994","8.31"
"POL","","ALL","1995","8.01"
"POL","","ALL","1996","7.91"
"POL","","ALL","1997","8.51"
"POL","","ALL","1998","8.32"
"POL","","ALL","1999","8.22"
"POL","","ALL","2000","8.4"
"POL","","ALL","2001","7.74"
"POL","","ALL","2002","8.02"
"POL","","ALL","2003","9.06"
"POL","","ALL","2004","9.19"
"POL","","ALL","2005","9.07"
"POL","","ALL","2006","9.74"
"POL","","ALL","2007","10.39"
"POL","","ALL","2008","10.8"
"POL","","ALL","2009","10.17"
"POL","","ALL","2010","10.07"
"POL","","ALL","2011","10.24"
"POL","","ALL","2012","10.21"
"POL","","ALL","2013","10.8"
"POL","","ALL","2014","10.45"
"POL","","ALL","2015","10.47"
"POL","","ALL","2016","10.43"
"POL","","ALL","2017","10.53"
"POL","","ALL","2018","10.62"
"POL","","ALL","2019","10.96"
"PRT","","ALL","1961","15.02"
"PRT","","ALL","1962","15.17"
"PRT","","ALL","1963","18.49"
"PRT","","ALL","1964","19.37"
"PRT","","ALL","1965","19.53"
"PRT","","ALL","1966","16.9"
"PRT","","ALL","1967","17.03"
"PRT","","ALL","1968","18.32"
"PRT","","ALL","1969","13.99"
"PRT","","ALL","1970","19.89"
"PRT","","ALL","1971","15.95"
"PRT","","ALL","1972","16.18"
"PRT","","ALL","1973","19.06"
"PRT","","ALL","1974","18.34"
"PRT","","ALL","1975","19.55"
"PRT","","ALL","1976","16.87"
"PRT","","ALL","1977","13.74"
"PRT","","ALL","1978","14.02"
"PRT","","ALL","1979","14.19"
"PRT","","ALL","1980","14.91"
"PRT","","ALL","1981","15.38"
"PRT","","ALL","1982","16.99"
"PRT","","ALL","1983","15.88"
"PRT","","ALL","1984","16.37"
"PRT","","ALL","1985","13.93"
"PRT","","ALL","1986","13.49"
"PRT","","ALL","1987","12.35"
"PRT","","ALL","1988","12.92"
"PRT","","ALL","1989","14.64"
"PRT","","ALL","1990","15.21"
"PRT","","ALL","1991","14.78"
"PRT","","ALL","1992","14.36"
"PRT","","ALL","1993","14.17"
"PRT","","ALL","1994","14.05"
"PRT","","ALL","1995","13.59"
"PRT","","ALL","1996","12.84"
"PRT","","ALL","1997","12.58"
"PRT","","ALL","1998","12.48"
"PRT","","ALL","1999","13.18"
"PRT","","ALL","2000","12.77"
"PRT","","ALL","2001","12.63"
"PRT","","ALL","2002","12.5"
"PRT","","ALL","2003","12.22"
"PRT","","ALL","2004","12.26"
"PRT","","ALL","2005","11.97"
"PRT","","ALL","2006","11.81"
"PRT","","ALL","2007","11.54"
"PRT","","ALL","2008","11.47"
"PRT","","ALL","2009","11.5"
"PRT","","ALL","2010","11.26"
"PRT","","ALL","2011","10.86"
"PRT","","ALL","2012","9.76"
"PRT","","ALL","2013","9.52"
"PRT","","ALL","2014","10.2"
"PRT","","ALL","2015","10.34"
"PRT","","ALL","2016","10.37"
"PRT","","ALL","2017","10.37"
"PRT","","ALL","2018","10.37"
"PRT","","ALL","2019","10.37"
"ROU","","ALL","1961","5.7"
"ROU","","ALL","1962","6.92"
"ROU","","ALL","1963","7.01"
"ROU","","ALL","1964","7.03"
"ROU","","ALL","1965","7.18"
"ROU","","ALL","1966","7.27"
"ROU","","ALL","1967","7.12"
"ROU","","ALL","1968","7.66"
"ROU","","ALL","1969","8"
"ROU","","ALL","1970","8.55"
"ROU","","ALL","1971","8.82"
"ROU","","ALL","1972","8.97"
"ROU","","ALL","1973","10.21"
"ROU","","ALL","1974","10.34"
"ROU","","ALL","1975","9.68"
"ROU","","ALL","1976","9.44"
"ROU","","ALL","1977","9.61"
"ROU","","ALL","1978","10.47"
"ROU","","ALL","1979","11.41"
"ROU","","ALL","1980","10.91"
"ROU","","ALL","1981","10.48"
"ROU","","ALL","1982","10.28"
"ROU","","ALL","1983","10.21"
"ROU","","ALL","1984","10.14"
"ROU","","ALL","1985","10.09"
"ROU","","ALL","1986","10.31"
"ROU","","ALL","1987","10.29"
"ROU","","ALL","1988","10.4"
"ROU","","ALL","1989","8.67"
"ROU","","ALL","1990","8.92"
"ROU","","ALL","1991","8.91"
"ROU","","ALL","1992","8.81"
"ROU","","ALL","1993","9.01"
"ROU","","ALL","1994","7.84"
"ROU","","ALL","1995","8.2"
"ROU","","ALL","1996","8.05"
"ROU","","ALL","1997","8.74"
"ROU","","ALL","1998","7.28"
"ROU","","ALL","1999","7.66"
"ROU","","ALL","2000","9"
"ROU","","ALL","2001","12.07"
"ROU","","ALL","2002","13.15"
"ROU","","ALL","2003","11.55"
"ROU","","ALL","2004","11.77"
"ROU","","ALL","2005","9.63"
"ROU","","ALL","2006","9.89"
"ROU","","ALL","2007","11.06"
"ROU","","ALL","2008","12.38"
"ROU","","ALL","2009","11.01"
"ROU","","ALL","2010","10.01"
"ROU","","ALL","2011","9.58"
"ROU","","ALL","2012","9.66"
"ROU","","ALL","2013","9.65"
"ROU","","ALL","2014","9.48"
"ROU","","ALL","2015","9.45"
"ROU","","ALL","2016","9.57"
"ROU","","ALL","2017","10.14"
"ROU","","ALL","2018","10.96"
"ROU","","ALL","2019","10.96"
"RUS","","ALL","1963","6.19"
"RUS","","ALL","1964","6.39"
"RUS","","ALL","1965","6.71"
"RUS","","ALL","1966","6.95"
"RUS","","ALL","1967","7.45"
"RUS","","ALL","1968","7.83"
"RUS","","ALL","1969","8.45"
"RUS","","ALL","1970","8.63"
"RUS","","ALL","1971","8.5"
"RUS","","ALL","1972","8.16"
"RUS","","ALL","1973","8.05"
"RUS","","ALL","1974","7.54"
"RUS","","ALL","1975","7.68"
"RUS","","ALL","1976","7.68"
"RUS","","ALL","1977","7.67"
"RUS","","ALL","1978","7.77"
"RUS","","ALL","1979","7.72"
"RUS","","ALL","1980","7.91"
"RUS","","ALL","1981","7.66"
"RUS","","ALL","1982","7.68"
"RUS","","ALL","1983","8.46"
"RUS","","ALL","1984","8.98"
"RUS","","ALL","1985","7.61"
"RUS","","ALL","1986","5.29"
"RUS","","ALL","1987","4.59"
"RUS","","ALL","1988","5.19"
"RUS","","ALL","1989","5.35"
"RUS","","ALL","1990","7.37"
"RUS","","ALL","1991","8.05"
"RUS","","ALL","1992","7.07"
"RUS","","ALL","1993","8.36"
"RUS","","ALL","1994","8.66"
"RUS","","ALL","1995","11.22"
"RUS","","ALL","1996","9.21"
"RUS","","ALL","1997","9.25"
"RUS","","ALL","1998","9.87"
"RUS","","ALL","1999","10.7"
"RUS","","ALL","2000","10.21"
"RUS","","ALL","2001","10.47"
"RUS","","ALL","2002","10.87"
"RUS","","ALL","2003","11.32"
"RUS","","ALL","2004","11.5"
"RUS","","ALL","2005","11.59"
"RUS","","ALL","2006","11.83"
"RUS","","ALL","2007","12.24"
"RUS","","ALL","2008","12.09"
"RUS","","ALL","2009","11.25"
"RUS","","ALL","2010","10.82"
"RUS","","ALL","2011","10.75"
"RUS","","ALL","2012","10.56"
"RUS","","ALL","2013","9.77"
"RUS","","ALL","2014","8.86"
"RUS","","ALL","2015","8.06"
"RUS","","ALL","2016","7.73"
"RUS","","ALL","2017","7.15"
"RUS","","ALL","2018","7.28"
"RUS","","ALL","2019","7.29"
"","SEEHN","ALL","1990","8.43"
"","SEEHN","ALL","1991","8.19"
"","SEEHN","ALL","1992","7.94"
"","SEEHN","ALL","1993","7.94"
"","SEEHN","ALL","1994","7.88"
"","SEEHN","ALL","1995","7.9"
"","SEEHN","ALL","1996","7.89"
"","SEEHN","ALL","1997","7.89"
"","SEEHN","ALL","1998","7.18"
"","SEEHN","ALL","1999","7.12"
"","SEEHN","ALL","2000","7.37"
"","SEEHN","ALL","2001","8.72"
"","SEEHN","ALL","2002","8.91"
"","SEEHN","ALL","2003","8.39"
"","SEEHN","ALL","2004","8.51"
"","SEEHN","ALL","2005","8.19"
"","SEEHN","ALL","2006","7.92"
"","SEEHN","ALL","2007","8.53"
"","SEEHN","ALL","2008","9.08"
"","SEEHN","ALL","2009","8.42"
"","SEEHN","ALL","2010","7.81"
"","SEEHN","ALL","2011","7.69"
"","SEEHN","ALL","2012","7.86"
"","SEEHN","ALL","2013","7.69"
"","SEEHN","ALL","2014","7.33"
"","SEEHN","ALL","2015","7.36"
"","SEEHN","ALL","2016","7.48"
"","SEEHN","ALL","2017","7.83"
"","SEEHN","ALL","2018","8.27"
"","SEEHN","ALL","2019","8.21"
"","SMALL","ALL","1970","8.64"
"","SMALL","ALL","1971","8.77"
"","SMALL","ALL","1972","8.84"
"","SMALL","ALL","1973","9.11"
"","SMALL","ALL","1974","8.83"
"","SMALL","ALL","1975","9.03"
"","SMALL","ALL","1976","9.23"
"","SMALL","ALL","1977","9.24"
"","SMALL","ALL","1978","9.33"
"","SMALL","ALL","1979","9.43"
"","SMALL","ALL","1980","9.33"
"","SMALL","ALL","1981","9.32"
"","SMALL","ALL","1982","9.27"
"","SMALL","ALL","1983","9.25"
"","SMALL","ALL","1984","9.3"
"","SMALL","ALL","1985","9.32"
"","SMALL","ALL","1986","9.41"
"","SMALL","ALL","1987","9.51"
"","SMALL","ALL","1988","9.98"
"","SMALL","ALL","1989","9.9"
"","SMALL","ALL","1990","9.92"
"","SMALL","ALL","1991","9.69"
"","SMALL","ALL","1992","9.95"
"","SMALL","ALL","1993","9.6"
"","SMALL","ALL","1994","9.63"
"","SMALL","ALL","1995","9.63"
"","SMALL","ALL","1996","9.34"
"","SMALL","ALL","1997","9.15"
"","SMALL","ALL","1998","9.31"
"","SMALL","ALL","1999","9.44"
"","SMALL","ALL","2000","9.55"
"","SMALL","ALL","2001","9.72"
"","SMALL","ALL","2002","10.13"
"","SMALL","ALL","2003","9.84"
"","SMALL","ALL","2004","10.53"
"","SMALL","ALL","2005","10.03"
"","SMALL","ALL","2006","10.43"
"","SMALL","ALL","2007","10.16"
"","SMALL","ALL","2008","10.38"
"","SMALL","ALL","2009","9.91"
"","SMALL","ALL","2010","9.92"
"","SMALL","ALL","2011","9.51"
"","SMALL","ALL","2012","9.58"
"","SMALL","ALL","2013","9.11"
"","SMALL","ALL","2014","9.08"
"","SMALL","ALL","2015","9.19"
"","SMALL","ALL","2016","9.33"
"","SMALL","ALL","2017","9.46"
"","SMALL","ALL","2018","9.47"
"","SMALL","ALL","2019","9.5"
"SRB","","ALL","2000","7.38"
"SRB","","ALL","2001","7.53"
"SRB","","ALL","2002","6.95"
"SRB","","ALL","2003","7.25"
"SRB","","ALL","2004","7.42"
"SRB","","ALL","2005","9.6"
"SRB","","ALL","2006","8.82"
"SRB","","ALL","2007","9.42"
"SRB","","ALL","2008","9.59"
"SRB","","ALL","2009","9.78"
"SRB","","ALL","2010","8.87"
"SRB","","ALL","2011","8.55"
"SRB","","ALL","2012","8.78"
"SRB","","ALL","2013","7.94"
"SRB","","ALL","2014","7.19"
"SRB","","ALL","2015","7.2"
"SRB","","ALL","2016","7.31"
"SRB","","ALL","2017","7.4"
"SRB","","ALL","2018","7.62"
"SRB","","ALL","2019","7.45"
"SVK","","ALL","1961","9.28"
"SVK","","ALL","1962","9.44"
"SVK","","ALL","1963","9.35"
"SVK","","ALL","1964","10.21"
"SVK","","ALL","1965","11.03"
"SVK","","ALL","1966","11.18"
"SVK","","ALL","1967","10.81"
"SVK","","ALL","1968","11.16"
"SVK","","ALL","1969","12.05"
"SVK","","ALL","1970","12.71"
"SVK","","ALL","1971","14.25"
"SVK","","ALL","1972","13.64"
"SVK","","ALL","1973","13.68"
"SVK","","ALL","1974","13.51"
"SVK","","ALL","1975","14.7"
"SVK","","ALL","1976","13.66"
"SVK","","ALL","1977","14.85"
"SVK","","ALL","1978","13.59"
"SVK","","ALL","1979","13.57"
"SVK","","ALL","1980","14.93"
"SVK","","ALL","1981","15.02"
"SVK","","ALL","1982","15.2"
"SVK","","ALL","1983","14.85"
"SVK","","ALL","1984","14.33"
"SVK","","ALL","1985","13.82"
"SVK","","ALL","1986","13.3"
"SVK","","ALL","1987","13.24"
"SVK","","ALL","1988","12.77"
"SVK","","ALL","1989","12.7"
"SVK","","ALL","1990","13.49"
"SVK","","ALL","1991","13.24"
"SVK","","ALL","1992","12.63"
"SVK","","ALL","1993","12.04"
"SVK","","ALL","1994","13.02"
"SVK","","ALL","1995","12.55"
"SVK","","ALL","1996","12.86"
"SVK","","ALL","1997","13.09"
"SVK","","ALL","1998","12.13"
"SVK","","ALL","1999","12.13"
"SVK","","ALL","2000","11.33"
"SVK","","ALL","2001","11.12"
"SVK","","ALL","2002","11.16"
"SVK","","ALL","2003","10.23"
"SVK","","ALL","2004","10.52"
"SVK","","ALL","2005","11.06"
"SVK","","ALL","2006","10.89"
"SVK","","ALL","2007","10.96"
"SVK","","ALL","2008","11.87"
"SVK","","ALL","2009","11.13"
"SVK","","ALL","2010","10.16"
"SVK","","ALL","2011","10.27"
"SVK","","ALL","2012","10.14"
"SVK","","ALL","2013","9.9"
"SVK","","ALL","2014","10.26"
"SVK","","ALL","2015","10.27"
"SVK","","ALL","2016","9.91"
"SVK","","ALL","2017","9.69"
"SVK","","ALL","2018","10.05"
"SVK","","ALL","2019","10.3"
"SVN","","ALL","1981","16.94"
"SVN","","ALL","1982","19.5"
"SVN","","ALL","1983","17.28"
"SVN","","ALL","1984","17.23"
"SVN","","ALL","1985","15.07"
"SVN","","ALL","1986","18.13"
"SVN","","ALL","1987","16.64"
"SVN","","ALL","1988","14.96"
"SVN","","ALL","1989","12.96"
"SVN","","ALL","1990","13.79"
"SVN","","ALL","1991","13.18"
"SVN","","ALL","1992","15.7"
"SVN","","ALL","1993","15.66"
"SVN","","ALL","1994","14.8"
"SVN","","ALL","1995","13.94"
"SVN","","ALL","1996","12.6"
"SVN","","ALL","1997","11.44"
"SVN","","ALL","1998","14.61"
"SVN","","ALL","1999","12.28"
"SVN","","ALL","2000","12.8"
"SVN","","ALL","2001","11.58"
"SVN","","ALL","2002","9.87"
"SVN","","ALL","2003","11.55"
"SVN","","ALL","2004","10.01"
"SVN","","ALL","2005","11.19"
"SVN","","ALL","2006","12.26"
"SVN","","ALL","2007","11.02"
"SVN","","ALL","2008","10.94"
"SVN","","ALL","2009","10.52"
"SVN","","ALL","2010","10.33"
"SVN","","ALL","2011","10.61"
"SVN","","ALL","2012","10.95"
"SVN","","ALL","2013","9.53"
"SVN","","ALL","2014","10.92"
"SVN","","ALL","2015","11.49"
"SVN","","ALL","2016","10.51"
"SVN","","ALL","2017","10.12"
"SVN","","ALL","2018","9.99"
"SVN","","ALL","2019","11.05"
"SWE","","ALL","1961","6.04"
"SWE","","ALL","1962","6.1"
"SWE","","ALL","1963","6.03"
"SWE","","ALL","1964","6.36"
"SWE","","ALL","1965","6.56"
"SWE","","ALL","1966","6.75"
"SWE","","ALL","1967","6.96"
"SWE","","ALL","1968","7.22"
"SWE","","ALL","1969","7.75"
"SWE","","ALL","1970","7.86"
"SWE","","ALL","1971","7.77"
"SWE","","ALL","1972","8.05"
"SWE","","ALL","1973","7.94"
"SWE","","ALL","1974","8.46"
"SWE","","ALL","1975","8.69"
"SWE","","ALL","1976","8.78"
"SWE","","ALL","1977","8.41"
"SWE","","ALL","1978","8.06"
"SWE","","ALL","1979","8.08"
"SWE","","ALL","1980","7.65"
"SWE","","ALL","1981","7.14"
"SWE","","ALL","1982","7.29"
"SWE","","ALL","1983","6.96"
"SWE","","ALL","1984","6.82"
"SWE","","ALL","1985","6.9"
"SWE","","ALL","1986","7.21"
"SWE","","ALL","1987","7.07"
"SWE","","ALL","1988","7.31"
"SWE","","ALL","1989","7.47"
"SWE","","ALL","1990","7.41"
"SWE","","ALL","1991","7.47"
"SWE","","ALL","1992","7.5"
"SWE","","ALL","1993","7.51"
"SWE","","ALL","1994","7.71"
"SWE","","ALL","1995","7.33"
"SWE","","ALL","1996","6.9"
"SWE","","ALL","1997","7.11"
"SWE","","ALL","1998","6.8"
"SWE","","ALL","1999","6.88"
"SWE","","ALL","2000","6.2"
"SWE","","ALL","2001","6.5"
"SWE","","ALL","2002","6.88"
"SWE","","ALL","2003","6.88"
"SWE","","ALL","2004","6.51"
"SWE","","ALL","2005","6.53"
"SWE","","ALL","2006","6.81"
"SWE","","ALL","2007","6.98"
"SWE","","ALL","2008","7.02"
"SWE","","ALL","2009","7.31"
"SWE","","ALL","2010","7.38"
"SWE","","ALL","2011","7.31"
"SWE","","ALL","2012","7.23"
"SWE","","ALL","2013","7.32"
"SWE","","ALL","2014","7.2"
"SWE","","ALL","2015","7.13"
"SWE","","ALL","2016","7.15"
"SWE","","ALL","2017","7.04"
"SWE","","ALL","2018","7.2"
"SWE","","ALL","2019","7.1"
"TJK","","ALL","1992","2.4"
"TJK","","ALL","1993","1.17"
"TJK","","ALL","1994","1.28"
"TJK","","ALL","1995","1.75"
"TJK","","ALL","1996","1.82"
"TJK","","ALL","1997","0.8"
"TJK","","ALL","1998","0.45"
"TJK","","ALL","1999","0.33"
"TJK","","ALL","2000","0.81"
"TJK","","ALL","2001","0.8"
"TJK","","ALL","2002","0.8"
"TJK","","ALL","2003","0.74"
"TJK","","ALL","2004","0.7"
"TJK","","ALL","2005","0.65"
"TJK","","ALL","2006","0.56"
"TJK","","ALL","2007","0.54"
"TJK","","ALL","2008","0.56"
"TJK","","ALL","2009","0.66"
"TJK","","ALL","2010","0.68"
"TJK","","ALL","2011","0.71"
"TJK","","ALL","2012","0.77"
"TJK","","ALL","2013","0.8"
"TJK","","ALL","2014","0.83"
"TJK","","ALL","2015","0.92"
"TJK","","ALL","2016","0.88"
"TJK","","ALL","2017","0.89"
"TJK","","ALL","2018","0.86"
"TJK","","ALL","2019","0.85"
"TKM","","ALL","1992","0.42"
"TKM","","ALL","1993","0.55"
"TKM","","ALL","1994","1.67"
"TKM","","ALL","1995","2"
"TKM","","ALL","1996","1.71"
"TKM","","ALL","1997","1.73"
"TKM","","ALL","1998","1.62"
"TKM","","ALL","1999","1.63"
"TKM","","ALL","2000","2.89"
"TKM","","ALL","2001","2.36"
"TKM","","ALL","2002","2.41"
"TKM","","ALL","2003","2.57"
"TKM","","ALL","2004","2.58"
"TKM","","ALL","2005","2.63"
"TKM","","ALL","2006","2.54"
"TKM","","ALL","2007","2.23"
"TKM","","ALL","2008","2.12"
"TKM","","ALL","2009","2"
"TKM","","ALL","2010","2.9"
"TKM","","ALL","2011","2.88"
"TKM","","ALL","2012","3"
"TKM","","ALL","2013","3.18"
"TKM","","ALL","2014","3.24"
"TKM","","ALL","2015","3.36"
"TKM","","ALL","2016","3.32"
"TKM","","ALL","2017","3.17"
"TKM","","ALL","2018","2.95"
"TKM","","ALL","2019","2.88"
"TUR","","ALL","1961","0.75"
"TUR","","ALL","1962","0.81"
"TUR","","ALL","1963","0.31"
"TUR","","ALL","1964","0.33"
"TUR","","ALL","1965","0.35"
"TUR","","ALL","1966","0.35"
"TUR","","ALL","1967","0.33"
"TUR","","ALL","1968","0.35"
"TUR","","ALL","1969","0.35"
"TUR","","ALL","1970","0.39"
"TUR","","ALL","1971","0.55"
"TUR","","ALL","1972","0.41"
"TUR","","ALL","1973","0.69"
"TUR","","ALL","1974","0.59"
"TUR","","ALL","1975","0.77"
"TUR","","ALL","1976","0.77"
"TUR","","ALL","1977","0.85"
"TUR","","ALL","1978","0.91"
"TUR","","ALL","1979","0.81"
"TUR","","ALL","1980","1.15"
"TUR","","ALL","1981","1.54"
"TUR","","ALL","1982","1.26"
"TUR","","ALL","1983","1.26"
"TUR","","ALL","1984","1"
"TUR","","ALL","1985","0.98"
"TUR","","ALL","1986","0.85"
"TUR","","ALL","1987","0.89"
"TUR","","ALL","1988","0.71"
"TUR","","ALL","1989","0.72"
"TUR","","ALL","1990","1.02"
"TUR","","ALL","1991","1.21"
"TUR","","ALL","1992","1.31"
"TUR","","ALL","1993","1.4"
"TUR","","ALL","1994","1.45"
"TUR","","ALL","1995","1.49"
"TUR","","ALL","1996","1.38"
"TUR","","ALL","1997","1.64"
"TUR","","ALL","1998","1.54"
"TUR","","ALL","1999","1.46"
"TUR","","ALL","2000","1.66"
"TUR","","ALL","2001","1.6"
"TUR","","ALL","2002","1.59"
"TUR","","ALL","2003","1.53"
"TUR","","ALL","2004","1.48"
"TUR","","ALL","2005","1.39"
"TUR","","ALL","2006","1.39"
"TUR","","ALL","2007","1.37"
"TUR","","ALL","2008","1.51"
"TUR","","ALL","2009","1.52"
"TUR","","ALL","2010","1.42"
"TUR","","ALL","2011","1.47"
"TUR","","ALL","2012","1.47"
"TUR","","ALL","2013","1.33"
"TUR","","ALL","2014","1.39"
"TUR","","ALL","2015","1.32"
"TUR","","ALL","2016","1.22"
"TUR","","ALL","2017","1.29"
"TUR","","ALL","2018","1.18"
"TUR","","ALL","2019","1.18"
"UKR","","ALL","1975","7.48"
"UKR","","ALL","1980","7.67"
"UKR","","ALL","1981","7.48"
"UKR","","ALL","1982","6.96"
"UKR","","ALL","1983","6.99"
"UKR","","ALL","1984","7.08"
"UKR","","ALL","1985","6.62"
"UKR","","ALL","1986","4.39"
"UKR","","ALL","1987","4.01"
"UKR","","ALL","1988","4.43"
"UKR","","ALL","1989","5.32"
"UKR","","ALL","1990","5.67"
"UKR","","ALL","1991","5.86"
"UKR","","ALL","1992","5.54"
"UKR","","ALL","1993","5.47"
"UKR","","ALL","1994","4.21"
"UKR","","ALL","1995","3.72"
"UKR","","ALL","1996","3.26"
"UKR","","ALL","1997","3.98"
"UKR","","ALL","1998","3.74"
"UKR","","ALL","1999","3.93"
"UKR","","ALL","2000","6.95"
"UKR","","ALL","2001","7.31"
"UKR","","ALL","2002","7.13"
"UKR","","ALL","2003","6.81"
"UKR","","ALL","2004","6.51"
"UKR","","ALL","2005","6.82"
"UKR","","ALL","2006","7.42"
"UKR","","ALL","2007","8.12"
"UKR","","ALL","2008","9.41"
"UKR","","ALL","2009","8.97"
"UKR","","ALL","2010","7.77"
"UKR","","ALL","2011","8.74"
"UKR","","ALL","2012","8.54"
"UKR","","ALL","2013","8.73"
"UKR","","ALL","2014","7.58"
"UKR","","ALL","2015","6.04"
"UKR","","ALL","2016","5.72"
"UKR","","ALL","2017","5.13"
"UKR","","ALL","2018","5.44"
"UKR","","ALL","2019","5.69"
"UZB","","ALL","1992","1.32"
"UZB","","ALL","1993","1.1"
"UZB","","ALL","1994","1.84"
"UZB","","ALL","1995","1.9"
"UZB","","ALL","1996","1.64"
"UZB","","ALL","1997","1.67"
"UZB","","ALL","1998","1.73"
"UZB","","ALL","1999","1.71"
"UZB","","ALL","2000","3.03"
"UZB","","ALL","2001","2.92"
"UZB","","ALL","2002","2.73"
"UZB","","ALL","2003","2.92"
"UZB","","ALL","2004","2.82"
"UZB","","ALL","2005","1.76"
"UZB","","ALL","2006","1.81"
"UZB","","ALL","2007","1.75"
"UZB","","ALL","2008","1.72"
"UZB","","ALL","2009","1.7"
"UZB","","ALL","2010","1.74"
"UZB","","ALL","2011","1.73"
"UZB","","ALL","2012","1.95"
"UZB","","ALL","2013","1.95"
"UZB","","ALL","2014","2.5"
"UZB","","ALL","2015","2.59"
"UZB","","ALL","2016","2.4"
"UZB","","ALL","2017","2.79"
"UZB","","ALL","2018","2.44"
"UZB","","ALL","2019","2.45"
"","WHO_EURO","ALL","1970","11.04"
"","WHO_EURO","ALL","1971","11.12"
"","WHO_EURO","ALL","1972","11.17"
"","WHO_EURO","ALL","1973","11.52"
"","WHO_EURO","ALL","1974","11.37"
"","WHO_EURO","ALL","1975","11.42"
"","WHO_EURO","ALL","1976","11.39"
"","WHO_EURO","ALL","1977","11.21"
"","WHO_EURO","ALL","1978","11.27"
"","WHO_EURO","ALL","1979","11.24"
"","WHO_EURO","ALL","1980","11.25"
"","WHO_EURO","ALL","1981","10.92"
"","WHO_EURO","ALL","1982","10.6"
"","WHO_EURO","ALL","1983","10.66"
"","WHO_EURO","ALL","1984","10.49"
"","WHO_EURO","ALL","1985","10.05"
"","WHO_EURO","ALL","1986","9.25"
"","WHO_EURO","ALL","1987","8.93"
"","WHO_EURO","ALL","1988","8.96"
"","WHO_EURO","ALL","1989","9.01"
"","WHO_EURO","ALL","1990","9.38"
"","WHO_EURO","ALL","1991","9.34"
"","WHO_EURO","ALL","1992","8.97"
"","WHO_EURO","ALL","1993","9.02"
"","WHO_EURO","ALL","1994","8.9"
"","WHO_EURO","ALL","1995","9.15"
"","WHO_EURO","ALL","1996","8.64"
"","WHO_EURO","ALL","1997","8.75"
"","WHO_EURO","ALL","1998","8.74"
"","WHO_EURO","ALL","1999","8.85"
"","WHO_EURO","ALL","2000","9.27"
"","WHO_EURO","ALL","2001","9.35"
"","WHO_EURO","ALL","2002","9.3"
"","WHO_EURO","ALL","2003","9.33"
"","WHO_EURO","ALL","2004","9.36"
"","WHO_EURO","ALL","2005","9.28"
"","WHO_EURO","ALL","2006","9.35"
"","WHO_EURO","ALL","2007","9.44"
"","WHO_EURO","ALL","2008","9.34"
"","WHO_EURO","ALL","2009","8.92"
"","WHO_EURO","ALL","2010","8.66"
"","WHO_EURO","ALL","2011","8.62"
"","WHO_EURO","ALL","2012","8.55"
"","WHO_EURO","ALL","2013","8.31"
"","WHO_EURO","ALL","2014","8.08"
"","WHO_EURO","ALL","2015","7.92"
"","WHO_EURO","ALL","2016","7.84"
"","WHO_EURO","ALL","2017","7.74"
"","WHO_EURO","ALL","2018","7.77"
"","WHO_EURO","ALL","2019","7.76"

"Last update","2022.09.01 08:16:27 GMT"
"Description","Pure alcohol consumption, litres per capita, age 15+"
"Reference link","https://dw.euro.who.int/api/v3/measures/HFA_426?lang=En"

"Copyright"
"© WHO Regional Office for Europe 2022. All rights reserved.","https://www.who.int/about/policies/publishing/copyright"
